Distance Metric,Group,Ensemble/Model,0,1,2,3,4,5,6,7,8,9,10,11,12,13,14,15,16,17,18,19,20,21,22,23,24,25,26,27,28,29,30,31,32,33,34,35,36,37,38,39,40,41,42,43,44,45,46,47,48,49,50,51,52,53,54,55,56,57,58,59,60,61,62,63,64,65,66,67,68,69,70,71,72,73,74,75,76,77,78,79,80,81,82,83,84,85,86,87,88,89,90,91,92,93,94,95,96,97,98,99,Training Set Size
Euclidean Distance,Primary,MNIST_256,138.57819090489747,123.49616609488662,136.68250495671788,102.20598288838339,128.5340088200631,123.45711725046245,77.80462429769291,134.59695308749377,98.74757011504754,100.76183636963671,67.17766959426268,81.63434467003141,129.0284557276162,138.0346257047133,116.62790383188965,59.738468296487746,133.98789683046826,102.63472069986233,104.16622166397823,112.1060080040728,87.62431186696041,89.0584021519992,129.80579862888604,105.30702275186898,87.67857059968652,56.65965522025137,110.2885188534838,92.92381488602626,129.88730565846586,108.02040868113953,88.90858937729973,80.58614418359663,86.99357722439245,98.92685122242582,116.44189654454118,123.3313416493696,72.18509915008474,115.92631965315242,42.8049963771877,104.36741901788021,146.5049345345194,116.27975464231285,76.72106181204356,127.73823169274529,96.70968294356894,130.8135098905101,132.87849999935383,125.41874354844799,99.77708529995412,129.87036467080029,125.14115978331286,119.82048713691451,112.54557509744875,122.46548803407164,112.17034939950473,136.49863841820078,136.83781496298434,110.68464328153165,103.6982764340876,106.72224273239416,124.45863091207467,111.2255920109219,101.12041840614172,117.99075475303987,123.50406836526417,111.61423042530942,76.26156064698779,64.25284507439684,27.757170690483036,119.08634243274201,115.28712112400116,97.06059396342819,105.57046700311787,54.51239494451294,60.495784624585035,129.54608086634363,126.43824214314357,126.88694045530026,151.25730443868213,132.5502782742074,129.5914330267713,119.34498982086875,111.38190631910925,147.55877761200972,145.56497400905872,120.28468605635024,114.35557823437743,137.15232003821123,33.524827067798135,114.01723420302831,35.426106052662156,119.41167018261643,107.28434787461796,124.90672135727924,111.25425425916421,123.84052272326215,93.64935695137636,111.87102778358187,75.1916817750106,127.68957590757783,256
Euclidean Distance,Primary,MNIST_512,136.66224712981358,123.21592621546071,131.51977200187886,84.69204097693112,100.37638264949834,109.26109816666222,64.90580650421403,141.92428704433033,119.62381574890603,85.82388263452759,102.49588256654842,108.88097649685385,52.25433109500234,122.34598931998437,115.26363895935081,67.13367852722779,143.53498910795767,106.3921841918924,96.99377484944144,87.51983803818966,88.24812871932326,103.90532781102846,116.43487964559388,127.15759982298081,85.53134005657076,67.53533322309003,117.16911685125909,94.27551277005499,76.0301813774632,49.45181667387733,98.10801479442438,116.08184109140223,113.02465354271244,70.82674115858062,105.97113721880766,131.3395130215776,111.92433507238292,107.41153081984994,67.1555551302546,111.94123641655163,144.78430105405118,106.39760213646564,47.015697361766904,60.99845095049074,123.3205850472169,139.4523035820449,112.60673179863153,95.33503147484824,77.99066462128879,87.01235502741335,113.93531752398076,119.3861794141243,125.92995965518024,107.8128947967351,122.39479046464038,130.19275880190577,129.34578870562035,108.2740609886597,116.52171211825421,115.77722046139675,97.1726132711046,89.35788234190959,128.09005451303273,121.52243531585452,133.99248226160708,70.28260112769173,47.9399293298415,106.31351167233932,26.74063709899141,118.08630879501321,148.8046405738749,131.40419799398245,99.4083875644959,49.08800499940924,82.35690686586624,135.2181006110669,134.19480945517006,89.15132650867969,125.8059944404448,95.24931562734994,135.75739752808727,98.46327999169065,106.13114497945408,126.74093345630102,154.02333693180577,118.50911990370899,107.14088466666836,108.58518315215306,123.1871978947236,71.87383162710283,40.55007097117989,112.5197671809816,119.50920639943364,122.9520723147441,122.3442714351197,108.79722960970047,120.93094112794566,93.55158948082737,90.23382522716284,119.97061705958899,512
Euclidean Distance,Primary,MNIST_1024,119.03007509617412,117.7087837742503,119.25211832218409,74.92005774890602,130.06323028310854,102.6357976815275,45.11386006432186,130.85199051147904,79.20976161551229,116.00296374711527,106.88472160434594,42.15495865526522,69.87061269364347,112.25124856213242,70.98887645355946,114.07942163512989,102.5959493599163,110.91905527856736,81.90220256393263,73.31777992836511,64.73698467276188,113.34752339578044,43.95527886808162,105.83849007825609,94.75523872576767,87.84329593646135,102.25122933281939,88.6514352275554,81.80857123155783,36.99398983603723,122.79770053790374,101.47737505927476,97.14593980495562,62.546357715064374,79.20113915494147,100.83061122946941,73.74449592150332,86.06480937955016,49.743873618997426,92.07278133131094,144.1087494382634,81.97515320543641,45.10553492997762,113.04041843997067,97.2989769174011,135.8912471880441,74.79487019301686,107.64427779001682,54.78279332583905,40.643302564961175,122.07844857405817,95.1637517465897,128.30862232581646,66.47829884410109,94.48255753974637,132.08452004389449,117.48185118362547,58.80171228702465,97.32836596308618,101.29570212758487,76.32684687909529,131.90683789089024,111.87052563262141,109.56159587299246,109.08992415439535,95.693857979584,37.88065298357106,95.83178431246974,25.65159389989876,78.00354215052444,123.74181041603758,97.90989641877987,56.02241904419554,17.156104842326076,123.97022303054585,84.51803245463752,110.40145656883784,79.21519938183397,111.63057676052183,126.0378560391814,86.21470804849285,123.08457409580713,105.97316564439788,113.05438616537045,71.77081139321758,127.86947809640719,43.25655562836903,114.05160511482096,104.43427777536384,110.30074226502097,29.571184427845814,99.09813095068436,121.3520211372778,91.21486302263791,131.88739936292137,115.81110243672791,69.92494410611386,96.50028599306283,92.40864764410523,111.51135555091273,1024
Euclidean Distance,Primary,MNIST_2048,37.70825993377521,75.04377849541072,112.93467601929983,39.27376180371291,77.80664611603366,72.78704600667025,17.666779154601002,121.64024257407502,38.105220178882234,115.24100252263385,63.34928388631905,88.02977894577235,79.67840060659827,104.65984266534642,80.69295037143367,104.95243810129911,78.55447443387831,57.06976719544745,34.824905815267826,56.78683816548335,26.70948556950767,47.40330504523561,120.98231909989869,112.20158847504408,83.83761790323278,65.95507736506448,58.31276921828798,72.7362230436735,20.10346173472956,28.149819705304647,109.40119828462674,89.21551593737358,63.591274398507814,63.95925855102223,64.34644997777373,69.0398898238283,72.68380112630271,38.995322399770174,15.502478782454794,101.64212682504751,120.63496278025944,74.37348625020867,34.54874591239554,86.27470187376723,94.75851592150953,107.8456006816589,108.02541036899555,114.00781226527046,43.52000648686739,72.94894344066783,112.28621412637824,58.072119977743576,58.662656114477905,60.121649122805145,47.400900006425054,119.24268316992729,68.51020645480068,66.70461696052435,77.63275652423069,89.51593435671005,66.2311811063162,118.98617653063194,106.56334498966031,100.78484281232453,114.87805309422285,110.94636964791583,30.856525705351352,83.94562000322561,8.945889562376541,63.33723226326834,128.16862792384362,19.5725246401132,40.275143320335545,8.203825243796619,53.077012942200895,110.33934181648054,105.50171857228308,83.9205785276981,85.83755964095027,133.9331623757796,51.42454645461327,115.65540920999165,55.97316199932544,94.61965135919769,39.60681342822892,100.93599685866835,112.03207288239658,103.80607370934656,88.21464978621034,89.69329936173926,15.981395350106233,104.63377706614958,109.7001631090777,32.996917745255786,60.26192763650561,109.80259529775928,24.64505212143259,58.27754597131247,91.7904799900474,56.631792449196084,2048
Euclidean Distance,Primary,MNIST_4096,76.05292353017184,90.50570693599711,101.0120264784296,25.1469503545863,69.78778421416774,61.701482116864,15.238193758709642,113.62004600781424,72.46525974251689,114.93187574848332,70.69010984659286,71.20866660749691,34.48641642443014,97.97690714300154,58.69746971198569,77.71403230007871,101.60940772562475,58.67301628166185,23.519112389433726,61.47988818381863,9.78300329425081,38.415863316788325,81.86361622697203,81.61283146572598,32.34365238196255,73.77309870450031,77.29803326559635,69.18166818316062,40.416218007598296,113.92068907363303,109.35653988539441,52.50800983152044,68.51326561130972,51.8574104933922,65.76934758219416,110.15106824256057,81.30838923145645,38.026306494723144,10.542149830453942,65.82097662962741,107.84518442494169,26.697638771190825,37.65578515840858,88.64470244033572,88.3449117096998,89.73877045265758,79.32269933086636,105.5463769715154,40.449280683994,22.70783795846163,104.12916820889687,81.11879420764058,34.52832620787897,42.81266409020872,29.13230448841575,83.59694223369046,41.5283700617457,56.78945463627726,78.35876109704436,62.981795277515594,55.150533010122736,98.53494221954593,86.6677473235576,108.77808180070872,83.38471077315762,112.09726000576188,19.36945743460851,92.26486068093112,6.786029674833688,30.527785311120756,129.24344241118203,54.40317050336639,29.857301455683793,11.131784903540495,44.299116827373,86.7333242746422,99.6694994566785,66.12714996326058,91.35200970008506,117.0472395273592,42.06231510668762,65.11283805940646,29.622033819840482,59.540237597602086,29.01621841868468,82.11194969866115,59.278616947209564,96.45768905566813,86.71322502172539,68.37602643236986,23.879456909737414,78.32181996520416,98.88815916947354,43.95109317553632,73.2377264936708,70.40387058463952,31.41097965267782,63.32087271355696,27.087420239738307,48.91782537818905,4096
Euclidean Distance,Primary,MNIST_8192,68.4780754005816,46.63991004761712,102.54143955170996,23.115062565635142,75.73722254278914,57.23346840855294,14.114791210510926,107.805329496081,86.25856036328867,86.38273701000745,68.35460572955714,68.98162049066809,36.79369767531395,111.68862805444923,34.67731307639349,93.00670943799678,120.2804309876854,89.88226669685459,14.382077577332169,50.379775130658395,45.4816129631045,21.943440310734623,78.88149363961948,89.81047893125921,31.16916753622501,64.28554435207117,64.67229309310754,66.3238411730175,31.759419561231717,93.86881013559037,102.60958011559262,58.24030090599621,67.0939227071093,57.02132284226334,27.908892960282095,95.085277444521,84.65075888218286,28.94665729616391,17.19355308056383,67.29948745291726,110.4432936725424,63.31478743678629,37.6270105869251,73.30742636843065,87.29497351665191,78.14611337979431,82.359080650945,105.93481716841853,38.91292669513536,73.90283865528089,87.82271435433253,71.81042185384752,26.46841511680894,58.48229141818497,41.52632511803177,79.48478176784936,70.62673971683444,27.371338705311963,78.78442653751532,63.38070796484382,50.796811503309044,76.18786338629282,91.3063668206803,103.35543947309236,109.4858900084557,105.45225670267912,17.857469330018116,85.3755741500902,8.568890643853448,89.68502708539087,110.76565476740049,32.80232103358389,24.02491715884222,12.955107429513781,49.7747658139391,80.06107928195523,94.55881841323941,41.1566263842774,92.5440434004403,61.99520078522821,27.017560139178585,104.48507430936267,26.348789213169198,63.98525147047481,19.938176433561342,83.07001408769582,71.70763287369405,89.74447250895844,67.4006047989524,63.523120620126186,12.180952526117837,72.13064219987423,76.05079599583942,21.81819824503726,47.234958935745986,74.71701036514978,18.797862630319703,51.982247865058945,62.877030729767746,38.2472760426927,8192
Euclidean Distance,Primary,FASHION_256,87.0660851801811,134.4035456807282,85.10277403357827,124.36533654942333,79.83793925253165,26.30466765295709,59.63378964298313,55.0407370418962,75.08539095263296,35.748549738138735,104.1629048247395,76.54606220232802,38.553323838585754,109.1914247209003,98.83649708579289,65.60484028465216,52.47450446940961,83.30151889496052,100.07951232313238,141.25414015861685,63.18953380840233,88.01689480928722,103.66500232570856,63.19816287622263,100.9329046659119,46.00913245792756,138.8496695715135,103.25639680339381,147.21847783481462,81.59226970534559,68.63208377870059,95.65223891511226,57.090044844100206,118.01193759487133,79.56274070445863,65.89937164470234,90.74733404946448,82.43797120973092,94.02624767618923,82.67706113939815,141.6459896962514,48.06223282133283,55.16725265493075,65.53914440307692,67.51541236590917,83.22196761122666,134.97484811422754,76.2525087152008,64.86499352417881,102.39997173310317,110.17098909974143,78.47191685163125,113.90236056357674,87.74336789533254,79.68957346546821,82.11522689440302,76.03356428919673,87.05925989146873,57.38463566939571,40.67673855095247,55.8426688221042,131.0951372923267,156.04281630623433,56.6106492508615,127.71747171488052,133.36458212906584,176.33299230400667,109.12809423463875,66.6104834771891,86.47642780762756,87.83021358249182,63.99149532123299,72.82919365110035,55.400181324458295,55.34245048213067,70.44947382054741,83.43966326707908,89.80254362463425,102.93054047356104,43.578748238365385,113.49068927750348,68.02631132466641,117.40487672718862,126.08927365463131,162.67377259692356,57.1139961234636,88.88922352907515,70.28605011192006,67.92457950442967,89.97217154052291,150.8943021522753,33.6626476846922,56.855223197596764,37.36726969900952,168.90594173802464,76.87824166991273,135.10469378099978,70.85983026397423,98.76614309333456,142.24973372469537,256
Euclidean Distance,Primary,FASHION_512,51.76315807956633,82.53731781290553,77.0602713930745,30.028188052598303,72.53240261172814,31.526441337333072,85.99190498879273,30.79087277089774,90.35052246747077,29.207045694528492,79.36655825291164,85.44506920011618,42.5551630598667,57.71028056724514,100.83594327979941,60.12571918848455,76.62928711677252,91.6701553697752,76.11164876354613,42.003589873313324,49.931631827457984,99.81932544587693,95.45102834671134,52.61654381509638,98.51121558666483,43.78868367970408,136.6360559928766,116.6827043590731,168.76251156632244,76.81689996574453,36.22835828446991,80.15903836273914,60.45472056906959,18.628110828503306,59.109398680788644,74.8376190971496,35.715457329120376,24.728116810077207,78.0763408252902,51.12552216491698,156.34852052515444,31.751414878487232,37.464990918812155,79.3154776071852,79.99995561701986,44.333451399293516,110.09041369233825,146.81383666218764,77.76911693898978,80.248771417921,103.00713831677754,65.98089849603059,106.87751309516375,89.10629149622703,38.08183712297408,44.65205627282248,61.40254372141094,63.285689110078316,27.55415634297418,26.19454627769369,59.7293040414596,139.57823775712524,162.6017800065943,48.93853580168272,101.59487177676972,129.11027990517104,141.78027543467394,109.83307453960848,80.86923178754824,90.32080966656119,63.769022624006844,72.57697511671724,77.99427217950462,49.71501976052021,112.73776677031009,26.27766382433414,102.55463422892063,51.00781401543868,130.12712238557583,42.920292880605956,119.41739206066572,65.00100375471548,125.5125664910577,132.4267094944407,150.7319620325626,24.98573842272223,95.82444365829795,47.28290444159439,38.44215686609222,86.4430942340032,138.3933464934574,18.88682924456193,64.20338320479289,70.38825765411933,151.99004840596496,41.26382239983373,115.55275898207725,62.048587361023024,47.48057022064955,135.16750229455243,512
Euclidean Distance,Primary,FASHION_1024,45.23527488075819,91.26710654427276,122.7129691705779,102.47082787652194,77.22114470340276,37.4387337093804,74.77485683434328,28.889616911406897,39.22577335074289,20.393620747436657,91.32003721985349,65.7389806635861,42.296485939117325,53.82074146174348,151.34009327466097,55.26700230032362,39.450948413006174,87.92899856946067,131.5726035687174,153.9541986732517,37.41403250720108,103.90904769248544,80.4176130711216,31.382125794200597,100.65613359246277,71.7919744133006,131.0035079565442,120.07643876725358,170.26181540372446,71.37264532508054,28.743652859529274,76.43823849807113,50.774293997082715,48.285997235832234,59.58446652561824,32.59318176580748,33.97882109041269,55.13977640797001,67.75830807127663,100.23016421851575,138.62067551905102,31.799452885828348,34.732364679057156,33.704689613130626,31.705507709103273,42.888029681397285,108.11146318621729,137.7269128819514,29.580864048333364,79.02808207657293,96.21797804454982,66.31109578877144,101.07942703037055,39.87107367478852,43.30759002334913,38.91461484737739,30.85952539661507,38.4037026741212,28.975032129053865,48.67022531119214,106.45357214680696,53.9233024917899,160.17064256059146,70.13085903614424,95.88392211811292,137.26198716507292,144.5050258330493,97.66560658377223,75.29994816498261,67.94792952409043,53.29884803985227,53.9062855207553,31.161803756680044,34.546724094054795,116.89722853517534,19.989275249223862,83.03500887995312,44.74919605467092,121.5577048135764,19.151576775770653,109.56540164869267,41.923675190858084,138.69108236950518,127.80569170993157,51.24142323166262,37.64602625092727,89.97416032261626,42.81056628849896,31.15393782617463,72.65784124309752,105.48160610486731,85.87012677363501,58.111618115132366,50.074890210673736,146.2410806338028,41.31608243959228,120.31493404446765,68.4700938432103,53.45997572928547,124.97636176679376,1024
Euclidean Distance,Primary,FASHION_2048,54.173670996318734,86.33892433870851,124.54289977193693,18.007194558661975,54.85703568461609,30.461435311847048,76.61650869627906,18.69342183779635,77.74293901655177,39.84283098688815,79.62080521288499,31.627462878250753,20.043763583869396,67.95484731429552,120.98294018134978,39.325628712127426,41.801031426018554,84.20071269113234,131.4964219822181,94.49573900245808,38.369391227573864,86.52836078853687,86.64088224717372,22.756237712711755,100.92508168252812,35.71952409117504,80.09830452552306,117.81608550579831,185.545929546317,64.30737470435163,25.128060228324244,85.70301621979807,55.5872457717235,19.803459572110295,45.93801863177909,39.449524550743334,74.09466032217138,54.94065703402936,44.32812595621299,104.62958146273006,116.95505518262041,29.4423628847429,34.85430477182711,75.29735151593714,82.75481525127357,39.8695771327814,130.35842897535616,149.41701367013917,28.257111525978427,61.47538864692305,75.70750974187958,58.77641312876743,92.77237012070535,46.1176168871324,44.769321736585646,37.84651662913493,78.01629414201999,51.713702817211846,29.17043162153753,42.713079626052846,89.02691200097964,169.8177553807024,86.04584657354383,80.69423878508218,95.69733339281024,99.11297744026493,115.55574545884201,92.55782612285466,61.266784566354495,67.07382345419249,36.72004336174059,74.4752511066928,82.87869457176578,40.946945322043675,120.66510505238519,23.026931768452076,102.8912537681556,43.50545401988867,124.4283036369635,26.386392721769724,104.89475681334258,55.782972323056406,124.650505436961,124.85924166251914,31.556795041442154,28.110846844249483,91.17941512918009,46.53796679539705,28.082772641210845,79.39490335317895,39.10357227161849,72.7649910079075,53.900851058058365,30.9827175631614,146.50892531320505,36.67236875312086,124.79721280440506,69.86414419640298,43.75781130651085,92.29670762342259,2048
Euclidean Distance,Primary,FASHION_4096,28.844311001725575,112.04445486792126,123.60178958506681,58.246439040762716,153.8200054363219,30.488181457740293,60.76752758118024,35.295903594418014,56.76590639913212,36.883936185081,71.66778455208285,74.65154573730632,29.007794175598246,110.52368407696017,119.60407328746112,65.1261384526088,76.80143900196236,78.60090357597115,115.18310980269398,138.22576021765792,53.052751122111964,106.31279808939553,84.001728765806,43.69605004200069,103.6601393900916,72.8401352562385,131.2823338845815,114.28404815151175,180.73467583479245,28.61065883838002,46.92912587546101,55.27090718476603,55.17085030227237,31.603273737906097,69.50174977694826,61.80685453156397,42.07855572590837,55.82755143529498,65.45571466389856,118.31462890802877,48.00053762931747,20.44559502365522,52.17647787438473,24.405128026518565,48.54310843845496,49.70226446539992,116.6841579539586,133.77905488891844,38.04194255061652,57.02978672884665,68.87802542607812,26.798100347715113,75.97964913344356,56.41704362661153,55.24687661840888,54.63536576820171,24.191979810120436,61.21293548309611,52.13257270159308,54.59218739285281,96.59070620219056,62.319326015697335,94.79828495612698,30.858801902797058,145.76353507041836,143.597586189527,145.3114406320292,97.91554561708489,74.43529706908991,71.78689343845082,61.58327181642525,65.57934951616002,51.35086240841726,51.236048234211005,120.40559872182612,26.69209528887748,85.36333752405406,93.1935095952828,110.37163144468713,27.666935484340733,110.8135771478757,87.49295974730683,76.68324852327206,103.12698721508721,145.27742651170843,23.857773568757878,96.06506646984444,61.53643302486468,43.33011413682493,85.70448963643202,103.39890196016889,77.20143527820524,63.33384274428533,50.725254991445446,141.82286576481914,50.294416074632,130.84255535922222,74.69553019709173,64.1074855858466,88.36322700525713,4096
Euclidean Distance,Primary,FASHION_8192,30.59503059269894,101.74656101032139,84.33616130546324,61.08842186665387,66.91431123725704,64.07141000368823,72.65624228872348,23.887795258580613,50.88115965016506,46.37851074008217,73.79035684014092,72.90092195145041,25.108231872636097,72.61663182809353,102.93722040278487,55.19048704772561,72.505299674363,62.57040810316997,123.66770350587487,53.71971331357632,45.27436997592873,95.64546648439573,90.55268447979675,36.02471294463576,96.46257181303352,39.91320810471965,121.76641461013664,126.13249828072658,61.828215769131376,49.00051180180096,43.17764855145943,67.39266949232744,43.06042603481787,31.44938429027774,47.86119073779362,57.184396366668274,84.20833745703175,54.14434802312846,62.744991456168286,101.14212982793154,63.56570434302193,79.98712433853056,46.44847490482119,52.64485587911628,86.28600027037726,50.33336911393872,91.23527942352975,114.21543847291603,38.088209815097116,67.67016736321935,82.46960672023903,67.23247012144611,48.15621433793004,46.19233166424722,52.034388974326866,47.333027036146305,38.17655534788826,61.93044313307907,42.54138364107709,49.50356795542596,77.20005436306401,175.2138167436625,84.13449483684822,29.5228226652802,148.72191781039086,117.04988242715102,62.9775600305992,117.99882881190389,53.79382352736376,70.98972878874233,44.70710787548614,60.900974198918846,78.42051905792978,52.03820135727657,100.92586133796671,26.60102261386364,91.51144263002676,80.15983783992617,124.9952585003053,22.180776015665035,111.56110813949378,56.60520487729035,128.98306392369167,97.7253096900695,150.08603732344113,32.59491616879586,96.83598712462015,52.675242619472755,39.385123690066095,88.66990248985076,108.89642424613706,39.62892128498751,44.95737727127278,50.24208996237865,110.10114386549304,46.828183621537086,91.01576677407044,49.68172913401746,58.674509520044225,90.87116711921034,8192
Euclidean Distance,Primary,CIFAR10_500,74.42622375488281,60.08585739135742,92.01655578613281,78.70825958251953,126.00418853759766,84.1832504272461,115.90386199951172,128.5496368408203,62.55611038208008,97.35726928710938,77.98938751220703,99.46656799316406,98.309814453125,123.00450897216797,133.25682067871094,51.52433776855469,93.98370361328125,78.61351776123047,89.67827606201172,98.48861694335938,70.80918884277344,85.10824584960938,94.81082153320312,113.59667205810547,85.1805191040039,117.49669647216797,121.74298858642578,109.93962097167969,81.97818756103516,92.12818908691406,113.68634796142578,94.03450012207031,116.6115493774414,73.80170440673828,119.2196273803711,84.84484100341797,56.51980972290039,96.34188079833984,77.37589263916016,98.74491882324219,85.781494140625,90.91344451904297,63.89323043823242,81.9714126586914,98.12015533447266,91.99211120605469,62.83466720581055,82.47833251953125,62.23390579223633,82.31069946289062,84.89457702636719,87.1142578125,98.52090454101562,89.99130249023438,81.85960388183594,122.52550506591797,98.13134765625,131.20562744140625,97.27499389648438,93.55411529541016,89.67559051513672,103.26815032958984,84.00833129882812,117.63632202148438,83.59095764160156,131.45191955566406,110.6917495727539,64.89373016357422,90.6167221069336,73.10472869873047,142.41773986816406,112.39634704589844,93.51443481445312,103.24807739257812,111.42765045166016,103.75164794921875,85.0975570678711,76.2843017578125,82.6569595336914,83.66696166992188,83.43983459472656,99.92345428466797,112.07099914550781,101.261474609375,126.56000518798828,66.83521270751953,84.89698791503906,72.84226989746094,136.33811950683594,83.2352066040039,75.41157531738281,57.42355728149414,112.40594482421875,116.61032104492188,75.29083251953125,91.47169494628906,112.75655364990234,74.89735412597656,87.30147552490234,85.34191131591797,500
Euclidean Distance,Primary,CIFAR10_50000,18.649742126464844,17.11785125732422,21.50665283203125,26.36775779724121,32.92069625854492,18.300708770751953,23.52216911315918,28.37628936767578,16.616191864013672,18.494386672973633,16.461868286132812,33.48798370361328,19.715410232543945,22.477712631225586,19.989681243896484,19.271366119384766,21.832937240600586,17.82834243774414,20.682464599609375,26.484285354614258,21.491859436035156,19.45326805114746,32.473594665527344,23.727998733520508,21.863449096679688,,,,,,,,,,,,,,,,,,,,,,,,,,,,,,,,,,,,,,,,,,,,,,,,,,,,,,,,,,,,,,,,,,,,,,,,,,,,50000
Euclidean Distance,Primary,CIFAR100_500,86.83102416992188,60.694244384765625,136.8292236328125,130.6400146484375,139.044677734375,69.4017562866211,115.20661926269531,117.26374053955078,85.24109649658203,91.35807037353516,79.06768798828125,116.98713684082031,66.19839477539062,82.91031646728516,69.40128326416016,97.46300506591797,52.05656433105469,79.63671875,92.89178466796875,99.23143768310547,86.29645538330078,83.97222900390625,60.23017883300781,89.5843505859375,73.5056381225586,92.14082336425781,137.3621063232422,113.92386627197266,95.37211608886719,124.67383575439453,118.9448013305664,96.35867309570312,94.11592864990234,110.82478332519531,135.27085876464844,85.2611083984375,65.31088256835938,113.32534790039062,107.54457092285156,121.21990966796875,74.55340576171875,119.80844116210938,70.90640258789062,104.83500671386719,117.84325408935547,73.96759796142578,60.43661880493164,104.1230239868164,121.37822723388672,92.1033706665039,103.2278823852539,90.77006530761719,101.15518951416016,122.76332092285156,50.83782196044922,132.8795928955078,63.512847900390625,97.58576202392578,174.20594787597656,89.76190948486328,83.80216979980469,87.18677520751953,119.3195571899414,142.19558715820312,108.9560775756836,116.49404907226562,98.02884674072266,117.24568939208984,96.615478515625,123.46868133544922,114.02819061279297,143.8109588623047,93.09333801269531,77.72484588623047,90.90188598632812,32.099788665771484,101.26976013183594,83.57461547851562,97.10774993896484,98.98175048828125,76.98370361328125,92.94781494140625,49.75522994995117,106.95829772949219,83.95767974853516,87.66252899169922,115.56861114501953,83.04195404052734,86.52188873291016,67.8698959350586,63.4210090637207,73.06898498535156,39.39878463745117,105.01470184326172,94.09455108642578,92.73531341552734,79.60253143310547,106.70877838134766,95.86897277832031,82.02647399902344,500
Euclidean Distance,Primary,CIFAR100_50000,28.017919540405273,23.447669982910156,62.19374465942383,63.944976806640625,39.81739044189453,22.844152450561523,46.05393981933594,35.42476272583008,24.172155380249023,25.479963302612305,25.006200790405273,29.158292770385742,32.062171936035156,30.41162872314453,29.695018768310547,32.25187301635742,23.332983016967773,26.269268035888672,35.61910629272461,32.223751068115234,37.29922866821289,23.205974578857422,38.169166564941406,26.00811195373535,38.93910598754883,,,,,,,,,,,,,,,,,,,,,,,,,,,,,,,,,,,,,,,,,,,,,,,,,,,,,,,,,,,,,,,,,,,,,,,,,,,,50000
Euclidean Distance,Primary,CELEBA_BA_32,65.61126708984375,89.2745361328125,79.23503875732422,66.95787811279297,69.55253601074219,109.86981964111328,99.67477416992188,70.91706085205078,63.384735107421875,79.63811492919922,97.94570922851562,85.0339584350586,149.0489044189453,104.45878601074219,126.2518081665039,82.6336898803711,120.5044174194336,85.61302947998047,140.0125732421875,44.37797546386719,64.22254180908203,53.92375946044922,97.49272155761719,115.52994537353516,145.14453125,86.03070831298828,49.90658950805664,84.25935363769531,109.75668334960938,82.91268920898438,87.40088653564453,106.194580078125,90.97664642333984,96.85893249511719,129.22032165527344,72.17442321777344,86.88458251953125,106.19588470458984,111.57241821289062,84.75944519042969,127.4901123046875,109.64615631103516,60.39262390136719,91.82706451416016,115.57233428955078,136.19882202148438,94.37510681152344,121.83167266845703,142.2105712890625,75.52892303466797,109.77731323242188,66.69438934326172,66.88610076904297,97.8502426147461,73.8138198852539,84.225341796875,111.80033874511719,86.84123992919922,98.1603012084961,112.31818389892578,113.94386291503906,124.47966003417969,68.65025329589844,138.48887634277344,77.58406829833984,79.05773162841797,97.93492889404297,47.150047302246094,62.041343688964844,79.70795440673828,112.14729309082031,112.0312271118164,114.64921569824219,88.41320037841797,73.38665771484375,70.23705291748047,117.2931137084961,86.43463134765625,67.07231903076172,127.25050354003906,107.03683471679688,135.07369995117188,70.98945617675781,79.07494354248047,109.80635833740234,84.27159881591797,113.12760925292969,85.22927856445312,71.5761947631836,98.82093811035156,104.7412109375,117.7345962524414,129.03738403320312,77.24637603759766,85.0989761352539,87.31938934326172,82.79520416259766,122.39744567871094,90.54586791992188,83.15805053710938,712
Euclidean Distance,Primary,CELEBA_BA_512,31.07299041748047,41.982635498046875,39.488101959228516,32.84098815917969,50.078041076660156,31.355300903320312,67.76659393310547,63.615142822265625,51.756385803222656,35.338138580322266,71.81627655029297,45.527976989746094,64.06598663330078,52.565216064453125,40.28334426879883,45.42604064941406,31.437253952026367,50.96717834472656,69.87674713134766,55.01702880859375,28.906885147094727,52.180789947509766,48.54842758178711,48.389957427978516,49.135154724121094,60.8478889465332,66.50940704345703,43.677425384521484,31.76582145690918,61.44828796386719,33.81281280517578,54.604766845703125,44.016639709472656,44.24067687988281,58.83468246459961,70.69829559326172,47.272987365722656,54.96978759765625,47.452308654785156,42.2276725769043,56.15022277832031,41.59389114379883,42.523136138916016,55.863319396972656,34.640411376953125,39.77742385864258,31.366363525390625,53.657901763916016,64.21039581298828,31.788768768310547,82.12858581542969,37.91179656982422,34.135467529296875,26.355525970458984,51.209686279296875,35.35333251953125,46.260013580322266,35.84010314941406,51.06137466430664,43.99699020385742,31.839290618896484,35.306427001953125,34.85421371459961,54.92686462402344,50.02583694458008,73.03755950927734,33.38287353515625,29.843830108642578,37.906307220458984,48.71371841430664,35.140647888183594,54.34556579589844,29.230892181396484,44.07937240600586,36.58858871459961,44.86867904663086,100.25984954833984,55.343502044677734,43.00638961791992,62.87417221069336,44.306884765625,36.732872009277344,48.043724060058594,61.61784744262695,41.511165618896484,49.97138214111328,35.71452713012695,36.71468734741211,65.72004699707031,59.88632583618164,42.55853271484375,35.73577117919922,52.59592819213867,34.340370178222656,67.02350616455078,19.737577438354492,33.937950134277344,34.461421966552734,45.10476303100586,57.60105514526367,10627
Euclidean Distance,Primary,CELEBA_BA_8192,27.89432716369629,29.92023468017578,33.05674362182617,36.539710998535156,28.72779655456543,37.857303619384766,25.712871551513672,43.90626907348633,48.144954681396484,27.158031463623047,58.85353469848633,38.988670349121094,23.359107971191406,52.05674362182617,27.23811149597168,30.431655883789062,33.496089935302734,23.13808250427246,40.07552719116211,21.041099548339844,23.127761840820312,29.248748779296875,25.91677474975586,57.5499153137207,31.475496292114258,21.88187026977539,58.81864547729492,30.657140731811523,30.220430374145508,29.45355796813965,25.66335105895996,41.47108459472656,59.838993072509766,23.383188247680664,30.83771324157715,27.5478458404541,66.61305236816406,22.04336166381836,31.08157730102539,34.213134765625,31.296493530273438,36.170711517333984,20.402462005615234,33.01708221435547,28.2661190032959,54.0001220703125,20.361812591552734,36.65385437011719,41.20954132080078,24.97566795349121,50.92711639404297,30.29428482055664,23.923809051513672,30.757205963134766,39.10909652709961,40.96395492553711,31.252164840698242,24.3535213470459,25.349443435668945,61.17018508911133,28.476449966430664,27.906721115112305,37.766822814941406,36.02971267700195,23.679988861083984,51.37891387939453,35.5205192565918,28.86091423034668,22.40996551513672,31.243825912475586,28.13474464416504,48.20560073852539,24.644275665283203,51.9565544128418,23.565752029418945,27.90547752380371,59.18498611450195,33.37173080444336,46.84147262573242,27.057985305786133,41.33485412597656,28.434978485107422,53.065372467041016,49.82941818237305,43.982276916503906,38.73394012451172,42.36076736450195,30.778539657592773,59.5074462890625,29.43915367126465,20.392770767211914,30.811931610107422,48.736324310302734,18.887971878051758,41.0092887878418,59.88916015625,24.875164031982422,28.176029205322266,23.5311279296875,26.42336654663086,162770
Euclidean Distance,Primary,CELEBA_SD_32,103.09381866455078,90.19998168945312,81.7373046875,131.82968139648438,101.90172576904297,123.6607666015625,75.63836669921875,88.93084716796875,84.70417022705078,106.87093353271484,98.33717346191406,55.046875,101.1909408569336,133.2418670654297,83.01585388183594,107.00045013427734,90.27522277832031,83.52973175048828,188.21482849121094,79.79650115966797,100.98135375976562,88.79277038574219,63.75160598754883,82.54049682617188,105.18102264404297,71.43281555175781,94.93977355957031,86.59532928466797,94.20341491699219,77.2876968383789,105.76509094238281,102.13255310058594,76.69293975830078,96.37091827392578,103.65680694580078,110.53630828857422,116.7725830078125,149.16036987304688,88.86338806152344,95.15093231201172,94.77039337158203,79.17635345458984,90.96441650390625,46.55385971069336,54.925567626953125,101.98040771484375,93.51488494873047,74.22478485107422,94.50606536865234,69.66891479492188,53.279109954833984,78.71753692626953,120.06871032714844,131.46771240234375,103.34504699707031,119.93630981445312,104.36459350585938,88.3524398803711,137.30140686035156,115.82799530029297,35.2055549621582,117.49071502685547,97.73577117919922,91.18468475341797,54.212223052978516,90.013916015625,109.08818817138672,67.48089599609375,162.13941955566406,99.57139587402344,89.26520538330078,94.7416763305664,106.72801971435547,94.07620239257812,94.96392059326172,66.1227798461914,115.16556549072266,114.25817108154297,122.06195831298828,116.86222076416016,122.54884338378906,101.41168975830078,58.324668884277344,118.17191314697266,136.63882446289062,115.38338470458984,87.19417572021484,85.28897094726562,105.77378845214844,100.20201873779297,76.89743041992188,91.56487274169922,112.52557373046875,89.0003433227539,98.66059875488281,83.00527954101562,95.77002716064453,76.2586441040039,160.0975341796875,88.54473876953125,712
Euclidean Distance,Primary,CELEBA_SD_512,47.23633575439453,48.01190948486328,33.222801208496094,79.85271453857422,34.680458068847656,83.50775146484375,76.059326171875,131.17469787597656,55.23495101928711,72.94249725341797,86.23846435546875,52.103816986083984,47.829994201660156,78.23993682861328,50.10783386230469,44.72517013549805,70.1261215209961,45.854705810546875,83.25083923339844,77.61126708984375,60.662254333496094,43.83430480957031,57.42586135864258,55.93013381958008,59.42570114135742,49.78345489501953,74.14777374267578,44.35466384887695,75.85773468017578,60.8251953125,49.38250732421875,83.12507629394531,46.67250061035156,43.461639404296875,105.0337905883789,69.28874206542969,54.33876037597656,82.00917053222656,58.72972106933594,63.826332092285156,65.36866760253906,40.28880310058594,66.85680389404297,51.39923095703125,77.57521057128906,49.22066116333008,27.586589813232422,59.51748275756836,70.57667541503906,39.53940963745117,32.282989501953125,30.292224884033203,34.23539352416992,57.79484176635742,74.54573822021484,92.34077453613281,75.1554946899414,39.520545959472656,62.67665100097656,57.40428924560547,70.72150421142578,35.09362030029297,50.876800537109375,49.82260513305664,33.52933120727539,32.70868682861328,53.98461151123047,60.42912673950195,76.80366516113281,60.15420913696289,42.6240234375,34.152565002441406,55.59907531738281,61.597930908203125,31.924604415893555,43.39445877075195,38.29058837890625,54.17936325073242,66.75088500976562,63.18940734863281,65.40019989013672,79.447509765625,29.449308395385742,36.67502212524414,56.68020248413086,53.48321533203125,38.414310455322266,86.60758972167969,65.38796997070312,43.758331298828125,54.61928939819336,64.10759735107422,56.676143646240234,44.107669830322266,110.59048461914062,56.94350814819336,74.15209197998047,49.77286148071289,46.93632507324219,55.99943161010742,10627
Euclidean Distance,Primary,CELEBA_SD_8192,31.31464958190918,22.411954879760742,19.559036254882812,26.71697998046875,17.514888763427734,39.733055114746094,51.05500793457031,30.49542808532715,21.602508544921875,54.20173263549805,41.5632209777832,27.006738662719727,27.69887924194336,36.08879470825195,33.20107650756836,23.026090621948242,29.54009437561035,20.129255294799805,23.14134979248047,45.20319747924805,28.634231567382812,19.80422019958496,58.73603439331055,22.077919006347656,18.348596572875977,26.995140075683594,32.7752571105957,13.780056953430176,29.988943099975586,32.036865234375,34.02615737915039,43.1507568359375,20.616369247436523,17.300785064697266,52.53567886352539,44.41043472290039,17.995807647705078,59.50931930541992,22.254695892333984,42.72017288208008,25.317434310913086,51.891273498535156,30.918325424194336,29.511127471923828,46.954795837402344,20.92374038696289,40.570526123046875,35.35358428955078,22.130413055419922,14.914398193359375,12.615126609802246,38.52786636352539,29.195247650146484,21.880678176879883,21.713092803955078,33.305572509765625,50.29003143310547,20.684539794921875,25.470197677612305,33.23760223388672,31.370956420898438,26.225502014160156,43.3541259765625,38.72819137573242,38.09680938720703,26.27843475341797,25.933345794677734,22.506898880004883,65.356689453125,28.256315231323242,29.30964469909668,22.4414005279541,23.399681091308594,33.50551223754883,31.577407836914062,34.844356536865234,43.04018020629883,21.431119918823242,18.62765884399414,18.527883529663086,16.226200103759766,46.55488967895508,41.88331985473633,45.43947982788086,26.975181579589844,50.542030334472656,39.35015869140625,54.582157135009766,32.462623596191406,23.981714248657227,22.516054153442383,42.28748321533203,20.19453239440918,15.533042907714844,32.528167724609375,16.803237915039062,28.06464958190918,17.363950729370117,26.194982528686523,24.974197387695312,162770
Euclidean Distance,Primary,METFACES,60.52188491821289,60.58291244506836,30.89022445678711,60.17719650268555,24.217527389526367,66.32998657226562,51.8719482421875,75.55574798583984,58.787986755371094,80.45647430419922,77.27845001220703,86.66754150390625,85.15740203857422,79.6419677734375,55.6345329284668,45.31792068481445,53.4351806640625,82.63815307617188,100.00479125976562,27.61189079284668,41.12506103515625,93.15727996826172,59.89912414550781,91.91365051269531,90.61326599121094,32.1422119140625,27.243545532226562,75.18588256835938,52.025634765625,68.23454284667969,58.847938537597656,47.52677536010742,73.70519256591797,86.8014144897461,40.15061569213867,56.921112060546875,52.31800842285156,69.24124908447266,76.53646087646484,63.62397384643555,71.52220916748047,55.458919525146484,71.52851104736328,72.8497085571289,77.9419174194336,68.82170104980469,46.12010955810547,55.583980560302734,71.98358154296875,58.658023834228516,82.0899429321289,50.70560073852539,50.01451110839844,62.0272102355957,62.34538269042969,36.39873123168945,52.8558235168457,25.58504295349121,59.41062545776367,67.72428131103516,55.22914505004883,87.3892822265625,58.71280288696289,69.31346130371094,68.80139923095703,76.99564361572266,96.31475830078125,62.749732971191406,44.615055084228516,71.2688980102539,119.83222961425781,87.52947998046875,69.3528823852539,48.25730514526367,54.547481536865234,47.27616500854492,66.86528778076172,35.707801818847656,99.63666534423828,67.39991760253906,87.01463317871094,81.74903869628906,43.821563720703125,60.32584762573242,138.94268798828125,103.6677474975586,61.110877990722656,48.49661636352539,66.86893463134766,71.4739761352539,87.09786987304688,42.3472900390625,53.17490768432617,73.09981536865234,52.90922927856445,94.86507415771484,82.51791381835938,51.68699645996094,65.63774108886719,62.00020217895508,1336
Euclidean Distance,Primary,ARTBENCH,24.619522094726562,23.771644592285156,31.6362361907959,22.856388092041016,17.95132827758789,49.55609893798828,34.303253173828125,33.857017517089844,32.006343841552734,54.45135498046875,71.69934844970703,53.20863342285156,25.843000411987305,20.722997665405273,83.41531372070312,47.907196044921875,41.367881774902344,28.237987518310547,21.445119857788086,29.651033401489258,34.349124908447266,77.95282745361328,22.514745712280273,40.239315032958984,41.28313064575195,42.15711975097656,26.246112823486328,39.82912063598633,29.604148864746094,36.242149353027344,50.92216491699219,21.6439266204834,35.665863037109375,20.84375,34.627281188964844,33.79492950439453,24.128366470336914,61.76619338989258,39.68296813964844,41.500885009765625,39.206180572509766,31.552024841308594,47.6563835144043,45.830055236816406,24.895822525024414,25.87661361694336,31.776844024658203,23.863569259643555,28.235084533691406,31.929311752319336,31.399394989013672,50.08253860473633,31.662986755371094,56.60242462158203,48.387813568115234,43.717369079589844,65.20001983642578,21.912254333496094,19.979694366455078,27.362873077392578,46.48649597167969,28.101253509521484,39.659912109375,49.7508430480957,30.2940616607666,21.693504333496094,28.787601470947266,34.32941436767578,38.17798614501953,27.71955680847168,34.08287048339844,27.791479110717773,33.29977798461914,32.481510162353516,67.21479797363281,27.578651428222656,59.416717529296875,34.733856201171875,25.20205307006836,33.43349075317383,22.709848403930664,43.345237731933594,39.369422912597656,23.859716415405273,52.79276657104492,54.325653076171875,26.873205184936523,17.352474212646484,33.41522979736328,24.499996185302734,43.03936767578125,53.373435974121094,34.143402099609375,26.560230255126953,46.940250396728516,31.665279388427734,23.36152458190918,23.993322372436523,30.152376174926758,18.71799659729004,50000
Euclidean Distance,Control,MNIST_96_256,111.40678922064926,120.46296286180763,119.2977876305868,106.6713603041521,107.87752691114412,116.71567453397608,120.91844021193035,138.8839215528155,118.44504279825625,89.78214043824138,106.63175645077165,127.9260361519522,139.67537753897366,111.78403673693401,115.9974004430535,113.40550861721303,81.37101934927315,72.19976724392934,104.14764207844172,70.49021412083836,81.29004750690119,113.72298695470573,30.593649677557714,88.19881881645733,102.19971921587677,111.99443798936102,98.55250428866259,118.60295606081766,88.76601154078038,136.38635482054522,92.8481750939843,102.98522207025385,65.49688443540568,141.33830330248742,130.7614711936091,108.35668464340156,37.18429183554742,130.17699390464753,101.90929095775338,100.6758364104108,131.090195069716,114.27413727729243,83.77496796366762,111.21167714351795,133.63709152660067,121.41739326362854,87.76355304249257,118.42113776963923,113.25671335893342,97.54675538013396,114.77948614648683,98.72126004761994,95.00727886441483,114.11442684287258,123.33130200587273,138.30089785873943,131.4588003036815,123.10906056237836,139.07164672502867,78.88804142385372,100.33710255134237,137.70173926143428,156.8796508818181,99.68473577397836,113.68011912008237,129.39198659398141,53.49856206624608,122.59357617248232,116.04252795699885,99.15873925016034,116.90765477485408,132.216532888496,132.7155916561859,104.1070867811362,71.20005075417556,133.79500478916208,118.65243114492058,125.93023715965839,92.936018475815,147.9030153098946,125.2770841196063,98.83315381755622,108.26723569994732,151.03638444508368,97.60503792779313,106.7790518634194,100.74140014699644,143.5472653774907,109.15365107562567,105.73554913136459,107.2099370309792,132.5168852353377,102.65244134296651,129.5448915614373,106.6130579347445,118.93415104822991,126.10309602054255,104.53398117001035,98.51024432099133,89.21881956211335,256
Euclidean Distance,Control,MNIST_96_512,96.45005107526977,122.23797400549259,91.56517939004401,44.81528176396544,106.02302394897062,101.52923536043981,75.06151235301385,140.0278214407122,101.50972415272668,78.95180798858092,94.56919179492232,115.40421479927785,139.4556336357826,126.77398291819776,128.5687761668245,99.0972455792541,103.14289747183399,21.18153029243667,91.27892691359169,58.62634927858774,91.04901445345156,113.32967060768668,82.16241587018601,90.52194755521786,94.8027712785236,85.50581625183122,122.08483117705542,120.99193925514093,92.25378032355391,121.55075398712391,78.52465591697707,97.01962901665495,46.72894273435415,112.87157678677008,130.33415394076826,110.74864770724011,30.557171053181083,126.48457217649423,78.51076087132157,101.44061893042,124.63444982072568,116.94153675018525,89.4936216752176,87.29054005225113,117.0059970761078,117.3958380099006,22.41654745428116,100.92727528935532,98.59824627680955,82.31411171098715,113.4033546538827,97.25602979578399,94.13367494547734,101.53090699455814,104.65167610498969,129.7277009400377,59.84428339690284,53.22760867596369,76.35373177722761,74.82379673123836,97.73475144957578,87.26766575455291,128.0681448737585,103.6536444638532,113.60211393272672,121.34703927117022,73.77447961964155,131.24288860518857,123.26377591619166,81.44634199334011,116.85026420587465,102.6561612244235,132.93994741951371,42.74441781033438,100.60840282222244,124.68549743020472,121.8103792481736,114.08515672767814,90.71862555047582,141.09450901119075,126.41375567657234,97.53139352509399,76.54020817928914,142.03412595967848,101.8403773456816,16.647121985917916,61.57824369957131,146.95936793922434,44.635382878760815,77.24733584033972,105.52804185420963,95.85940261529429,83.16259486740337,117.01126966119249,61.52343656513839,99.73323959240778,84.60423063134782,90.34879136810711,92.52578757012829,76.66372410105996,512
Euclidean Distance,Control,MNIST_96_1024,79.4017682853882,50.402500765243325,107.78984210330093,102.33580212615772,104.82811609509177,66.85045217103712,77.91191281474195,138.27736283609326,100.37264294629291,91.08388090895518,108.9074913890153,117.2148786611545,139.7742352056868,120.33159752765509,67.03078383108266,90.43280254523968,77.19118743426245,136.51261935809953,110.92710290843345,63.705071056294216,92.62767796435253,52.01693592482662,95.76782613750763,75.89384739170202,88.64384349790338,89.41882761110901,108.48313418394132,112.61251974917562,59.78646996395672,132.88165826460505,91.03240382825996,110.18664828100799,46.752966693461815,59.87302493213891,99.9759238657919,99.4706080328449,27.682274214007524,52.87865009832564,120.37916972390789,103.3308010397831,96.40892094725953,109.61346938865645,86.36095290847335,105.32246389390271,126.37131070591566,101.70491551685174,143.82223267183193,112.77051229873078,78.38302291713329,102.43245957879415,118.58727045055319,83.58736832919458,104.539914480043,109.83656977458315,102.17223305804181,69.52078526269887,84.40687208939346,56.522026213592206,85.65632939497553,85.53136648556867,141.92008483366135,77.70927508045344,78.10947618143017,97.49513293995018,100.44617502575089,85.31949842375721,120.18031794357115,125.39946359446665,136.91818554565367,64.43535051952117,71.3334246921699,131.32213595544636,129.21645840430753,28.937882868855056,68.58743859396722,133.81261971627458,117.22050803771108,113.30920134879902,70.04784555368309,128.80428496727382,125.26719967438488,102.96240723780095,105.11722951056872,123.95163023051037,97.38018001350486,106.58382746304694,109.94646154792714,135.7269645369844,29.901490740203066,130.36614624274827,60.8416807420893,167.72998347565317,63.15563201132273,108.4319742512211,37.88885918742467,109.58748307645335,56.007453624124345,104.86909425636398,62.684865485904325,62.434582875618716,1024
Euclidean Distance,Control,MNIST_96_2048,28.245760271372546,22.59147438425242,43.37540683200729,28.172462749271087,66.12301382508637,65.00238466985671,36.50819512167757,138.30959299905453,83.25787140489857,37.363242580451725,60.05899257599051,109.90011830007754,52.06811567929526,82.92675570448007,22.815367640116676,38.8787374827034,47.17473055311509,95.79177080962154,32.547799872757146,35.29244139569072,83.42985810885143,18.183358696098285,54.08914115010202,39.05391548815488,69.91375803274497,125.96965601005343,85.39947917870724,81.76434230354168,42.5858504300745,111.74176355476382,29.717941349660986,105.38471079124962,22.351256266736556,44.86982791204392,68.12037212825737,35.28760158544695,15.026223284531248,124.99422776938648,137.0785831340194,95.5188451553695,100.94582183864445,117.93023234780713,65.80105577244655,100.82233234587153,71.03819296367487,93.21019290021869,20.48819526467466,52.956268761586735,67.0034232109878,49.91863206410696,100.84685845593964,54.217156608768434,21.402691450641125,97.61321109539934,113.8471371724266,63.50828734504458,96.23059789105578,88.73418442003737,62.28619726680684,53.31794959809766,102.99408239180593,85.08755753802686,57.752844468392446,67.05186756417191,65.45842363618519,50.81577761294011,78.56785411407441,79.2978626800727,64.0072337894933,31.981558592359146,37.04165123015801,106.003023804796,57.51888176432134,94.03475781351891,33.27790424387289,131.18355550486214,97.12935560876194,84.69251009164417,39.35202797742299,125.62732120001864,114.4601445646409,94.83256336642692,85.78330751547364,82.10320170035023,55.416316227687375,76.35518537211311,97.67930341194335,118.0093607675743,35.77394139788867,82.14602989147672,27.295925211564672,146.99770320070473,29.647911112427167,75.01020045355561,72.93543822273162,88.18298123945483,65.79381422701695,95.18089755898914,45.83232576547936,49.0359365698856,2048
Euclidean Distance,Control,MNIST_96_4096,23.577224800418797,16.121763061674674,111.97909595606949,18.889012940514924,54.06251063107467,70.59626708223473,19.798362079136815,144.12216215470693,28.3016080475985,25.640080767680633,82.61571282798047,113.34061221282484,60.046610590465825,78.48507188534505,20.909460276992228,43.44415526284208,29.71742598420158,85.29704699002568,42.10945452809952,11.968019045327798,83.18934101329661,17.560319847361647,89.85094833432149,62.82743010792471,11.64092055259287,53.06358040400895,59.50950067302319,49.3497280621687,25.234111537908237,41.28813047066902,44.095108088817476,93.1909591969837,12.389549173530732,35.043146569202314,46.81546796991368,58.6856361281678,16.94134776067968,32.25142509010215,77.97224360973978,45.15238693603715,65.37752447355749,91.90822117577311,104.910937967318,67.45798215343287,74.83376046345353,73.9883232490474,17.888668762060583,69.84849162238591,49.60304009634068,96.18298605130609,86.72735792836217,61.048170502824405,19.70772548258863,74.08371210978375,93.46356109601123,58.69744328298777,57.703527958277036,85.00193419202128,36.590207605842565,74.57866777554682,111.64180908463709,69.09167083799959,51.585145564088116,74.13990015935791,90.67235498237048,78.21700255946048,113.27748655129714,58.5780767138901,48.584383925953745,24.388856022862786,54.67673706081795,95.49462297877744,70.66981237619167,37.704051115856736,38.448631970582184,53.96610095029372,96.60152887683807,61.41168154744117,13.471614291266787,115.30778860037321,103.29297453651263,20.175107444461133,67.49753975606697,85.16452538721421,19.529729485234114,75.53796111298468,37.25770168089003,107.93687322596949,42.61396758023476,88.41728752049886,50.86313507358483,121.64478836171696,73.97343050872047,26.62561644823892,40.459327006827664,89.69771300439162,19.844118933595116,91.5302732910435,44.9401620827538,50.33033638642761,4096
Euclidean Distance,Control,MNIST_96_8192,29.07077447763738,12.40485238923157,34.33094123692669,73.79952109516907,63.9443393816974,64.77835926900286,12.103832710192453,135.04497746020354,46.83513444798958,20.995597336644835,67.54139867811227,32.54722173842769,51.05341725134658,62.58760677356525,61.16283931754211,40.24856235567928,30.30304302369838,89.68309776854284,36.03900442526004,15.147958552567339,80.84452728174418,104.79126746474428,87.76242320283157,45.520328141429964,50.54215489386797,59.13147350129984,60.94022786807689,28.719942744771885,18.96673566795532,106.24856901720476,40.19961585153473,82.82777250002684,13.063047586542742,38.419579894620576,54.86523858484496,57.68220636420651,10.24251437018079,129.73392496904742,82.6768827436622,63.84216487574553,49.981803976381,55.20840590831417,102.07084481477801,90.60804662318596,90.4974346596487,73.40412346456397,85.15705258805284,73.34003314461226,69.19351498147746,52.756128567601486,69.48308429716852,73.75430107973098,38.4919358836712,80.07422110117007,91.5366757157892,50.19917587700893,65.83098661258893,94.59509221288218,75.84480838606476,46.84222733030589,96.09409872405762,43.407577529723255,32.95329998781649,51.92393228115238,77.4477535388031,56.92137497938609,112.51235384706554,52.551284011986795,26.851278795151327,19.502695923988508,39.55029501618079,75.56629299875301,64.74674358024319,80.9069591820765,19.26893308921417,52.69531213976691,75.29724579994547,58.6865413213465,10.793870343407534,106.62840657528551,84.53644685893704,100.1466948358405,60.06762164381081,80.97590583039567,31.480478006328536,78.53831970890079,47.093791746990526,86.01142941100481,40.76788886114769,35.26696384169755,55.75006822064822,125.51616083477458,92.3954067161482,35.8864199094039,46.27145347676491,80.43294188991416,18.840690821446188,98.61815391949146,48.47681790442656,15.963833280989572,8192
Euclidean Distance,Control,FASHION_96_256,111.42676954307544,92.86879631961,37.27553795086009,79.2456984454316,40.457572782090836,63.85849138920952,85.1840828456737,67.00101817217725,35.63628265860685,69.97178950492392,63.043586274648405,159.57780049378877,93.6130831517336,100.61855816467252,41.55593550657441,48.08963638854929,52.803842819718106,37.35867697106136,156.2821176678849,83.09230034019036,75.07541400591884,57.46129297785753,37.583521670850665,125.51945124501539,84.24323694878277,122.46957131425,159.55172828734243,125.24737792594621,83.35828177523939,72.83159208266143,48.80517177456261,67.11260800863748,47.19717537959715,132.59343682780784,100.21395002829291,97.30113748798092,90.02898727879762,101.60035579383775,102.90713098865497,51.91629099712927,77.30078188137985,96.77537882514417,45.34641542425381,101.55602114982993,78.97735822231837,77.59500930795399,77.67094642622253,69.56397685254673,88.92306586090945,92.33896098384436,77.06740722251243,49.84351094114914,100.7074785281684,46.913886254536415,62.90916839123631,86.02223887115336,136.49447585102868,119.5893391211217,116.70323969045556,89.38769425156134,92.29691905540594,105.52463251347818,129.59408914106208,84.4605097406685,120.03127160981133,104.92131795625039,131.16919134449358,134.3015826067597,58.02740872051542,50.600999057732906,100.54716022679644,89.16808249335983,49.448906180481586,36.024356153163865,76.76686987268532,125.41082806357149,69.84853787313227,55.41608827758033,37.45806652135759,48.400497565688205,104.3292819738842,57.99172957332581,77.59831293269376,120.91413228526967,117.46636379084538,56.58946640903004,115.1996807843887,131.6425743407059,80.84647642034065,49.01265592634438,56.67487832305227,54.47749875638666,159.12332744558694,68.27694411917442,106.9309855652018,57.294836541719064,59.29800261718258,48.08597266871288,63.08633517878114,89.16428993215857,256
Euclidean Distance,Control,FASHION_96_512,62.47069149402449,88.54482725720274,74.78588433372467,63.82218455331935,43.43116871399001,70.02524215321353,52.73208809037012,36.61194215300557,34.19570735820387,55.108121075713456,59.651834041311794,97.85001491674664,63.43143842634786,38.44804062175376,84.3787053848621,23.601083578289476,56.10641039957966,43.39882622778758,160.04045331684628,80.93720717019391,64.77347651163747,51.99084059300711,37.142557144209796,86.8653833699901,97.39026267621067,128.5440254102741,158.86699259477808,121.00081939844145,116.17409150863578,47.16818937613033,60.63833603210647,63.83554441176702,42.56971552684543,143.8585329004726,100.30835440885683,67.12938381506608,76.15285157130064,117.48231369108903,68.90524068668442,35.5729852085927,82.55937941891777,85.1048354954159,52.74997721833602,93.081457251359,78.21613700977865,61.847627868102315,37.63193298778737,70.77848180838194,64.6585037634437,108.04712839803486,89.10435557212952,51.19612392923079,94.24698266680225,37.99865185202646,54.184533314463124,95.84085606600517,93.86487882215002,117.4679098872236,128.81897949011636,72.34688426084115,96.15034623887708,99.03521011389054,124.80956836093183,118.28473771138326,117.54590186008028,96.5055321491496,129.65564227721364,150.2061571189795,63.65415559180475,68.37071420378828,117.43800547607913,107.85824695716276,50.386154430030906,59.884772621713566,49.028543057717975,142.07427160751627,68.05983650852568,53.380358373056815,44.0621643429124,60.170892953176285,86.79613278819487,75.38745457708985,75.25267990220586,122.06274974929474,113.45598800323685,63.1688597247808,85.95053699980122,69.32553443332849,69.9220237018439,48.202177668934574,47.62648471815607,51.950965842397984,152.08853606670723,70.37725658373587,46.065290774879045,48.22245862121208,67.38991426929448,55.648006037937506,61.7321529689481,67.09627488792403,512
Euclidean Distance,Control,FASHION_96_1024,57.60383777812948,68.54990941692334,16.35711659176122,75.57931588747722,26.87105264103127,35.098997649053004,62.02771505991711,41.10867096755478,18.574374068486073,53.70948198775722,54.46784556489703,40.375378598565156,28.665201682833757,48.19384592734085,84.75271534890189,19.220419359910522,50.532917959095556,29.92097551891828,89.81335308478282,66.49177763303939,55.85936534153904,44.48448321152196,97.71446058642407,55.696027527154925,98.86280715322047,132.51773096327108,134.82284173270085,89.30372932517514,127.9030561382623,52.30213784861168,55.23079457317564,52.23266922758362,32.53754542156487,129.31460248807684,83.07695169964936,67.66571407707012,46.18741917425917,116.32728719506879,68.28941860619183,33.104652251644694,72.40031708738233,75.70276573675325,21.997058140261224,83.74345138365014,47.85295480131735,48.964783100240254,21.850745555973553,67.99024895700698,50.62700519168444,110.99639974097504,86.43852201736335,31.735613641356874,49.9144331570627,36.65900559104845,60.9144331661087,105.75636196722519,89.68512619413306,94.16240326621445,118.64739642081716,64.84371157360516,66.58974332107277,36.80379685614346,125.79884539650793,101.23272182554575,111.78434067041007,95.48183134378503,136.43091411103535,110.79507024208347,30.016067053428056,106.41582493053025,98.0823125939489,64.26084645351659,35.55837988361814,43.74097603483694,50.95996761833247,102.11028348692149,65.33975743553235,25.045375456524706,36.67410645973398,21.85813741632881,79.69626000194152,59.00574415095336,58.49993277429539,100.4591979144751,100.6197606840778,51.32982822969909,70.30910941260372,71.34300520391525,69.23498868646064,45.32665974830994,29.55459032077791,41.937038352930486,169.59651823912893,58.92323281945266,32.900660031212865,49.823517404224006,31.329231458492007,43.455750985678705,34.132343835694925,44.537800411197246,1024
Euclidean Distance,Control,FASHION_96_2048,39.54123317351958,81.14801807208865,69.38792008291446,57.14417143183673,37.02591936914719,31.87872666508407,56.90687206677846,36.589226429294854,16.36587780457111,32.39785825669283,37.31383026521886,118.89160036158157,25.349913495911686,117.03047032818007,38.619208026771155,21.503222403284948,52.38400827691286,29.724829407243423,157.46772251449653,29.75766082990734,25.2474879144796,28.956502097888446,31.77877549858208,89.73115229400764,64.10889953723523,126.10272601457169,115.1264460311573,83.39600256251818,140.87563726493096,30.616140754786123,24.21251348969053,60.01646831834009,35.03270381139988,137.0924847869244,41.05333194953876,56.55029863411523,22.333938665850635,127.2284163229027,48.32162682865074,20.911249189788816,63.46494378845869,55.33042198445314,43.97240485873263,89.90473795233456,24.414064331439665,72.35570493889637,28.225978166430757,43.60313229256969,45.2679477294346,110.53789627059069,91.64531871898154,30.133507609302434,34.45804819878966,29.084537378303295,48.70287173087063,119.45460408973459,133.04337730286667,94.49943245491716,69.21430799558964,61.19863739522235,36.262481424407085,74.21981484181313,116.64985311466074,89.73522235968706,97.20252428949854,93.31316688335757,140.7605257644981,89.10477843609621,33.011760931211604,73.21232822667139,98.65137516987467,44.045712291708305,31.01585952655086,44.07006991691469,87.17597034627562,96.66793173410763,28.942240349886823,26.01053768331278,22.01056996544692,28.217382134857854,51.66529810752461,61.24190827206397,52.66835125826558,121.33190866986203,78.90996427762688,51.450767324172894,79.65242090164466,74.20819929722808,49.6459541817104,33.98500547592555,60.00612797290458,33.88624031070514,166.5220593402996,50.353346132740164,81.25093258998223,30.94759342492808,24.06306741733718,77.35372577145954,31.57934228029114,19.341219702145256,2048
Euclidean Distance,Control,FASHION_96_4096,32.495001342166006,82.2552411181243,92.33064245674959,106.26512017715105,33.0839814716479,23.30521920565678,55.38308506642994,36.05764677966661,15.921878898606758,60.10791925838663,36.7611041136313,137.4913644380052,19.123832935205996,112.1166456757349,108.6678794866392,26.7224522966113,44.90267915645627,29.911784834892217,153.0949126639364,115.35949693480022,55.875506852017594,31.798630283268146,28.87585401074098,19.504841628256994,79.2155759950543,143.16659530597553,141.1235809089008,86.44602124552264,145.98506293096892,29.153926712337597,22.695353560570013,47.47757383301057,35.73442674237618,125.40667871089832,38.853461449819356,89.65547946571829,26.853971249314245,121.0973777423357,42.40215898366861,21.179065788380793,81.11843741616867,64.72205228893809,68.63649081410345,97.12974543648123,57.46804558682564,109.45248375508706,27.729816677637675,37.88484858699058,38.99845753964822,115.94259991587005,112.30648516778152,34.719919924662406,65.70505904475807,30.42967756722356,36.15136730990938,105.35131114513045,125.52320416271978,88.03156290313183,136.85983031825023,63.36839865906341,41.622100502862686,52.94160397136686,107.79447378518609,89.44051260390091,117.40757248497628,108.52514307613234,146.97733965780873,114.06151598904029,19.821915271719064,133.05260102314014,88.31932843971497,77.2235167059659,32.54223656869536,39.21507621383549,37.408409737893976,88.57183769307518,30.901355893070143,23.230416882486352,27.864508761903174,28.81218655475597,77.29671181570043,39.86536501123818,41.63163476386168,96.48092014483825,70.71038088799615,85.35830940720012,84.55340766835106,59.42458430271193,67.37965321085272,49.86163462647156,68.18188562091204,31.316908938212634,159.12678964431424,33.24064596405767,79.58287299362284,31.77874246233468,26.865737108824966,57.969436713581786,20.420173631282626,23.663120695465402,4096
Euclidean Distance,Control,FASHION_96_8192,63.91752716330935,86.97020738298326,93.2473851075391,94.64557159890599,42.139230097879135,25.06820845891368,57.459158836275634,39.40326058988747,16.335061592998457,59.88312080934367,32.97325718486949,144.3652428630598,19.16044040094748,117.72149612224898,44.78406581379927,26.07595936403461,36.967095027030695,38.9490154917927,149.1331001600026,117.89238602278823,66.79976796027944,36.74635012554345,39.095197582903154,27.88691064126361,105.63665842840406,142.89300231952606,146.9674948560842,73.67209368170634,147.0300655086556,38.987743884617124,65.28498333734682,65.76116120008898,43.22760926839909,130.86704182579348,40.39942898667074,52.24041953122314,23.168024625650897,37.51108969843103,56.90402434225277,23.55229069269532,81.15652160216884,65.937944767164,58.23509439340632,98.47531179299293,21.548262371174715,105.02494605708776,29.293993794054717,50.324033070424115,52.679273041655286,98.6622903460149,121.04043646632087,28.188554705378547,45.75748545062443,37.45430369277898,49.20382677916113,121.65134275320068,106.640041941619,113.62849007264911,133.2380004435365,52.981313540738995,80.75061844489124,110.14107808134749,114.47392728705525,82.50041632456221,98.35054049382097,99.2164733961127,145.310859194075,101.87018264808388,31.526510713452605,127.50314575626267,40.58493081943403,90.44589150645868,33.87926635887947,37.63161253618762,38.14329115038343,109.25680345450051,30.624330440516037,45.61936090025429,23.19836676707339,26.391202799390843,72.50527324536509,50.63731250087255,59.24113402091204,126.53429833607737,61.281941596660594,88.57038409818968,91.997293506007,59.753156212080796,64.78724601955287,33.074097026426486,92.33047066826312,36.11293954693628,172.80083601922948,35.6166954675247,84.83647545055423,38.064228803111064,22.096621130856292,73.59513904701794,27.905173078825104,32.18666743795302,8192
Euclidean Distance,Control,MNIST_CLASS_256,64.19622755360653,42.187852846799196,105.65223171542738,71.12280540051007,87.5254145567504,76.98368676435697,92.5497652784896,58.075701106961496,126.43406636147249,91.06386755028161,57.34423233882823,80.38095605100901,75.54691393602947,79.82045647040874,68.82360151211502,56.0077905938478,65.54104068367755,100.38698728491303,65.25627483835815,86.91212305280848,114.80471262499977,56.64693626500323,40.98509888416338,46.74348529045865,111.91178129837176,64.76781409883348,63.75401756043877,110.78110251668369,157.88219527434913,112.93829679201464,56.007400766128505,63.88328178925681,45.68150208160952,61.0238029667438,54.3792027058793,78.03046669215364,68.2564616457878,90.50706142214041,87.20569636168415,105.69360631166836,73.4297397707962,49.40833436505237,54.218963691501095,57.28295670715482,91.82964115771273,95.48156044655636,37.42222880018047,94.5583691202748,149.92097501694286,168.17850999932338,124.36578584238794,56.31371945925023,83.14699515138213,58.51457443914208,70.12193264209736,72.74338530210935,37.783912940316135,89.7290644031721,159.34478923364273,111.35714234805987,63.676309699309705,44.77261214682646,62.60770602648206,62.43509163382865,56.66266151876457,131.23852782053206,52.257261410146526,34.074371828761294,88.15671081552412,70.73196016479638,105.07790976891589,41.821018355694214,54.09386533347991,56.0018110330688,120.05762132073579,92.63080980060585,76.52526258096637,87.71735515413152,74.76298360702853,89.9586002500919,68.39319867376722,74.59275443143723,97.9974094381366,73.3868521144244,85.40925790793699,81.9657841256744,55.516462308049014,34.06434202405133,124.61927957592061,139.48473196249054,97.81361557936377,51.30216367612819,85.92133956435106,79.36141781281655,83.48887406120282,106.86307625505091,45.36459857482156,46.571042686291705,123.60131386310428,71.65034141345683,256
Euclidean Distance,Control,MNIST_CLASS_512,26.347550353891783,35.273630556422425,90.01278630307375,100.71213663905148,76.8338409534101,52.8513225144782,81.0167518466783,38.2204175735583,64.65356814808247,81.61876477575862,41.358659555238546,53.081416673979014,27.449310856420208,75.68088252647696,54.34260184738729,46.104058811200346,55.86873442130105,72.9688312616013,66.1013552612924,105.44444032654481,45.06633742244015,54.01587005699848,62.47980949830628,51.61966513899406,55.492847998409076,57.45948919874961,34.47474141459976,92.8069987152277,157.82472541837595,126.04275861829524,38.21858406182772,25.503530394499005,56.72700952144597,59.434369639191154,67.56721980907837,52.562037310514775,72.99569633798518,70.24188064914922,67.34400049266104,109.30904697613536,40.70924952201663,32.50582071318878,71.45571166553752,46.18087139002493,76.29460350163505,72.7472769720528,59.777437853918165,74.1334713056143,122.00167233510572,157.03755092988052,26.060519873813256,54.891674190012665,51.18862470107149,79.56486823879106,80.87914926901705,57.42952532235982,47.87802270584279,84.54536003848496,134.2313739737899,89.3566798225043,38.02007916208866,31.22372359517771,44.826074705990294,38.01699688020645,61.19039154787186,77.5156232054571,55.718373244894785,24.898618534709534,66.74656638747005,34.709427612488874,111.11727276295404,36.70885068112223,51.148977900569406,94.83880060993562,80.14055127869534,43.261689461214644,58.78337716971888,75.90299182498174,69.47243341100747,83.30706237727387,71.10848088363839,51.67541380647782,42.14673262966318,60.37995954120841,54.28615941870818,54.00286368639797,63.464382172252925,35.256530994769335,46.98289567172564,55.86128805113759,60.46699683860261,17.960111298870657,68.82195630699461,78.93770151094206,24.89495151124838,92.03541733550405,59.318590806560884,42.219253799950785,83.44804125941917,61.27080177403806,512
Euclidean Distance,Control,MNIST_CLASS_1024,24.052328985120532,16.99571220939747,85.03526776564564,20.742460394584064,49.37322013769327,48.700169365833496,68.71994037503025,55.79216300708247,49.877739797077986,41.998026569251536,32.96635921641283,43.94316777978559,20.518834732323732,58.78997120469948,37.81817813611712,13.736275928232274,39.13833631475518,56.11938703755751,38.06026775704807,65.89558569075056,31.005370518002064,37.82763311012236,22.703835617089393,34.56770871840186,36.08410551020749,17.61514349991827,33.02541481226111,33.087985464832514,141.94196804393764,32.407461893811366,20.217464869062198,23.663614587364,58.12674210919107,26.366716332819607,49.68725279458237,53.96017094388582,45.20996911525149,54.797487848681584,55.88046889637675,189.25311186980764,27.925133579502845,12.797520399895433,39.76692360124227,65.05182671771223,76.34438251921404,74.45374450963683,114.50350133572574,48.53854613268932,104.95229274181055,155.3110766408724,19.953193059816005,47.16582728444139,41.23208117333394,20.438518659462613,53.76205587186606,29.74753852370466,19.3052580950404,90.73946481533434,96.74202542977137,34.493017066660215,22.70668994886456,20.38802936256458,44.78046816645766,39.6377650884159,27.449104379873972,63.59993650257551,54.155401951507756,18.51464783681562,54.025242440385234,22.701528035208657,24.656793203757765,28.254191121708462,42.90679757354396,90.88322534951052,31.692263477521504,30.826195126615445,28.814211676721456,41.40701471055468,59.7864765712062,51.60742520933318,45.79302584557496,25.354304013190852,41.50815848558773,33.16845845986877,22.239603661406267,48.6875462157028,83.55589799992345,20.461442511531935,23.731289340158355,128.53868675269462,41.90095285989789,29.0358948076348,56.25802034613756,68.21401667513112,57.03141211221862,86.96287994331044,80.9422551087963,18.8694191421833,130.47681767153085,43.62107097490669,1024
Euclidean Distance,Control,MNIST_CLASS_2048,17.091281117682147,18.97984445092276,71.65815118234165,19.75328742318728,36.60805048306211,44.59946917421468,73.035828771324,28.44701709051984,51.98775831112489,56.469155003256795,29.010694758119772,39.58776803160409,24.189895222909637,59.986088185233086,18.031208606895426,15.218462859951316,37.86432647010708,46.946099899374,31.714450621273855,54.10912807977768,23.28916028579672,40.69281068531149,15.208447921552679,42.61561278535517,34.40764479613487,32.879853802601744,61.66136950527361,17.041787863643158,94.65311707781164,18.915787167218458,14.87599094948983,17.910632911142997,41.486047325204396,51.192245473786286,50.92399775216577,50.710352340244306,39.0229638279679,42.94066963800091,56.367542113510694,76.60923411460206,25.93528111174063,7.575868949634822,34.85465825967427,41.57565814627088,70.13163869158282,65.51510062222081,31.630994453097575,39.99378681574758,114.11708295716336,144.83115966736023,15.156739587125669,37.05687763658365,25.787001218920423,18.24806844568869,25.31466381993825,40.96632438476721,16.928268710334898,88.00122902077119,102.28785992393405,40.25688088277405,31.49651380081542,19.232190174858353,34.202156033695914,18.296763874353022,22.09966376924163,61.204438560265395,45.98528028730636,12.208508885978512,34.06792976051872,19.804092216247962,22.816143991930524,28.909293300357017,32.616918309562784,69.92432302466278,53.24999403720042,50.573417094780496,31.325950959125407,29.260392626826434,70.31734865270472,42.33858402917632,58.899532615569484,16.345847927773836,31.53823197402934,27.780345618032584,22.826355496001177,39.28288641524418,66.79406590397858,12.780182977261076,25.762793908639697,36.34969711753723,29.24044864427239,25.667021827433523,24.296394173645872,53.763701076986464,53.01772939624557,89.56775501437822,83.68319326839658,13.702662372411215,119.06958644806187,31.33988895190253,2048
Euclidean Distance,Control,MNIST_CLASS_4096,12.311520034895723,18.811962500709075,75.25754283782281,16.577702919260954,36.209511105329476,39.49907231459053,53.31598724500223,22.481941054192703,49.221537511391084,75.79340398511381,25.91950465179582,19.617610858749327,21.052513835474105,39.37743285167189,15.056628194823798,16.663618636055997,66.5474965679005,44.14698821173095,34.190860940710614,79.6071942789571,27.23604866496856,27.658157753407142,22.21752388545796,27.807177658169064,28.856425393646344,23.618396223738284,31.886093748253774,50.03885427201223,79.7587711892676,129.1336299248318,17.236756233098284,20.20956920593413,38.18356563958607,55.02196254250004,43.43598539886061,46.371685451369785,29.654495236533542,32.67673373910121,62.42940279202675,66.2812442356228,28.579290921475824,29.331275199243116,36.139216578116475,36.99292606887102,53.00395988833017,71.55661757958931,54.796443903263814,24.36849578359153,89.62637453176085,147.29978664691006,77.72949987111035,44.50466175143253,36.888376256731256,16.895794079142874,37.25152059900191,41.498865389194734,16.954492883519258,81.44494786369992,109.5368252946936,56.84111671995791,28.525501303462754,17.18896764942502,36.4461662635635,18.648484282273518,32.24927112677182,60.41426438050627,44.88817624384865,12.129079010453838,19.53131192148447,23.72647761072487,115.20466265049629,25.177252852511913,35.8840611213397,64.03059041640353,52.48941703148497,47.28565966462737,73.47644641736719,23.86637125214315,76.3086174777812,43.72040436358234,32.01216337194845,39.500568856597646,39.749269030632895,21.73487091822583,25.158484960365232,25.59526214264843,52.23988764764003,13.163354718610446,22.941584275112277,111.57495693440293,30.212147092608117,19.131755027331984,30.730145540931133,52.691972175154994,43.52749250052773,91.28240893406742,52.19782589745318,10.90393473114417,100.12066227289107,53.268081382650706,4096
Euclidean Distance,Control,MNIST_CLASS_8192,12.112417179078767,19.231909366755474,85.57699615047449,16.52978053878573,38.482117510944576,33.06368069762196,63.82314260449389,25.224648304841143,55.44066394201954,53.44208660131957,28.91923721082375,24.182643766605825,12.619964610537494,46.055046234561,12.27307988332985,16.056503258565094,27.256433681425364,64.74127938492359,28.56893736154136,69.8108765510988,26.702756085912743,27.385170982097414,17.06647254769878,26.583980865643493,22.339196384623992,27.99630687089663,65.23819740378208,18.416406296116463,68.72995035799178,110.36791156323014,18.602639881759615,20.566233488277703,29.20994958067476,47.16941832453353,24.847179445698817,52.627895069702255,33.10055906059211,36.35719964932127,59.231817799145865,193.3153281368328,25.347207827249807,30.69773367860917,23.57685809807268,38.152683355518626,56.06576920803091,74.5119675920507,22.268886991099663,47.139689005500266,86.9780171518681,140.66530208499876,69.55195165849393,39.926260726066516,28.660011688367565,15.715957361326899,33.47871837730505,31.679058889436607,21.298141638501363,33.29400611085457,78.33799451193012,64.17119929257797,24.865109868973963,18.838356810567536,21.345502402770823,21.15213794312686,32.96777316780146,50.116585258514476,31.029513407600362,13.002402947194632,13.53788830717148,29.069770175716485,84.27095436034949,18.13588560858767,21.184838872613557,60.37387426443774,18.940273633789694,45.81118256714478,30.616150665660342,22.8060679364742,59.81267431539264,55.33918319726303,26.167679549497443,30.59132392574091,33.22461677682026,26.17460394695202,30.001527800948292,23.626650330150618,68.23297948113745,11.081872089159555,21.456073070998833,102.62767076466764,22.905546684638406,19.248382891520375,19.13106456976137,43.925344724314485,21.2941293862549,91.90880922097678,45.037252310231146,8.72425185630337,111.44434482669105,24.425423845107392,8192
Euclidean Distance,Control,FASHION_CLASS_256,64.19622755360653,42.187852846799196,105.65223171542738,71.12280540051007,87.5254145567504,76.98368676435697,92.5497652784896,58.075701106961496,126.43406636147249,91.06386755028161,57.34423233882823,80.38095605100901,75.54691393602947,79.82045647040874,68.82360151211502,56.0077905938478,65.54104068367755,100.38698728491303,65.25627483835815,86.91212305280848,114.80471262499977,56.64693626500323,40.98509888416338,46.74348529045865,111.91178129837176,64.76781409883348,63.75401756043877,110.78110251668369,157.88219527434913,112.93829679201464,56.007400766128505,63.88328178925681,45.68150208160952,61.0238029667438,54.3792027058793,78.03046669215364,68.2564616457878,90.50706142214041,87.20569636168415,105.69360631166836,73.4297397707962,49.40833436505237,54.218963691501095,57.28295670715482,91.82964115771273,95.48156044655636,37.42222880018047,94.5583691202748,149.92097501694286,168.17850999932338,124.36578584238794,56.31371945925023,83.14699515138213,58.51457443914208,70.12193264209736,72.74338530210935,37.783912940316135,89.7290644031721,159.34478923364273,111.35714234805987,63.676309699309705,44.77261214682646,62.60770602648206,62.43509163382865,56.66266151876457,131.23852782053206,52.257261410146526,34.074371828761294,88.15671081552412,70.73196016479638,105.07790976891589,41.821018355694214,54.09386533347991,56.0018110330688,120.05762132073579,92.63080980060585,76.52526258096637,87.71735515413152,74.76298360702853,89.9586002500919,68.39319867376722,74.59275443143723,97.9974094381366,73.3868521144244,85.40925790793699,81.9657841256744,55.516462308049014,34.06434202405133,124.61927957592061,139.48473196249054,97.81361557936377,51.30216367612819,85.92133956435106,79.36141781281655,83.48887406120282,106.86307625505091,45.36459857482156,46.571042686291705,123.60131386310428,71.65034141345683,256
Euclidean Distance,Control,FASHION_CLASS_512,26.347550353891783,35.273630556422425,90.01278630307375,100.71213663905148,76.8338409534101,52.8513225144782,81.0167518466783,38.2204175735583,64.65356814808247,81.61876477575862,41.358659555238546,53.081416673979014,27.449310856420208,75.68088252647696,54.34260184738729,46.104058811200346,55.86873442130105,72.9688312616013,66.1013552612924,105.44444032654481,45.06633742244015,54.01587005699848,62.47980949830628,51.61966513899406,55.492847998409076,57.45948919874961,34.47474141459976,92.8069987152277,157.82472541837595,126.04275861829524,38.21858406182772,25.503530394499005,56.72700952144597,59.434369639191154,67.56721980907837,52.562037310514775,72.99569633798518,70.24188064914922,67.34400049266104,109.30904697613536,40.70924952201663,32.50582071318878,71.45571166553752,46.18087139002493,76.29460350163505,72.7472769720528,59.777437853918165,74.1334713056143,122.00167233510572,157.03755092988052,26.060519873813256,54.891674190012665,51.18862470107149,79.56486823879106,80.87914926901705,57.42952532235982,47.87802270584279,84.54536003848496,134.2313739737899,89.3566798225043,38.02007916208866,31.22372359517771,44.826074705990294,38.01699688020645,61.19039154787186,77.5156232054571,55.718373244894785,24.898618534709534,66.74656638747005,34.709427612488874,111.11727276295404,36.70885068112223,51.148977900569406,94.83880060993562,80.14055127869534,43.261689461214644,58.78337716971888,75.90299182498174,69.47243341100747,83.30706237727387,71.10848088363839,51.67541380647782,42.14673262966318,60.37995954120841,54.28615941870818,54.00286368639797,63.464382172252925,35.256530994769335,46.98289567172564,55.86128805113759,60.46699683860261,17.960111298870657,68.82195630699461,78.93770151094206,24.89495151124838,92.03541733550405,59.318590806560884,42.219253799950785,83.44804125941917,61.27080177403806,512
Euclidean Distance,Control,FASHION_CLASS_1024,24.052328985120532,16.99571220939747,85.03526776564564,20.742460394584064,49.37322013769327,48.700169365833496,68.71994037503025,55.79216300708247,49.877739797077986,41.998026569251536,32.96635921641283,43.94316777978559,20.518834732323732,58.78997120469948,37.81817813611712,13.736275928232274,39.13833631475518,56.11938703755751,38.06026775704807,65.89558569075056,31.005370518002064,37.82763311012236,22.703835617089393,34.56770871840186,36.08410551020749,17.61514349991827,33.02541481226111,33.087985464832514,141.94196804393764,32.407461893811366,20.217464869062198,23.663614587364,58.12674210919107,26.366716332819607,49.68725279458237,53.96017094388582,45.20996911525149,54.797487848681584,55.88046889637675,189.25311186980764,27.925133579502845,12.797520399895433,39.76692360124227,65.05182671771223,76.34438251921404,74.45374450963683,114.50350133572574,48.53854613268932,104.95229274181055,155.3110766408724,19.953193059816005,47.16582728444139,41.23208117333394,20.438518659462613,53.76205587186606,29.74753852370466,19.3052580950404,90.73946481533434,96.74202542977137,34.493017066660215,22.70668994886456,20.38802936256458,44.78046816645766,39.6377650884159,27.449104379873972,63.59993650257551,54.155401951507756,18.51464783681562,54.025242440385234,22.701528035208657,24.656793203757765,28.254191121708462,42.90679757354396,90.88322534951052,31.692263477521504,30.826195126615445,28.814211676721456,41.40701471055468,59.7864765712062,51.60742520933318,45.79302584557496,25.354304013190852,41.50815848558773,33.16845845986877,22.239603661406267,48.6875462157028,83.55589799992345,20.461442511531935,23.731289340158355,128.53868675269462,41.90095285989789,29.0358948076348,56.25802034613756,68.21401667513112,57.03141211221862,86.96287994331044,80.9422551087963,18.8694191421833,130.47681767153085,43.62107097490669,1024
Euclidean Distance,Control,FASHION_CLASS_2048,17.091281117682147,18.97984445092276,71.65815118234165,19.75328742318728,36.60805048306211,44.59946917421468,73.035828771324,28.44701709051984,51.98775831112489,56.469155003256795,29.010694758119772,39.58776803160409,24.189895222909637,59.986088185233086,18.031208606895426,15.218462859951316,37.86432647010708,46.946099899374,31.714450621273855,54.10912807977768,23.28916028579672,40.69281068531149,15.208447921552679,42.61561278535517,34.40764479613487,32.879853802601744,61.66136950527361,17.041787863643158,94.65311707781164,18.915787167218458,14.87599094948983,17.910632911142997,41.486047325204396,51.192245473786286,50.92399775216577,50.710352340244306,39.0229638279679,42.94066963800091,56.367542113510694,76.60923411460206,25.93528111174063,7.575868949634822,34.85465825967427,41.57565814627088,70.13163869158282,65.51510062222081,31.630994453097575,39.99378681574758,114.11708295716336,144.83115966736023,15.156739587125669,37.05687763658365,25.787001218920423,18.24806844568869,25.31466381993825,40.96632438476721,16.928268710334898,88.00122902077119,102.28785992393405,40.25688088277405,31.49651380081542,19.232190174858353,34.202156033695914,18.296763874353022,22.09966376924163,61.204438560265395,45.98528028730636,12.208508885978512,34.06792976051872,19.804092216247962,22.816143991930524,28.909293300357017,32.616918309562784,69.92432302466278,53.24999403720042,50.573417094780496,31.325950959125407,29.260392626826434,70.31734865270472,42.33858402917632,58.899532615569484,16.345847927773836,31.53823197402934,27.780345618032584,22.826355496001177,39.28288641524418,66.79406590397858,12.780182977261076,25.762793908639697,36.34969711753723,29.24044864427239,25.667021827433523,24.296394173645872,53.763701076986464,53.01772939624557,89.56775501437822,83.68319326839658,13.702662372411215,119.06958644806187,31.33988895190253,2048
Euclidean Distance,Control,FASHION_CLASS_4096,12.311520034895723,18.811962500709075,75.25754283782281,16.577702919260954,36.209511105329476,39.49907231459053,53.31598724500223,22.481941054192703,49.221537511391084,75.79340398511381,25.91950465179582,19.617610858749327,21.052513835474105,39.37743285167189,15.056628194823798,16.663618636055997,66.5474965679005,44.14698821173095,34.190860940710614,79.6071942789571,27.23604866496856,27.658157753407142,22.21752388545796,27.807177658169064,28.856425393646344,23.618396223738284,31.886093748253774,50.03885427201223,79.7587711892676,129.1336299248318,17.236756233098284,20.20956920593413,38.18356563958607,55.02196254250004,43.43598539886061,46.371685451369785,29.654495236533542,32.67673373910121,62.42940279202675,66.2812442356228,28.579290921475824,29.331275199243116,36.139216578116475,36.99292606887102,53.00395988833017,71.55661757958931,54.796443903263814,24.36849578359153,89.62637453176085,147.29978664691006,77.72949987111035,44.50466175143253,36.888376256731256,16.895794079142874,37.25152059900191,41.498865389194734,16.954492883519258,81.44494786369992,109.5368252946936,56.84111671995791,28.525501303462754,17.18896764942502,36.4461662635635,18.648484282273518,32.24927112677182,60.41426438050627,44.88817624384865,12.129079010453838,19.53131192148447,23.72647761072487,115.20466265049629,25.177252852511913,35.8840611213397,64.03059041640353,52.48941703148497,47.28565966462737,73.47644641736719,23.86637125214315,76.3086174777812,43.72040436358234,32.01216337194845,39.500568856597646,39.749269030632895,21.73487091822583,25.158484960365232,25.59526214264843,52.23988764764003,13.163354718610446,22.941584275112277,111.57495693440293,30.212147092608117,19.131755027331984,30.730145540931133,52.691972175154994,43.52749250052773,91.28240893406742,52.19782589745318,10.90393473114417,100.12066227289107,53.268081382650706,4096
Euclidean Distance,Control,FASHION_CLASS_8192,12.112417179078767,19.231909366755474,85.57699615047449,16.52978053878573,38.482117510944576,33.06368069762196,63.82314260449389,25.224648304841143,55.44066394201954,53.44208660131957,28.91923721082375,24.182643766605825,12.619964610537494,46.055046234561,12.27307988332985,16.056503258565094,27.256433681425364,64.74127938492359,28.56893736154136,69.8108765510988,26.702756085912743,27.385170982097414,17.06647254769878,26.583980865643493,22.339196384623992,27.99630687089663,65.23819740378208,18.416406296116463,68.72995035799178,110.36791156323014,18.602639881759615,20.566233488277703,29.20994958067476,47.16941832453353,24.847179445698817,52.627895069702255,33.10055906059211,36.35719964932127,59.231817799145865,193.3153281368328,25.347207827249807,30.69773367860917,23.57685809807268,38.152683355518626,56.06576920803091,74.5119675920507,22.268886991099663,47.139689005500266,86.9780171518681,140.66530208499876,69.55195165849393,39.926260726066516,28.660011688367565,15.715957361326899,33.47871837730505,31.679058889436607,21.298141638501363,33.29400611085457,78.33799451193012,64.17119929257797,24.865109868973963,18.838356810567536,21.345502402770823,21.15213794312686,32.96777316780146,50.116585258514476,31.029513407600362,13.002402947194632,13.53788830717148,29.069770175716485,84.27095436034949,18.13588560858767,21.184838872613557,60.37387426443774,18.940273633789694,45.81118256714478,30.616150665660342,22.8060679364742,59.81267431539264,55.33918319726303,26.167679549497443,30.59132392574091,33.22461677682026,26.17460394695202,30.001527800948292,23.626650330150618,68.23297948113745,11.081872089159555,21.456073070998833,102.62767076466764,22.905546684638406,19.248382891520375,19.13106456976137,43.925344724314485,21.2941293862549,91.90880922097678,45.037252310231146,8.72425185630337,111.44434482669105,24.425423845107392,8192
Euclidean Distance,Control,CELEBA_TEXT_32,84.0007553100586,62.194969177246094,75.470947265625,16.573326110839844,75.59130859375,39.55995559692383,83.97286987304688,70.70516967773438,71.88091278076172,52.79317092895508,54.449623107910156,41.3485221862793,61.475006103515625,18.92131233215332,48.211570739746094,39.5679817199707,40.836673736572266,14.589155197143555,51.61691665649414,96.63480377197266,73.21054077148438,83.96189880371094,76.34799194335938,58.74428939819336,54.88876724243164,86.18190002441406,81.79891204833984,37.091590881347656,52.21331787109375,27.062835693359375,66.9139175415039,42.51776885986328,71.98245239257812,44.600059509277344,40.0396614074707,52.52034378051758,53.257938385009766,30.832059860229492,82.4210205078125,53.84791564941406,78.52081298828125,40.383544921875,62.75423812866211,100.59007263183594,62.15156173706055,77.15400695800781,29.051067352294922,61.51056671142578,73.90096282958984,45.24137878417969,72.50640106201172,66.0324478149414,59.10518264770508,67.66609954833984,62.064247131347656,55.67457962036133,63.223785400390625,50.85863494873047,76.62161254882812,57.58650588989258,52.40074920654297,38.260772705078125,45.16627883911133,42.001644134521484,58.10517120361328,70.25921630859375,79.93632507324219,41.08109664916992,62.650306701660156,23.30704116821289,61.633453369140625,73.6729965209961,85.36847686767578,22.414945602416992,57.441444396972656,45.449554443359375,68.25701904296875,30.83165168762207,76.63819885253906,63.42671203613281,84.54381561279297,82.0440673828125,70.00135040283203,43.31937026977539,81.50190734863281,31.670726776123047,57.2974967956543,80.58430480957031,44.014739990234375,93.89680480957031,62.23668670654297,41.88926696777344,49.5710563659668,53.76353073120117,74.75556182861328,75.08699035644531,64.36149597167969,21.050748825073242,146.96881103515625,66.64012145996094,712
Euclidean Distance,Control,CELEBA_TEXT_512,60.85639572143555,72.05484771728516,42.228668212890625,41.50578689575195,95.64030456542969,77.3405990600586,116.3456039428711,70.42461395263672,86.2256851196289,59.5066032409668,87.51508331298828,47.49033737182617,63.46057891845703,87.1036148071289,28.408966064453125,46.653472900390625,32.434112548828125,79.11569213867188,99.11321258544922,88.87159729003906,51.144798278808594,48.854164123535156,47.500648498535156,62.759883880615234,31.78006362915039,28.361658096313477,102.94392395019531,39.88667678833008,50.748870849609375,73.55551147460938,39.94407272338867,80.45611572265625,52.95580291748047,58.16783905029297,86.03170013427734,42.16055679321289,74.44932556152344,59.55827331542969,64.76091003417969,62.52809143066406,139.54000854492188,42.078834533691406,57.12017059326172,38.86559295654297,93.48412322998047,53.962074279785156,105.64125061035156,40.48904037475586,75.0412826538086,43.41585159301758,108.2770767211914,54.97370910644531,109.25901794433594,42.64773941040039,87.93310546875,33.2352180480957,92.66804504394531,62.14507293701172,129.6197052001953,62.80277633666992,84.15301513671875,45.5603141784668,80.86935424804688,53.21540451049805,53.913116455078125,65.37198638916016,72.363037109375,77.56741333007812,100.47148132324219,107.62967681884766,119.55868530273438,45.439544677734375,86.6667251586914,68.59371185302734,81.23479461669922,68.52674102783203,111.55431365966797,42.84249496459961,79.60662841796875,70.46804809570312,89.24844360351562,104.99992370605469,157.03408813476562,57.02364730834961,55.69868469238281,59.18194580078125,89.87354278564453,38.63169860839844,113.71721649169922,73.60269927978516,70.64443969726562,62.203433990478516,112.11542510986328,67.73780059814453,82.69988250732422,61.99204635620117,124.66100311279297,69.62842559814453,128.06346130371094,79.62681579589844,10627
Euclidean Distance,Control,CELEBA_TEXT_8192,40.13212966918945,18.921955108642578,15.837776184082031,33.87591552734375,18.81371307373047,31.340993881225586,25.5466365814209,28.963157653808594,41.0789909362793,19.6689453125,68.86088562011719,18.164640426635742,29.20616340637207,34.19723129272461,16.01722526550293,32.319461822509766,25.14113998413086,28.765769958496094,25.55353355407715,32.979862213134766,17.680038452148438,16.39217185974121,23.093585968017578,17.990537643432617,25.015195846557617,32.418582916259766,30.30817413330078,19.56505012512207,26.51447105407715,44.18418502807617,32.0794677734375,44.046688079833984,35.61436080932617,45.31294631958008,26.791357040405273,18.731477737426758,21.780141830444336,18.489166259765625,49.677978515625,28.309999465942383,26.61538314819336,24.136999130249023,57.15102005004883,18.666494369506836,33.15726852416992,22.841773986816406,37.90420913696289,29.66547966003418,28.70812225341797,18.71552276611328,16.964550018310547,27.56536293029785,31.009231567382812,32.201507568359375,33.55329513549805,24.419404983520508,38.03532409667969,36.23116683959961,29.833276748657227,30.125654220581055,29.044429779052734,37.4170036315918,31.589550018310547,18.643667221069336,29.164379119873047,22.354583740234375,27.538713455200195,21.4686279296875,24.830944061279297,26.5274600982666,17.29732894897461,34.82233428955078,19.302780151367188,62.699546813964844,51.59587097167969,32.671295166015625,34.4586181640625,33.53652572631836,28.490575790405273,18.65494155883789,21.630813598632812,39.908714294433594,57.784393310546875,28.94314956665039,18.736909866333008,35.89198684692383,25.425506591796875,39.750946044921875,25.259201049804688,23.37238311767578,23.575471878051758,13.467818260192871,15.884055137634277,20.463781356811523,33.04587173461914,14.243408203125,28.080522537231445,31.06047248840332,20.507266998291016,35.954437255859375,162770
Euclidean Distance,Control,MNIST_RETRAIN_256,121.4203136678985,125.39923894798434,47.16458842516397,117.31147664854562,121.00247121081135,50.97654520727668,46.001808321879466,129.6266364519984,140.2950978966592,130.41075839123425,103.67600339609201,138.67815858952315,106.97177211623911,123.15583988869362,126.26357289590202,83.1962323745038,131.6141367389459,101.83108755291335,123.65957658901502,139.1958762297433,90.72510726221526,134.67575114478697,112.31963359424583,149.67622928172113,132.23568069748777,146.98639158959574,139.68478626223256,129.10576054652702,129.1078087938657,137.72309389175223,116.30824510206871,167.85360511341568,143.6556639124523,130.32305376164263,170.07755243023857,105.64771235678336,130.10613776122878,126.21514175721687,134.24022768809252,139.9176389483911,168.7298453248955,118.1252915669426,96.45866032134163,140.33293100717916,125.97114924843581,137.2333645603275,134.94083399390678,99.84961307749121,150.57389019601368,118.51613680265629,114.66703076034477,143.99365115232953,91.67319470453579,128.26278122892728,146.83042085838133,143.86327690559892,117.99584233513913,129.4505532533682,126.50159245115356,146.15687784643532,129.38083355685993,117.60374172202432,128.26722130057755,120.32164700993887,102.05646083266102,153.19153708032545,111.44878489834132,143.26249292492182,123.35806136626493,91.92068905554102,145.67415219945892,131.24286217619064,122.93719278891614,128.70088151291876,153.67609954265717,155.4429044824885,126.46194895427622,107.17725757505332,121.52636002204538,123.32460225490046,135.55767359081923,105.01341640674593,130.30953532920745,80.15198842754445,121.1690928281868,154.65756680934842,101.5205732563721,131.92293315062244,137.2855221877191,103.57185332254576,121.17342718384539,119.20214108712072,138.71231806933247,121.26596832005606,149.9536412583698,144.99507231244905,145.00171920542547,139.80123242706026,154.21917580637984,140.99961569416536,256
Euclidean Distance,Control,MNIST_RETRAIN_1024,106.08019647871721,106.92207238565388,107.0605867637433,97.31993511275026,141.80906982790583,141.7347118422629,97.46128400086641,146.4281847245649,114.10500490511473,113.08392057054407,113.49350396578177,124.67526940801037,75.27571938114107,119.48975465696583,149.3579845032888,65.58750946926727,130.1483052274073,72.21970792285865,141.3706656104383,137.9502114853625,57.38299046427531,137.67462310957018,124.31274284356606,148.88325362818267,135.4285943649866,96.24163860493611,81.49485241901901,158.42393687367692,143.54756931096676,133.45245854714395,150.35943209240622,159.6574574935143,155.44641953921163,128.06180191425813,158.7358651216068,144.81339938075917,101.48636091856696,139.54828048798493,37.854217378403355,128.40276241640117,56.327178426440085,63.38580215419256,117.46644307783913,155.11592492024423,149.73450522213082,154.18857102679053,107.43829678749164,87.0812818539841,110.2743925540965,156.9388914806518,77.01341938701498,120.6224354352462,69.98665581625292,122.57136259973205,111.54029530363317,112.24247413482357,118.72718556553228,149.93101803615178,118.11323994389188,48.523887949718926,121.8831647084404,121.26389364371948,96.6910174637892,96.55648064988647,102.05350739214366,106.24817258223598,121.61254498425671,103.37718393112958,122.60817819383215,122.97584519837154,91.62648145071533,111.6329157268376,135.55026025690316,112.50067222998568,125.00786513231229,140.4035625041156,81.27189739258085,37.65491960872675,135.98536084963092,140.57874711681657,125.24280570930637,122.28562548873914,134.9415079333537,106.48161992084768,119.5053081222407,128.13637133188442,127.3334583751287,134.76160574452433,143.51766489982228,149.82676885386334,104.24044089738209,74.75153985092993,125.48735322704371,128.30892625929252,123.72645516824709,111.4470141554808,156.3056130470342,155.91449030684237,151.95814860547767,128.70052472144687,1024
Euclidean Distance,Control,FASHION_RETRAIN_256,149.80615423548713,165.88706302181734,174.6316387775198,83.5840647044548,128.4542989623417,140.5879444080921,138.9788809423357,161.57074515430742,115.03012554824433,96.48389340710405,123.6327247271301,120.94083878766604,135.07601831825852,159.51101441604942,225.55513768234988,183.05241966522715,101.04520808531593,180.7625584275962,175.27482808535675,149.60575635877217,97.21135157480323,63.80803843218362,110.13258776576625,102.3254353517243,77.58881170794216,187.10175179576714,151.66125845736326,176.0369346693267,136.30359241356427,189.54828413305736,97.51786187815986,156.55408527096242,182.06171546376348,115.6823800023672,148.6716498563504,75.20846418868867,156.124362979311,192.64910595731013,165.33448553334307,215.53491348412837,162.51400930450788,167.96023290551676,141.9732335484749,172.46229377039597,171.2735042295352,161.71347495756478,97.40876297475343,192.39746225363174,133.14421714442366,141.66546786771715,180.58255052277516,161.58537360465516,184.96186190682317,105.09506218856481,149.63262143515604,183.9788485437537,125.02936512211876,164.49368660807156,151.51922902255072,130.15661714725258,114.00343826611498,122.21034248816908,112.22993357531138,113.18786581935645,155.22556561810796,117.64536739374553,87.17420621066458,167.6954275608751,154.68951946783156,156.3735884296799,120.58042654305518,178.92953563348073,120.43119520630992,171.5645403546107,150.84209166688785,170.1171430691201,102.49526148509733,142.58501199228598,161.76123215680303,184.37392241913432,107.61256299251494,163.26994471746394,208.8477955728629,119.14966631175409,154.28847263892143,148.1458713717652,123.90129620397512,155.2499595831865,175.13487332688078,127.29538740362749,161.73915072904234,197.9978329849987,141.11581078351284,175.1094882743803,127.5178402791052,86.65379941990626,116.42074013170763,169.20971664009673,126.99218072501064,144.1266947278499,256
Euclidean Distance,Control,FASHION_RETRAIN_1024,81.95941473717612,151.5534677893538,150.17995276754357,61.1785513568045,86.65129527235351,73.36319816128758,116.56685284669855,139.91076740893234,43.76094975001364,47.32357866939054,191.717378064701,125.15673967758566,90.87507861090224,131.5486853256014,170.6394197114811,17.306437937922055,78.82599935124068,194.455818683998,167.4237506767747,167.2094379326558,35.15258574595695,24.195745942323786,110.66006431346769,108.18826585416767,46.96548226572227,163.17022810831847,56.027136620323944,139.68711201404938,108.86488784437113,117.84521026150419,101.84804836232738,121.96875501819858,213.15771762287662,151.32025831172336,99.56367774901392,57.61728353082038,69.55427080306126,151.1674722747581,150.90493982393738,219.15698121982336,156.47231395140344,91.24094183633372,84.29627334035516,165.87066382860908,70.45650393399366,110.60046692316209,74.76112036267529,109.26183157135445,110.46180718558412,131.92134741074736,173.14869448982918,143.74198101965322,139.05084710366702,47.550749120996656,64.35221810656938,119.23018225391196,116.3555926518392,131.47045549176346,198.79512977969677,191.09468444474965,131.78908349066558,111.43940260408034,166.7361077944393,70.6835356333607,79.60300528278705,137.38460450091452,52.52976750405662,112.7549588334559,115.85406277284399,48.85546615760099,142.85983392713868,163.49056077758632,48.45349761738847,125.49040577630326,36.48421741331626,176.44666342405296,76.83797048433483,104.47953082704933,42.3218974206157,105.55105490414694,38.538761460732815,108.4657505105606,128.8796604693366,155.41622440909006,78.37542458023181,138.4689069985056,63.10471654683327,145.409426141811,166.82878107563957,100.92907906846324,162.87241294527692,85.15177339571866,79.47602716228894,180.63606924355958,128.19359011237736,67.19652668427733,63.62449564889102,166.10014681753304,85.4284519676751,123.45013999501204,1024
Euclidean Distance,Control,CELEBA_EPOCH_512,49.069618225097656,49.180198669433594,30.183494567871094,50.017295837402344,25.55259132385254,75.7964096069336,65.80168151855469,74.2852783203125,27.470251083374023,59.56050109863281,82.6905517578125,30.069488525390625,32.794883728027344,64.57472229003906,32.550758361816406,23.985912322998047,54.16363525390625,36.54646301269531,70.67342376708984,36.25342559814453,35.43299102783203,29.417863845825195,31.78167724609375,31.20955467224121,47.23506164550781,32.483253479003906,44.71066665649414,35.85987091064453,58.90473175048828,57.68990707397461,43.15895462036133,60.14674758911133,27.85295867919922,30.553319931030273,61.07221221923828,38.704715728759766,30.206811904907227,67.58324432373047,45.67290496826172,22.619159698486328,52.80754470825195,25.381877899169922,35.321529388427734,32.33241653442383,70.32582092285156,29.587770462036133,35.544254302978516,47.18045425415039,43.78754425048828,35.925174713134766,26.50128173828125,55.87125015258789,24.51079750061035,33.654823303222656,45.89682388305664,57.80875778198242,53.684261322021484,25.629188537597656,46.975624084472656,48.782806396484375,26.915897369384766,60.6010627746582,22.924068450927734,23.621509552001953,38.28762435913086,49.271636962890625,22.878026962280273,43.1721305847168,65.05008697509766,34.94489669799805,40.4029426574707,22.302907943725586,39.1444091796875,35.439083099365234,48.28599166870117,39.25884246826172,35.48255920410156,35.12885284423828,26.78423309326172,38.445091247558594,51.35079574584961,60.27192306518555,41.23624801635742,22.60040283203125,42.64395523071289,44.81138229370117,40.35542678833008,60.86585235595703,28.25056266784668,33.304405212402344,35.13911056518555,41.32181167602539,48.26447296142578,42.75131607055664,76.1877212524414,25.867246627807617,77.8425521850586,25.81440544128418,31.53557014465332,31.902061462402344,10627
Euclidean Distance,Control,CELEBA_EPOCH_8192,26.293781280517578,21.72439193725586,15.779431343078613,27.67011260986328,16.22628402709961,46.75631332397461,50.364601135253906,24.4915771484375,22.141677856445312,50.547996520996094,57.58152770996094,52.15507125854492,20.19327163696289,37.0543212890625,25.90437889099121,15.800615310668945,23.44281578063965,17.053102493286133,16.968231201171875,24.666515350341797,29.78226089477539,19.386533737182617,62.43753433227539,18.725788116455078,15.471266746520996,28.57067108154297,24.238025665283203,10.618290901184082,22.679080963134766,21.048084259033203,21.94692611694336,34.46344757080078,13.946632385253906,14.220577239990234,48.46672439575195,25.984291076660156,15.335908889770508,45.777809143066406,16.619476318359375,40.060546875,25.322175979614258,20.496179580688477,21.472726821899414,34.97344207763672,46.41473388671875,21.83561134338379,39.78306198120117,33.64299392700195,25.274734497070312,17.237884521484375,11.625783920288086,36.104366302490234,38.0990104675293,26.521543502807617,20.46628761291504,31.40031623840332,29.580150604248047,17.417888641357422,26.543127059936523,17.51664161682129,33.401145935058594,22.129806518554688,32.923980712890625,37.49441146850586,39.57423782348633,36.44559097290039,34.860328674316406,16.412771224975586,45.12519836425781,41.20886993408203,21.96900749206543,16.921022415161133,20.366695404052734,27.803674697875977,25.392288208007812,27.427892684936523,43.26832962036133,17.346599578857422,13.65854549407959,22.933094024658203,15.41643238067627,34.157108306884766,39.03532791137695,31.37778091430664,27.360912322998047,38.22373962402344,30.89937400817871,48.424842834472656,25.71415901184082,21.17122459411621,27.705041885375977,43.284244537353516,17.42523193359375,18.517431259155273,26.94345474243164,14.288224220275879,18.679800033569336,15.208194732666016,18.37986183166504,26.867938995361328,162770
OpenCLIP,Primary,MNIST_256,0.3351396322250366,0.3402426838874817,0.2891315221786499,0.10619109869003296,0.2717146873474121,0.2782350182533264,0.11661756038665771,0.2704958915710449,0.2967642545700073,0.07535862922668457,0.06240326166152954,0.11836075782775879,0.2937666177749634,0.26929646730422974,0.27844786643981934,0.06397557258605957,0.30569392442703247,0.26146018505096436,0.08378791809082031,0.16397207975387573,0.05354130268096924,0.20006442070007324,0.33358681201934814,0.12876415252685547,0.13707250356674194,0.12256777286529541,0.2520766258239746,0.2362409234046936,0.2713238596916199,0.3758753538131714,0.23799049854278564,0.1755353808403015,0.3192862272262573,0.2319709062576294,0.24309754371643066,0.2650654911994934,0.1370505690574646,0.3234628438949585,0.1141211986541748,0.22742319107055664,0.30465078353881836,0.2567110061645508,0.05676889419555664,0.2571081519126892,0.06198805570602417,0.3061298727989197,0.27653980255126953,0.3583225607872009,0.12041270732879639,0.2689872980117798,0.21597540378570557,0.27720510959625244,0.29057133197784424,0.2515528202056885,0.20518547296524048,0.33465397357940674,0.28113853931427,0.30077290534973145,0.2358863353729248,0.33618903160095215,0.25599467754364014,0.1311708688735962,0.22325098514556885,0.3313261866569519,0.28521645069122314,0.2892371416091919,0.09756159782409668,0.2722814083099365,0.06912457942962646,0.3318063020706177,0.35312575101852417,0.38700342178344727,0.33780527114868164,0.11229026317596436,0.09933632612228394,0.2956322431564331,0.2854645848274231,0.3602049946784973,0.22997713088989258,0.2552376985549927,0.2257223129272461,0.30203771591186523,0.3222697377204895,0.31442487239837646,0.24148356914520264,0.28215229511260986,0.2366342544555664,0.2925271987915039,0.07433843612670898,0.378825306892395,0.11936295032501221,0.34185791015625,0.28445518016815186,0.24601411819458008,0.2112518548965454,0.3004192113876343,0.2885977029800415,0.2793545722961426,0.2765178084373474,0.2605466842651367,256
OpenCLIP,Primary,MNIST_512,0.36311793327331543,0.2955818772315979,0.24471503496170044,0.1347528100013733,0.32116174697875977,0.22297662496566772,0.12333035469055176,0.29159462451934814,0.2989518642425537,0.037909746170043945,0.1795797348022461,0.2789499759674072,0.06952786445617676,0.3221108317375183,0.30842626094818115,0.04656320810317993,0.2997691035270691,0.26080065965652466,0.09176313877105713,0.14297258853912354,0.18496990203857422,0.3154059648513794,0.28860539197921753,0.19633352756500244,0.11184138059616089,0.15344011783599854,0.1479625701904297,0.22756922245025635,0.07844841480255127,0.027672231197357178,0.3114093542098999,0.25503671169281006,0.27037620544433594,0.22084099054336548,0.2842515707015991,0.31568586826324463,0.32336217164993286,0.2577110528945923,0.2999529242515564,0.2902768850326538,0.3142518997192383,0.357984721660614,0.06661021709442139,0.1443544626235962,0.26698988676071167,0.26929032802581787,0.3171377182006836,0.06927859783172607,0.03687930107116699,0.1776089072227478,0.20022785663604736,0.2996457815170288,0.2306261658668518,0.36966609954833984,0.19022977352142334,0.39804136753082275,0.22915124893188477,0.25058889389038086,0.23190099000930786,0.3980900049209595,0.21549415588378906,0.14741301536560059,0.40758728981018066,0.39078736305236816,0.31120455265045166,0.22832918167114258,0.032021164894104004,0.3589441776275635,0.07586634159088135,0.25785893201828003,0.3763372302055359,0.32864099740982056,0.24842596054077148,0.08798891305923462,0.0688554048538208,0.4066826105117798,0.23887014389038086,0.07867670059204102,0.3200969696044922,0.028470396995544434,0.2808353304862976,0.1512610912322998,0.3616875410079956,0.2395058274269104,0.3157181739807129,0.2897968888282776,0.2794811725616455,0.25784850120544434,0.19619405269622803,0.03685671091079712,0.02887403964996338,0.35096871852874756,0.38404130935668945,0.23377776145935059,0.32140207290649414,0.2608928084373474,0.2976498603820801,0.17699569463729858,0.24889981746673584,0.2623242139816284,512
OpenCLIP,Primary,MNIST_1024,0.21081608533859253,0.2269086241722107,0.29909414052963257,0.03366720676422119,0.2672705054283142,0.19656366109848022,0.11488330364227295,0.23550957441329956,0.20404422283172607,0.2760743498802185,0.4141387343406677,0.034742891788482666,0.0976412296295166,0.30420148372650146,0.2838602662086487,0.29469531774520874,0.28794288635253906,0.25691598653793335,0.09951585531234741,0.09742438793182373,0.19913429021835327,0.3330535888671875,0.1479179859161377,0.2695735692977905,0.24633067846298218,0.2920515537261963,0.2648986577987671,0.24582195281982422,0.14411616325378418,0.022953331470489502,0.32018792629241943,0.2824591398239136,0.2499607801437378,0.15133988857269287,0.12911856174468994,0.08190274238586426,0.2837175130844116,0.2737377882003784,0.24393069744110107,0.35434669256210327,0.30192482471466064,0.2804291844367981,0.03172576427459717,0.2808300256729126,0.08144450187683105,0.3633729815483093,0.05162620544433594,0.37581193447113037,0.031679630279541016,0.03170192241668701,0.31462883949279785,0.3159646987915039,0.2985187768936157,0.20472800731658936,0.1048429012298584,0.32873833179473877,0.3666706085205078,0.08470845222473145,0.18497085571289062,0.33876967430114746,0.29541265964508057,0.2879331707954407,0.3809548616409302,0.3265186548233032,0.23657941818237305,0.2629362940788269,0.02620542049407959,0.4177206754684448,0.05048269033432007,0.20566272735595703,0.03988534212112427,0.2989310026168823,0.05633687973022461,0.036833226680755615,0.25380992889404297,0.25103676319122314,0.2506796717643738,0.09081566333770752,0.30010688304901123,0.34034788608551025,0.09175300598144531,0.25302016735076904,0.3734813928604126,0.3814045190811157,0.07912677526473999,0.23198527097702026,0.0373687744140625,0.27668094635009766,0.26089775562286377,0.3578871488571167,0.0896834135055542,0.3357417583465576,0.29672735929489136,0.13417690992355347,0.25089091062545776,0.31229329109191895,0.24101006984710693,0.3175581693649292,0.2918738126754761,0.2913447618484497,1024
OpenCLIP,Primary,MNIST_2048,0.13397324085235596,0.12793278694152832,0.3753269910812378,0.00867462158203125,0.17704832553863525,0.05498480796813965,0.02504563331604004,0.2224944829940796,0.048093557357788086,0.32455241680145264,0.2604783773422241,0.20588433742523193,0.10695016384124756,0.23065757751464844,0.25495827198028564,0.3731961250305176,0.19023454189300537,0.008423268795013428,0.01482701301574707,0.06122446060180664,0.07518529891967773,0.05959177017211914,0.31721043586730957,0.25931358337402344,0.21700793504714966,0.13874691724777222,0.053345441818237305,0.24681031703948975,0.027998626232147217,0.02102530002593994,0.23256993293762207,0.24059617519378662,0.23081791400909424,0.1638777256011963,0.18813824653625488,0.057044267654418945,0.3195793032646179,0.18305665254592896,0.019646108150482178,0.32557106018066406,0.23864173889160156,0.14112627506256104,0.05209648609161377,0.18627572059631348,0.04383862018585205,0.2694527506828308,0.3913639783859253,0.41596168279647827,0.014676213264465332,0.15987461805343628,0.2686713933944702,0.31242507696151733,0.12694448232650757,0.17643296718597412,0.039180874824523926,0.31187427043914795,0.30761879682540894,0.190659761428833,0.24860119819641113,0.35061824321746826,0.19054442644119263,0.30960607528686523,0.31094956398010254,0.27366089820861816,0.32921791076660156,0.20814931392669678,0.025551199913024902,0.24526631832122803,0.00765913724899292,0.14291715621948242,0.27000129222869873,0.018501996994018555,0.04622328281402588,0.026741862297058105,0.08128553628921509,0.3346547484397888,0.19324660301208496,0.026967644691467285,0.3217571973800659,0.34104764461517334,0.02178257703781128,0.27145814895629883,0.17996442317962646,0.23768305778503418,0.04631716012954712,0.23650425672531128,0.2197200059890747,0.2554972767829895,0.22730183601379395,0.2996675372123718,0.04619395732879639,0.3789549469947815,0.27236080169677734,0.054262518882751465,0.0858452320098877,0.3950074315071106,0.009607791900634766,0.08670687675476074,0.26297640800476074,0.1881098747253418,2048
OpenCLIP,Primary,MNIST_4096,0.2836306095123291,0.23941892385482788,0.340836763381958,0.007258474826812744,0.19493162631988525,0.1166924238204956,0.013532757759094238,0.23069310188293457,0.18981099128723145,0.28810346126556396,0.24233496189117432,0.22872567176818848,0.08867627382278442,0.2634769678115845,0.09552884101867676,0.14403069019317627,0.2894861698150635,0.010538101196289062,0.0098799467086792,0.09842789173126221,0.010130167007446289,0.02079188823699951,0.2856227159500122,0.2785937190055847,0.017641305923461914,0.14124763011932373,0.14173150062561035,0.2557331323623657,0.06014198064804077,0.3350749611854553,0.37663185596466064,0.19603902101516724,0.143937349319458,0.03320670127868652,0.2819105386734009,0.3120375871658325,0.2278488278388977,0.18452203273773193,0.018464326858520508,0.2784310579299927,0.20011591911315918,0.030960679054260254,0.08954668045043945,0.16503006219863892,0.03852713108062744,0.25653696060180664,0.2927534580230713,0.25444674491882324,0.009010672569274902,0.0228537917137146,0.29078614711761475,0.2419121265411377,0.14753186702728271,0.14264750480651855,0.031778573989868164,0.24869757890701294,0.1957036852836609,0.12687957286834717,0.1536974310874939,0.17951035499572754,0.16499364376068115,0.2181296944618225,0.266285240650177,0.42961347103118896,0.21232175827026367,0.23186945915222168,0.00965738296508789,0.281390905380249,0.007115840911865234,0.012312889099121094,0.2550320625305176,0.0711355209350586,0.03930443525314331,0.033113837242126465,0.03868687152862549,0.26590001583099365,0.23792976140975952,0.024509072303771973,0.261560320854187,0.2813881039619446,0.04023975133895874,0.19574815034866333,0.06181597709655762,0.19486308097839355,0.02251356840133667,0.17207050323486328,0.1470557451248169,0.23063254356384277,0.2674143314361572,0.23458731174468994,0.02092885971069336,0.2653663158416748,0.2557966709136963,0.09027844667434692,0.23862379789352417,0.2664027810096741,0.024658918380737305,0.21173453330993652,0.08380037546157837,0.21109628677368164,4096
OpenCLIP,Primary,MNIST_8192,0.21843278408050537,0.09758704900741577,0.3285161256790161,0.005903482437133789,0.19577372074127197,0.08590424060821533,0.011143267154693604,0.19220632314682007,0.1896876096725464,0.2926924228668213,0.23413777351379395,0.18962454795837402,0.07121694087982178,0.22402524948120117,0.06888878345489502,0.3019728660583496,0.3364129066467285,0.2027599811553955,0.01949310302734375,0.1442003846168518,0.09642738103866577,0.011693000793457031,0.2780798077583313,0.24122703075408936,0.0156136155128479,0.13064968585968018,0.09227824211120605,0.31857728958129883,0.04080772399902344,0.33428382873535156,0.24222928285598755,0.18606936931610107,0.19131815433502197,0.02965402603149414,0.008816361427307129,0.20875805616378784,0.366915762424469,0.12240767478942871,0.025682568550109863,0.39457494020462036,0.20455694198608398,0.24493789672851562,0.08081424236297607,0.08734500408172607,0.11376035213470459,0.17478269338607788,0.29282963275909424,0.26063764095306396,0.00840085744857788,0.12365424633026123,0.25831544399261475,0.2229868769645691,0.12903732061386108,0.20143109560012817,0.0386885404586792,0.17087256908416748,0.1114264726638794,0.0830085277557373,0.15150034427642822,0.19045531749725342,0.11682820320129395,0.15990400314331055,0.23861384391784668,0.36632049083709717,0.22331422567367554,0.23310112953186035,0.008709549903869629,0.24372434616088867,0.00930774211883545,0.24353188276290894,0.2848920226097107,0.03621113300323486,0.009523987770080566,0.07277333736419678,0.14089751243591309,0.20299720764160156,0.2584116458892822,0.020301461219787598,0.26605385541915894,0.01915144920349121,0.023938655853271484,0.22775375843048096,0.019202232360839844,0.19175660610198975,0.017028450965881348,0.21082663536071777,0.1177067756652832,0.24711453914642334,0.2598028779029846,0.18063974380493164,0.01722860336303711,0.21662890911102295,0.22644376754760742,0.006257057189941406,0.1300652027130127,0.22635972499847412,0.011654376983642578,0.13387185335159302,0.15201836824417114,0.1837402582168579,8192
OpenCLIP,Primary,FASHION_256,0.38702917098999023,0.4195703864097595,0.3441213369369507,0.37791889905929565,0.19087809324264526,0.1180344820022583,0.3459559679031372,0.1586126685142517,0.4039536118507385,0.12462329864501953,0.30735570192337036,0.15656262636184692,0.15740454196929932,0.1948091983795166,0.31032538414001465,0.15617406368255615,0.13317406177520752,0.4644280672073364,0.2689903974533081,0.4211534261703491,0.1300223469734192,0.3696923851966858,0.29928237199783325,0.21957093477249146,0.33918917179107666,0.26865440607070923,0.4283849596977234,0.3352179527282715,0.3801438808441162,0.2930675745010376,0.237138569355011,0.45489466190338135,0.42247557640075684,0.5821306109428406,0.26287055015563965,0.16889089345932007,0.4093497395515442,0.15122771263122559,0.19503194093704224,0.18216270208358765,0.4504140019416809,0.06880879402160645,0.33399856090545654,0.23450696468353271,0.28818559646606445,0.1958521008491516,0.3033373951911926,0.14171189069747925,0.20276880264282227,0.4133434295654297,0.308860182762146,0.2419217824935913,0.2998073697090149,0.24727404117584229,0.1688600778579712,0.22563588619232178,0.4493960738182068,0.1532496213912964,0.17845791578292847,0.34159886837005615,0.16980469226837158,0.3529684543609619,0.3530811071395874,0.41720807552337646,0.4604583978652954,0.4261115789413452,0.3784348964691162,0.535443127155304,0.34534239768981934,0.37756288051605225,0.09486860036849976,0.3213161826133728,0.42729729413986206,0.21469199657440186,0.15037155151367188,0.3493310213088989,0.377315878868103,0.3302255868911743,0.37450945377349854,0.11723017692565918,0.37965238094329834,0.31299638748168945,0.5341653823852539,0.36622142791748047,0.41274595260620117,0.28113043308258057,0.2561345100402832,0.14706170558929443,0.20117402076721191,0.47420841455459595,0.4263366460800171,0.10883325338363647,0.1609431505203247,0.14996659755706787,0.3472740650177002,0.23521196842193604,0.38762474060058594,0.2775835394859314,0.16539323329925537,0.38329386711120605,256
OpenCLIP,Primary,FASHION_512,0.34900784492492676,0.34754884243011475,0.3016485571861267,0.08600425720214844,0.18623536825180054,0.14324069023132324,0.34468305110931396,0.06415647268295288,0.14147216081619263,0.04753965139389038,0.23537856340408325,0.14141762256622314,0.14143872261047363,0.06360083818435669,0.2354949712753296,0.13451039791107178,0.287656307220459,0.43536728620529175,0.09405910968780518,0.14049232006072998,0.12758326530456543,0.3858613967895508,0.32191532850265503,0.39583325386047363,0.4187987446784973,0.30322158336639404,0.43496936559677124,0.33192622661590576,0.48237764835357666,0.29576992988586426,0.15339702367782593,0.16744238138198853,0.3769904375076294,0.07926547527313232,0.1006087064743042,0.3532443046569824,0.1565658450126648,0.06448972225189209,0.143213152885437,0.16165661811828613,0.49010908603668213,0.055712997913360596,0.07566380500793457,0.4624261260032654,0.1582496166229248,0.11439239978790283,0.25380969047546387,0.36983561515808105,0.39793431758880615,0.26185011863708496,0.4174267053604126,0.1446443796157837,0.43405574560165405,0.22984611988067627,0.08849984407424927,0.15046191215515137,0.40943217277526855,0.10130888223648071,0.09413492679595947,0.16774976253509521,0.12446951866149902,0.527428150177002,0.333093523979187,0.396496057510376,0.4935797452926636,0.4710747003555298,0.38172483444213867,0.4132213592529297,0.432120680809021,0.318503201007843,0.16126501560211182,0.4651937484741211,0.3801918625831604,0.21634674072265625,0.38612186908721924,0.14350992441177368,0.4031602144241333,0.2747422456741333,0.47135305404663086,0.10927456617355347,0.4812435507774353,0.38900601863861084,0.4572466015815735,0.4043387174606323,0.371659517288208,0.11761772632598877,0.27770400047302246,0.13933521509170532,0.1454429030418396,0.41812849044799805,0.3767549395561218,0.028110980987548828,0.2310326099395752,0.39684122800827026,0.4281155467033386,0.13256502151489258,0.3501100540161133,0.3403010368347168,0.18066847324371338,0.4450719356536865,512
OpenCLIP,Primary,FASHION_1024,0.39061564207077026,0.4991518259048462,0.3413515090942383,0.3943491578102112,0.1507127285003662,0.18545687198638916,0.29019492864608765,0.12582898139953613,0.10668277740478516,0.044756412506103516,0.20416897535324097,0.07174354791641235,0.09971505403518677,0.06056642532348633,0.3583059310913086,0.14730918407440186,0.16687560081481934,0.4641515612602234,0.43536651134490967,0.3962107300758362,0.12130272388458252,0.33137381076812744,0.28849947452545166,0.3180752992630005,0.3515729308128357,0.2749849557876587,0.42417675256729126,0.3659656047821045,0.41611212491989136,0.23060065507888794,0.04453474283218384,0.1798275113105774,0.19803357124328613,0.20244449377059937,0.09274554252624512,0.08791840076446533,0.14079582691192627,0.058884501457214355,0.15792083740234375,0.20790112018585205,0.43130141496658325,0.09591615200042725,0.05339258909225464,0.11551713943481445,0.0729559063911438,0.30991578102111816,0.25139546394348145,0.36153578758239746,0.06205010414123535,0.35525012016296387,0.40752333402633667,0.14496266841888428,0.38376617431640625,0.12670445442199707,0.1880662441253662,0.06253838539123535,0.1502007246017456,0.05538439750671387,0.05730867385864258,0.18364453315734863,0.40322667360305786,0.08277130126953125,0.36270081996917725,0.3925858736038208,0.4391016960144043,0.4925658702850342,0.42565619945526123,0.41967910528182983,0.43236374855041504,0.25959259271621704,0.13528847694396973,0.43726223707199097,0.07351142168045044,0.10736942291259766,0.5185197591781616,0.049828410148620605,0.4256328344345093,0.2388569712638855,0.36359941959381104,0.0714637041091919,0.4633113145828247,0.2156984806060791,0.41056084632873535,0.4676404595375061,0.125868558883667,0.12387228012084961,0.42723673582077026,0.0771799087524414,0.061925411224365234,0.41197413206100464,0.3110227584838867,0.3616340160369873,0.13488394021987915,0.2393013834953308,0.4463110566139221,0.06427121162414551,0.3335670828819275,0.2766716480255127,0.10818374156951904,0.4174872040748596,1024
OpenCLIP,Primary,FASHION_2048,0.4598727226257324,0.35647785663604736,0.3508097529411316,0.04712897539138794,0.12576806545257568,0.18673187494277954,0.2746322751045227,0.06856203079223633,0.14527124166488647,0.3751601576805115,0.18341612815856934,0.046128034591674805,0.059044837951660156,0.051152825355529785,0.2706066370010376,0.05777096748352051,0.08727788925170898,0.4160701632499695,0.41778719425201416,0.3518989682197571,0.055681467056274414,0.2537996768951416,0.20545905828475952,0.11878311634063721,0.3410598039627075,0.10636591911315918,0.3530586361885071,0.41569674015045166,0.3564901351928711,0.27800655364990234,0.06230437755584717,0.167830228805542,0.26633280515670776,0.07229185104370117,0.08067584037780762,0.05399799346923828,0.12814736366271973,0.08842957019805908,0.06042438745498657,0.1496281623840332,0.48865407705307007,0.18923544883728027,0.0538669228553772,0.3626483678817749,0.19208920001983643,0.06006830930709839,0.2805213928222656,0.4027613401412964,0.07202190160751343,0.22830992937088013,0.3366541862487793,0.12410849332809448,0.37388932704925537,0.07936322689056396,0.06194758415222168,0.06898081302642822,0.48679840564727783,0.24842894077301025,0.06344306468963623,0.11078858375549316,0.4548925757408142,0.4506492614746094,0.2184971570968628,0.4839893579483032,0.2718878984451294,0.4531158208847046,0.3677823543548584,0.41639232635498047,0.4196484684944153,0.20152980089187622,0.10226798057556152,0.5675544738769531,0.2660810351371765,0.12702631950378418,0.43503302335739136,0.05687028169631958,0.3453242778778076,0.18860161304473877,0.4352520704269409,0.043235063552856445,0.3914661407470703,0.422995924949646,0.4827355146408081,0.3768960237503052,0.09506344795227051,0.0454067587852478,0.34150218963623047,0.04283630847930908,0.1213119626045227,0.45338332653045654,0.09558665752410889,0.4226764440536499,0.13587868213653564,0.07112455368041992,0.39663589000701904,0.07678580284118652,0.24204468727111816,0.26702845096588135,0.08193570375442505,0.33599305152893066,2048
OpenCLIP,Primary,FASHION_4096,0.33158838748931885,0.4479473829269409,0.46645641326904297,0.15359866619110107,0.34891003370285034,0.11649024486541748,0.26469242572784424,0.0739518404006958,0.09974610805511475,0.3161509037017822,0.146884024143219,0.15139341354370117,0.044963836669921875,0.35279548168182373,0.30813008546829224,0.19563865661621094,0.1427161693572998,0.42739778757095337,0.31947147846221924,0.44053083658218384,0.08090686798095703,0.2926046848297119,0.19456535577774048,0.2635951042175293,0.36400532722473145,0.3284895420074463,0.47917377948760986,0.38207554817199707,0.3770095109939575,0.07624995708465576,0.059620559215545654,0.11340832710266113,0.18379521369934082,0.21840834617614746,0.07799875736236572,0.2783345580101013,0.16142916679382324,0.1299663782119751,0.13037896156311035,0.2336750030517578,0.17944806814193726,0.08366364240646362,0.05433368682861328,0.06909722089767456,0.0652814507484436,0.05303281545639038,0.36197149753570557,0.33567094802856445,0.13074535131454468,0.21737760305404663,0.3653264045715332,0.09040194749832153,0.2521238923072815,0.14008665084838867,0.0879584550857544,0.07176375389099121,0.21692466735839844,0.11416512727737427,0.19950366020202637,0.17000532150268555,0.39185184240341187,0.10844391584396362,0.14824450016021729,0.1716291904449463,0.3818631172180176,0.48300468921661377,0.4004305601119995,0.49920105934143066,0.44426554441452026,0.36395108699798584,0.1648387312889099,0.5339610576629639,0.3497638702392578,0.13755583763122559,0.40298235416412354,0.06542927026748657,0.3586135506629944,0.3769040107727051,0.4096028804779053,0.039105892181396484,0.37195849418640137,0.2578645348548889,0.34949761629104614,0.5039775371551514,0.4049116373062134,0.049782395362854004,0.26449912786483765,0.0942997932434082,0.15594393014907837,0.3886846899986267,0.3692249655723572,0.41335272789001465,0.23513060808181763,0.2854246497154236,0.33273541927337646,0.08329296112060547,0.5351811647415161,0.25166380405426025,0.15932339429855347,0.38673365116119385,4096
OpenCLIP,Primary,FASHION_8192,0.47706055641174316,0.40615004301071167,0.18316149711608887,0.1582147479057312,0.1583406925201416,0.3027147054672241,0.34326207637786865,0.05333906412124634,0.11137878894805908,0.3153042793273926,0.1621614694595337,0.15210837125778198,0.04526996612548828,0.16248327493667603,0.23160886764526367,0.11396360397338867,0.09756428003311157,0.32779133319854736,0.3465970754623413,0.10257768630981445,0.08273673057556152,0.24735397100448608,0.1718311905860901,0.1595659852027893,0.3172709345817566,0.18336760997772217,0.43385767936706543,0.3829774856567383,0.08397293090820312,0.10704171657562256,0.06892865896224976,0.15874409675598145,0.10398292541503906,0.1689772605895996,0.07476180791854858,0.2906196713447571,0.11097931861877441,0.07493674755096436,0.17078399658203125,0.20955687761306763,0.19763386249542236,0.2891511917114258,0.03373152017593384,0.14665770530700684,0.30963826179504395,0.10114002227783203,0.10258042812347412,0.4300307035446167,0.15804600715637207,0.25056207180023193,0.3299914002418518,0.16676688194274902,0.278947114944458,0.11991661787033081,0.09834516048431396,0.05703479051589966,0.2842447757720947,0.13449466228485107,0.1892542839050293,0.1619841456413269,0.35205018520355225,0.4237523674964905,0.151300847530365,0.17193061113357544,0.3012029528617859,0.5279099345207214,0.2538090944290161,0.4901812672615051,0.3604320287704468,0.2792398929595947,0.10383152961730957,0.5332328081130981,0.3048546314239502,0.07859659194946289,0.3559596538543701,0.053677499294281006,0.35231006145477295,0.19826650619506836,0.40400856733322144,0.04340118169784546,0.4350658059120178,0.27070915699005127,0.4647709131240845,0.38963937759399414,0.3511505126953125,0.05056297779083252,0.2666388750076294,0.08393043279647827,0.13018262386322021,0.3844127655029297,0.3479501008987427,0.2023477554321289,0.08197098970413208,0.37478888034820557,0.4230724573135376,0.047525644302368164,0.36648881435394287,0.053521037101745605,0.19043338298797607,0.33141279220581055,8192
OpenCLIP,Primary,CIFAR10_500,0.41694557666778564,0.5883740186691284,0.3975687026977539,0.5562806725502014,0.5358275175094604,0.5232977867126465,0.5114319324493408,0.6145589351654053,0.5313065052032471,0.5419135093688965,0.5881796479225159,0.576291561126709,0.611155092716217,0.5574682950973511,0.3456093668937683,0.5908473134040833,0.4735327959060669,0.4054795503616333,0.514763355255127,0.550481915473938,0.5910084843635559,0.5507997870445251,0.5343344211578369,0.5662782788276672,0.4141860008239746,0.5745100378990173,0.5479182600975037,0.5431177616119385,0.5004374980926514,0.5556527376174927,0.4377880096435547,0.5389844179153442,0.6699404716491699,0.4757295250892639,0.5167710781097412,0.5843997597694397,0.4943948984146118,0.5386456847190857,0.5282799005508423,0.5043668746948242,0.5858684182167053,0.4910184144973755,0.4904443025588989,0.41435694694519043,0.4862971305847168,0.47786659002304077,0.4268779158592224,0.6181944608688354,0.3606448769569397,0.5544430017471313,0.6536300182342529,0.4847090244293213,0.5189352035522461,0.4658636450767517,0.44744873046875,0.5740987062454224,0.5847008228302002,0.4907698631286621,0.5304338932037354,0.579641580581665,0.5082942843437195,0.5288559198379517,0.38895750045776367,0.4489086866378784,0.4712335467338562,0.5330091714859009,0.5871107578277588,0.48545920848846436,0.578434944152832,0.45211315155029297,0.4944319725036621,0.5383747816085815,0.47077518701553345,0.5770689845085144,0.44912588596343994,0.577250599861145,0.5388421416282654,0.4969642162322998,0.6149747967720032,0.4994503855705261,0.5836453437805176,0.5586519837379456,0.5663787722587585,0.37152135372161865,0.5061496496200562,0.47862768173217773,0.5888444781303406,0.4402405023574829,0.4436509609222412,0.44230854511260986,0.5126856565475464,0.47597742080688477,0.5619152188301086,0.5369017124176025,0.5438461303710938,0.6229138970375061,0.4363987445831299,0.46608972549438477,0.4904646873474121,0.5229016542434692,500
OpenCLIP,Primary,CIFAR10_50000,0.10358977317810059,0.14453119039535522,0.07602095603942871,0.13447105884552002,0.18609094619750977,0.3329492211341858,0.21542131900787354,0.25616955757141113,0.24236059188842773,0.0761559009552002,0.1857922077178955,0.5066952109336853,0.16373151540756226,0.19064319133758545,0.07290518283843994,0.15121734142303467,0.2970297336578369,0.09473246335983276,0.22529935836791992,0.3832246661186218,0.09623491764068604,0.17054688930511475,0.2722163200378418,0.29120713472366333,0.18042349815368652,,,,,,,,,,,,,,,,,,,,,,,,,,,,,,,,,,,,,,,,,,,,,,,,,,,,,,,,,,,,,,,,,,,,,,,,,,,,50000
OpenCLIP,Primary,CIFAR100_500,0.5144369602203369,0.3880176544189453,0.5229650735855103,0.6213449239730835,0.6564345359802246,0.5938313603401184,0.661130428314209,0.5163753628730774,0.4346618056297302,0.49514687061309814,0.6086015701293945,0.570497989654541,0.6287501454353333,0.5112690925598145,0.6106892228126526,0.518932580947876,0.4344894289970398,0.49091535806655884,0.4886122941970825,0.49390852451324463,0.6061843633651733,0.5495648980140686,0.40503621101379395,0.5297976136207581,0.5363715887069702,0.5431467294692993,0.632770299911499,0.4987831711769104,0.5805186629295349,0.6099048256874084,0.5624651908874512,0.4837050437927246,0.5265687704086304,0.544813871383667,0.5790868997573853,0.5877335667610168,0.5651044249534607,0.5578014254570007,0.6963629126548767,0.5880895256996155,0.5010907649993896,0.508004903793335,0.5109710097312927,0.48149222135543823,0.6289287805557251,0.47898733615875244,0.3430880904197693,0.6378076076507568,0.6168697476387024,0.5717345476150513,0.5919456481933594,0.4773879051208496,0.5635640621185303,0.6730276346206665,0.420646071434021,0.6100410223007202,0.3460018038749695,0.6758699417114258,0.6110599040985107,0.6037832498550415,0.5609742999076843,0.6636713743209839,0.5710016489028931,0.43538177013397217,0.4676905870437622,0.5834412574768066,0.5567861795425415,0.5997968316078186,0.5471563935279846,0.500684916973114,0.6791144609451294,0.6370519399642944,0.5995174646377563,0.5015066266059875,0.5421933531761169,0.34380269050598145,0.6018078327178955,0.4673503637313843,0.4026188254356384,0.5323458909988403,0.597819447517395,0.6435160636901855,0.5684326887130737,0.5762845277786255,0.5540052652359009,0.6235746145248413,0.606876790523529,0.41079264879226685,0.6284967660903931,0.5270501375198364,0.5884152054786682,0.5593556761741638,0.3531179428100586,0.5566492676734924,0.5759491920471191,0.6396797299385071,0.5154452919960022,0.5189880132675171,0.6640454530715942,0.5086612701416016,500
OpenCLIP,Primary,CIFAR100_50000,0.06866389513015747,0.06743389368057251,0.49891114234924316,0.4993410110473633,0.5014797449111938,0.16975200176239014,0.2989407181739807,0.24246621131896973,0.1481381058692932,0.11695551872253418,0.0797966718673706,0.16500341892242432,0.16053473949432373,0.14759480953216553,0.08173906803131104,0.09988164901733398,0.18375521898269653,0.09064650535583496,0.2837006449699402,0.19779348373413086,0.08327138423919678,0.08080822229385376,0.35809552669525146,0.10798811912536621,0.15818721055984497,,,,,,,,,,,,,,,,,,,,,,,,,,,,,,,,,,,,,,,,,,,,,,,,,,,,,,,,,,,,,,,,,,,,,,,,,,,,50000
OpenCLIP,Primary,CELEBA_BA_32,0.21920037269592285,0.1890019178390503,0.23162519931793213,0.2505267262458801,0.17045503854751587,0.3226085901260376,0.29049646854400635,0.301901638507843,0.25267231464385986,0.32289278507232666,0.22516214847564697,0.3451123833656311,0.30223548412323,0.2514217495918274,0.35216808319091797,0.21444082260131836,0.33795368671417236,0.1848747730255127,0.21893727779388428,0.180625319480896,0.318761944770813,0.20208525657653809,0.2456824779510498,0.28047144412994385,0.22690749168395996,0.35330742597579956,0.1989126205444336,0.34113579988479614,0.36665648221969604,0.17982983589172363,0.20409631729125977,0.20255041122436523,0.3854520320892334,0.27953648567199707,0.2310670018196106,0.21447855234146118,0.18036597967147827,0.22272878885269165,0.296207070350647,0.44553613662719727,0.34400415420532227,0.29056596755981445,0.3362560272216797,0.2188575267791748,0.2947101593017578,0.336239218711853,0.2726745009422302,0.34202146530151367,0.31165385246276855,0.22015845775604248,0.3723183274269104,0.2254701852798462,0.247314453125,0.2731582522392273,0.3717867136001587,0.2624337673187256,0.17078948020935059,0.19061404466629028,0.23068946599960327,0.19027578830718994,0.31773048639297485,0.32789701223373413,0.22367095947265625,0.32283055782318115,0.23054713010787964,0.21402513980865479,0.3095043897628784,0.15462303161621094,0.18391841650009155,0.3935425281524658,0.43929266929626465,0.28441452980041504,0.23553520441055298,0.34657418727874756,0.2925679683685303,0.32874631881713867,0.3153644800186157,0.3257524371147156,0.2101379632949829,0.3793342709541321,0.38495534658432007,0.30794066190719604,0.24227607250213623,0.28247225284576416,0.33902883529663086,0.31477928161621094,0.29666978120803833,0.24395400285720825,0.22008097171783447,0.2621649503707886,0.27755260467529297,0.3162806034088135,0.34620237350463867,0.23500216007232666,0.21390622854232788,0.3533651828765869,0.2887617349624634,0.30423784255981445,0.30802345275878906,0.24256277084350586,712
OpenCLIP,Primary,CELEBA_BA_512,0.11558139324188232,0.19646018743515015,0.2347179651260376,0.06106358766555786,0.23399263620376587,0.050974249839782715,0.09398859739303589,0.2667185664176941,0.3437195420265198,0.16555964946746826,0.19237804412841797,0.1933448314666748,0.2372521162033081,0.22629201412200928,0.21228212118148804,0.17297977209091187,0.060070037841796875,0.06506150960922241,0.19720369577407837,0.19182038307189941,0.14708435535430908,0.1954253911972046,0.24976253509521484,0.10333913564682007,0.26802515983581543,0.16978728771209717,0.2082865834236145,0.1954764723777771,0.09445691108703613,0.1528615951538086,0.07090091705322266,0.20125168561935425,0.27614444494247437,0.1293330192565918,0.1397862434387207,0.1848452091217041,0.10913717746734619,0.15024971961975098,0.08968126773834229,0.2122107744216919,0.3052900433540344,0.03793752193450928,0.11603933572769165,0.2816893458366394,0.11011576652526855,0.1517500877380371,0.06611073017120361,0.22265946865081787,0.21131062507629395,0.1718825101852417,0.19986248016357422,0.12163287401199341,0.16211742162704468,0.10524380207061768,0.2282576560974121,0.2515523433685303,0.11823570728302002,0.07486855983734131,0.155981183052063,0.18314969539642334,0.20387500524520874,0.18416827917099,0.15830790996551514,0.15785211324691772,0.11554384231567383,0.25214290618896484,0.1217958927154541,0.1760847568511963,0.19874262809753418,0.26828062534332275,0.24411559104919434,0.10331237316131592,0.06911969184875488,0.1944124698638916,0.10160654783248901,0.14729630947113037,0.10569101572036743,0.09165918827056885,0.03301894664764404,0.1970217227935791,0.24162352085113525,0.07355916500091553,0.24025189876556396,0.33170437812805176,0.24801170825958252,0.17483854293823242,0.13314712047576904,0.25311702489852905,0.163565993309021,0.16692066192626953,0.19367730617523193,0.1477285623550415,0.15004485845565796,0.18292319774627686,0.27119386196136475,0.041211485862731934,0.17296552658081055,0.12102317810058594,0.08967924118041992,0.1610700488090515,10627
OpenCLIP,Primary,CELEBA_BA_8192,0.06763666868209839,0.07167285680770874,0.22226393222808838,0.07206714153289795,0.1312624216079712,0.04591667652130127,0.0404895544052124,0.07532024383544922,0.15004801750183105,0.03676491975784302,0.08985990285873413,0.15644001960754395,0.058588266372680664,0.21518373489379883,0.033349692821502686,0.05403482913970947,0.09097379446029663,0.03376203775405884,0.09523636102676392,0.11426436901092529,0.1163867712020874,0.17699909210205078,0.12313026189804077,0.08858323097229004,0.08347660303115845,0.058232784271240234,0.15530681610107422,0.34402191638946533,0.13733303546905518,0.05488002300262451,0.013794302940368652,0.02601456642150879,0.1829451322555542,0.0616074800491333,0.10581499338150024,0.048765599727630615,0.19073426723480225,0.030653953552246094,0.09168398380279541,0.07313936948776245,0.06337571144104004,0.08429837226867676,0.04185688495635986,0.07200443744659424,0.1616673469543457,0.14548170566558838,0.041071176528930664,0.1673978567123413,0.05597633123397827,0.08312547206878662,0.1570671796798706,0.027317523956298828,0.049354732036590576,0.20249789953231812,0.1717071533203125,0.10534977912902832,0.10770213603973389,0.021559298038482666,0.024230539798736572,0.1801430583000183,0.15941154956817627,0.05786442756652832,0.046823978424072266,0.04236948490142822,0.018462181091308594,0.22997653484344482,0.12124872207641602,0.09623879194259644,0.0774308443069458,0.12682592868804932,0.05691713094711304,0.09493100643157959,0.02207362651824951,0.1914081573486328,0.06771880388259888,0.05999958515167236,0.12028199434280396,0.03703200817108154,0.13912618160247803,0.040344834327697754,0.11408472061157227,0.16523122787475586,0.09538954496383667,0.1316514015197754,0.22296559810638428,0.24206632375717163,0.23836582899093628,0.15586405992507935,0.19493132829666138,0.04933464527130127,0.12534284591674805,0.18741202354431152,0.1964321732521057,0.022980451583862305,0.27170777320861816,0.20425701141357422,0.03337329626083374,0.22943222522735596,0.07910317182540894,0.04444938898086548,162770
OpenCLIP,Primary,CELEBA_SD_32,0.3046383857727051,0.3596080541610718,0.24299681186676025,0.41136854887008667,0.2682560682296753,0.282747745513916,0.2169296145439148,0.25353920459747314,0.2424917221069336,0.30399781465530396,0.3313952684402466,0.42846643924713135,0.3752782344818115,0.3117111921310425,0.2116389274597168,0.2692696452140808,0.3413207530975342,0.20078694820404053,0.2896255850791931,0.23159420490264893,0.33541029691696167,0.27966487407684326,0.43351638317108154,0.31504565477371216,0.24460667371749878,0.21817904710769653,0.27443939447402954,0.2458842396736145,0.3837984800338745,0.266482949256897,0.20197844505310059,0.2592642307281494,0.1733081340789795,0.36440610885620117,0.21088570356369019,0.43692684173583984,0.32469379901885986,0.41894733905792236,0.26245927810668945,0.34690356254577637,0.17737901210784912,0.2975043058395386,0.3330352306365967,0.23030781745910645,0.18533539772033691,0.24574899673461914,0.2834599018096924,0.2867928743362427,0.33119046688079834,0.29374486207962036,0.21001219749450684,0.24939322471618652,0.40579402446746826,0.4073135256767273,0.3469414710998535,0.34403300285339355,0.39426159858703613,0.1769503355026245,0.41332656145095825,0.375760018825531,0.24729180335998535,0.3691166639328003,0.2602348327636719,0.274763286113739,0.2560071349143982,0.24380242824554443,0.5138391256332397,0.17724955081939697,0.33469295501708984,0.3492322564125061,0.3247559666633606,0.34120267629623413,0.44103097915649414,0.34183305501937866,0.32604485750198364,0.24539440870285034,0.3543323278427124,0.2797344923019409,0.22324180603027344,0.24580633640289307,0.2873893976211548,0.386089026927948,0.19705593585968018,0.3365457057952881,0.3676905632019043,0.4086209535598755,0.21991181373596191,0.28390437364578247,0.22028672695159912,0.32755792140960693,0.2519611120223999,0.3141486644744873,0.34323644638061523,0.17704516649246216,0.3885473608970642,0.31293588876724243,0.3530360460281372,0.33561837673187256,0.338631272315979,0.34053218364715576,712
OpenCLIP,Primary,CELEBA_SD_512,0.2536451816558838,0.18975722789764404,0.12559372186660767,0.2523442506790161,0.2568228244781494,0.29310011863708496,0.2808302044868469,0.29654568433761597,0.1285914182662964,0.32540780305862427,0.26856040954589844,0.09489560127258301,0.16820967197418213,0.2985546588897705,0.22247463464736938,0.2754323482513428,0.315504789352417,0.24173736572265625,0.16080212593078613,0.24149751663208008,0.2651504874229431,0.16028833389282227,0.20977449417114258,0.21202147006988525,0.10597014427185059,0.1908332109451294,0.2263169288635254,0.11670911312103271,0.16376948356628418,0.35782164335250854,0.2511162757873535,0.24637746810913086,0.21083486080169678,0.2004786729812622,0.25369489192962646,0.19778621196746826,0.19933640956878662,0.22134816646575928,0.25912928581237793,0.29808735847473145,0.2984035611152649,0.21456611156463623,0.3042353391647339,0.22124958038330078,0.24617356061935425,0.20525622367858887,0.09523624181747437,0.19076263904571533,0.26320528984069824,0.23326677083969116,0.22676897048950195,0.20303606986999512,0.11531102657318115,0.2073373794555664,0.25005149841308594,0.3119703531265259,0.3259153962135315,0.12414824962615967,0.21393990516662598,0.2816469073295593,0.2522341012954712,0.086803138256073,0.26691901683807373,0.2237352728843689,0.16379034519195557,0.15099692344665527,0.34773778915405273,0.3513745069503784,0.24917066097259521,0.22696030139923096,0.23978471755981445,0.12080132961273193,0.13024723529815674,0.23585689067840576,0.1838051676750183,0.13247287273406982,0.09089994430541992,0.2625584602355957,0.1608428955078125,0.13490092754364014,0.24570977687835693,0.22405076026916504,0.13097387552261353,0.13059985637664795,0.16016674041748047,0.21107643842697144,0.1923390030860901,0.23422646522521973,0.1052095890045166,0.1309705376625061,0.2357819676399231,0.22681206464767456,0.18376684188842773,0.16014516353607178,0.2904345989227295,0.22800254821777344,0.2621678113937378,0.1259288787841797,0.22427064180374146,0.20280981063842773,10627
OpenCLIP,Primary,CELEBA_SD_8192,0.11007362604141235,0.10751748085021973,0.08426547050476074,0.1502665877342224,0.04372739791870117,0.24845731258392334,0.25341635942459106,0.06177729368209839,0.0130881667137146,0.30963170528411865,0.06696224212646484,0.023823857307434082,0.15897643566131592,0.06514686346054077,0.09368795156478882,0.04365164041519165,0.04632449150085449,0.13022178411483765,0.093686044216156,0.07083874940872192,0.03303790092468262,0.03839921951293945,0.2897067666053772,0.032931625843048096,0.042600274085998535,0.18213927745819092,0.12207746505737305,0.014905095100402832,0.018099546432495117,0.22568249702453613,0.15209949016571045,0.1387718915939331,0.023227155208587646,0.04576706886291504,0.29563629627227783,0.2809309959411621,0.03886735439300537,0.10192430019378662,0.13583379983901978,0.15981459617614746,0.025558114051818848,0.1410190463066101,0.125352680683136,0.05378532409667969,0.23424935340881348,0.029789090156555176,0.2958791255950928,0.1911056637763977,0.17517638206481934,0.054254770278930664,0.021797239780426025,0.09552615880966187,0.14176547527313232,0.1711806058883667,0.03741645812988281,0.03693795204162598,0.2447197437286377,0.019207775592803955,0.08240163326263428,0.06426882743835449,0.12001252174377441,0.04844367504119873,0.2036956548690796,0.04619699716567993,0.23022162914276123,0.22191351652145386,0.14554113149642944,0.05878019332885742,0.18275612592697144,0.20891547203063965,0.14526253938674927,0.12956500053405762,0.08024537563323975,0.09654557704925537,0.23436790704727173,0.1568087339401245,0.1320657730102539,0.08079314231872559,0.035498082637786865,0.042140424251556396,0.0744863748550415,0.08969104290008545,0.15514153242111206,0.164361834526062,0.09684509038925171,0.26828640699386597,0.09889483451843262,0.2534816265106201,0.15848076343536377,0.09335446357727051,0.2486901879310608,0.169089674949646,0.09469997882843018,0.055571794509887695,0.07020783424377441,0.021008014678955078,0.2018355131149292,0.04354500770568848,0.05928671360015869,0.16981029510498047,162770
OpenCLIP,Primary,METFACES,0.2571157217025757,0.16616195440292358,0.17557770013809204,0.2667670249938965,0.13200902938842773,0.17768794298171997,0.21087443828582764,0.23959851264953613,0.2304140329360962,0.21190416812896729,0.22669470310211182,0.2638700008392334,0.32630038261413574,0.22156751155853271,0.1256716251373291,0.13644707202911377,0.22630715370178223,0.3373405933380127,0.24742579460144043,0.17055034637451172,0.21773260831832886,0.22365880012512207,0.17093425989151,0.2729661464691162,0.29557836055755615,0.1358068585395813,0.12651556730270386,0.2701457738876343,0.2602280378341675,0.2437925934791565,0.2981700897216797,0.2369796633720398,0.3239741325378418,0.21731650829315186,0.09493231773376465,0.18298763036727905,0.13900423049926758,0.27812659740448,0.26307523250579834,0.25671446323394775,0.21949434280395508,0.18247449398040771,0.2427045702934265,0.2834278345108032,0.20051562786102295,0.2674103379249573,0.18441414833068848,0.2387179136276245,0.29765284061431885,0.33525002002716064,0.24151933193206787,0.2601480484008789,0.19490528106689453,0.18714547157287598,0.21693462133407593,0.14961278438568115,0.21468544006347656,0.0845906138420105,0.22801411151885986,0.22698038816452026,0.19773536920547485,0.276181161403656,0.17217350006103516,0.2548590898513794,0.25883209705352783,0.2629252076148987,0.21017158031463623,0.24746793508529663,0.184769868850708,0.24982225894927979,0.2455388307571411,0.256854772567749,0.26668667793273926,0.27797961235046387,0.25047028064727783,0.22750842571258545,0.24322354793548584,0.07884061336517334,0.22076642513275146,0.2879798412322998,0.19366496801376343,0.23636937141418457,0.21482574939727783,0.2010737657546997,0.297710657119751,0.26810646057128906,0.20161712169647217,0.23812347650527954,0.31213390827178955,0.2003265619277954,0.2800784111022949,0.191331148147583,0.24538415670394897,0.22394919395446777,0.2969704270362854,0.24513119459152222,0.3449278473854065,0.18946444988250732,0.2636263370513916,0.20346391201019287,1336
OpenCLIP,Primary,ARTBENCH,0.028164803981781006,0.07859957218170166,0.11031317710876465,0.127485990524292,0.019258856773376465,0.16923439502716064,0.2263050079345703,0.07502365112304688,0.10413134098052979,0.09312355518341064,0.08422231674194336,0.08648896217346191,0.05943256616592407,0.07898169755935669,0.22873324155807495,0.09054243564605713,0.06858664751052856,0.02754998207092285,0.0679360032081604,0.3110355734825134,0.0442812442779541,0.16005218029022217,0.09927105903625488,0.1543322205543518,0.03662198781967163,0.08881700038909912,0.07916992902755737,0.11735022068023682,0.11041152477264404,0.10567653179168701,0.16389679908752441,0.04114025831222534,0.07633936405181885,0.020499587059020996,0.03957492113113403,0.1650714874267578,0.0924990177154541,0.11825954914093018,0.10072124004364014,0.12842261791229248,0.09235405921936035,0.21194803714752197,0.2719815969467163,0.36886441707611084,0.042381346225738525,0.021960794925689697,0.1248045563697815,0.027997612953186035,0.04826521873474121,0.07220906019210815,0.06099379062652588,0.06724816560745239,0.07789361476898193,0.08273768424987793,0.06660735607147217,0.06556320190429688,0.18213647603988647,0.10575222969055176,0.027470827102661133,0.04875856637954712,0.17134857177734375,0.0617833137512207,0.11102151870727539,0.08877182006835938,0.07000702619552612,0.06840211153030396,0.08181601762771606,0.09994196891784668,0.10146951675415039,0.07240402698516846,0.297000527381897,0.05180823802947998,0.0823819637298584,0.20589280128479004,0.24451082944869995,0.06703990697860718,0.15451157093048096,0.04900789260864258,0.09044754505157471,0.21719610691070557,0.07574653625488281,0.05159175395965576,0.09710860252380371,0.03765535354614258,0.12122631072998047,0.24787092208862305,0.04184865951538086,0.02347123622894287,0.11681103706359863,0.04719310998916626,0.3440711498260498,0.15743708610534668,0.23630672693252563,0.04609537124633789,0.1460055708885193,0.0816195011138916,0.08023267984390259,0.07042622566223145,0.13584983348846436,0.06577163934707642,50000
OpenCLIP,Control,MNIST_96_256,0.20947980880737305,0.3723607063293457,0.3040267825126648,0.3205021023750305,0.2919797897338867,0.3545052409172058,0.24708926677703857,0.32531172037124634,0.1864720582962036,0.2390350103378296,0.23947495222091675,0.3839414119720459,0.35266733169555664,0.3591187000274658,0.2491922378540039,0.36211007833480835,0.17930126190185547,0.12678688764572144,0.2025926113128662,0.16656780242919922,0.30909234285354614,0.3211667537689209,0.09097850322723389,0.10304778814315796,0.30711477994918823,0.2547091841697693,0.358928918838501,0.25267839431762695,0.37099337577819824,0.29418307542800903,0.3149120807647705,0.23680061101913452,0.06502294540405273,0.28669750690460205,0.39028245210647583,0.30621933937072754,0.13751375675201416,0.41930055618286133,0.31194961071014404,0.25845158100128174,0.30029189586639404,0.35235077142715454,0.28946173191070557,0.34126150608062744,0.31628453731536865,0.285844087600708,0.2947741746902466,0.2552342414855957,0.28306543827056885,0.20467710494995117,0.34848499298095703,0.32411032915115356,0.32794415950775146,0.331870973110199,0.34875911474227905,0.2357020378112793,0.3204256296157837,0.3489280343055725,0.2967131733894348,0.28501808643341064,0.3022924065589905,0.3063034415245056,0.3604249954223633,0.3721088171005249,0.3785485029220581,0.39439284801483154,0.03071153163909912,0.24033725261688232,0.24730193614959717,0.32749080657958984,0.29643332958221436,0.29513102769851685,0.2827557325363159,0.36565637588500977,0.1143302321434021,0.29780513048171997,0.21688884496688843,0.33272504806518555,0.21865880489349365,0.3475518822669983,0.332389235496521,0.11444735527038574,0.3087024688720703,0.28746497631073,0.1922607421875,0.28330087661743164,0.31670135259628296,0.3986186981201172,0.3527170419692993,0.41138309240341187,0.38265150785446167,0.32284772396087646,0.3099522590637207,0.3126314878463745,0.27291256189346313,0.2418147325515747,0.2573432922363281,0.26202088594436646,0.16926515102386475,0.19317126274108887,256
OpenCLIP,Control,MNIST_96_512,0.18776816129684448,0.3230578303337097,0.08504879474639893,0.09243106842041016,0.31178557872772217,0.17984068393707275,0.1195368766784668,0.3075404167175293,0.22782546281814575,0.25970834493637085,0.24720460176467896,0.29277628660202026,0.25653016567230225,0.2983784079551697,0.3041500449180603,0.33509665727615356,0.20131319761276245,0.02875697612762451,0.2454293966293335,0.2753975987434387,0.3624882698059082,0.3260813355445862,0.24557512998580933,0.043679237365722656,0.19879555702209473,0.3339114189147949,0.2933250665664673,0.25736576318740845,0.06301987171173096,0.36186712980270386,0.1741620898246765,0.25610488653182983,0.027067065238952637,0.2959864139556885,0.3388195037841797,0.2644772529602051,0.057858824729919434,0.33068811893463135,0.24788403511047363,0.27025341987609863,0.29465532302856445,0.2748776078224182,0.2680485248565674,0.26424121856689453,0.24743711948394775,0.28387749195098877,0.04270577430725098,0.26601457595825195,0.2240268588066101,0.2498326301574707,0.36685478687286377,0.23763209581375122,0.3098234534263611,0.323805570602417,0.3614569902420044,0.2568672299385071,0.033442139625549316,0.11909490823745728,0.05181527137756348,0.2957901954650879,0.20141327381134033,0.1739271879196167,0.38185471296310425,0.29384928941726685,0.353540301322937,0.46113479137420654,0.10365629196166992,0.26194334030151367,0.2570735216140747,0.0844845175743103,0.33122366666793823,0.26254457235336304,0.28800952434539795,0.05913686752319336,0.12239879369735718,0.25695836544036865,0.30355679988861084,0.2992010712623596,0.05745023488998413,0.3607943654060364,0.34178876876831055,0.29355746507644653,0.266849160194397,0.31142759323120117,0.35885751247406006,0.033393144607543945,0.0832940936088562,0.289855420589447,0.061269164085388184,0.16676676273345947,0.09671014547348022,0.3362661600112915,0.10598874092102051,0.3602330684661865,0.14483195543289185,0.24004793167114258,0.2088109254837036,0.27259087562561035,0.1723726987838745,0.16730272769927979,512
OpenCLIP,Control,MNIST_96_1024,0.12065082788467407,0.08214765787124634,0.35348427295684814,0.30616194009780884,0.25967442989349365,0.08591818809509277,0.13593006134033203,0.25090670585632324,0.17728972434997559,0.241135835647583,0.3012389540672302,0.23709499835968018,0.2824060916900635,0.29603254795074463,0.02194458246231079,0.25397586822509766,0.07132482528686523,0.3420926332473755,0.23857784271240234,0.06758499145507812,0.3114025592803955,0.024560928344726562,0.2501169443130493,0.036096036434173584,0.20519232749938965,0.25767332315444946,0.2753483057022095,0.2656400203704834,0.03621840476989746,0.3714563846588135,0.3237888813018799,0.26044344902038574,0.01950615644454956,0.15313845872879028,0.09018516540527344,0.2669714689254761,0.03793048858642578,0.06667214632034302,0.3740546703338623,0.21041405200958252,0.2757606506347656,0.3150365352630615,0.3166966438293457,0.31759607791900635,0.25792431831359863,0.3381749391555786,0.30112719535827637,0.2690467834472656,0.11663234233856201,0.28811073303222656,0.31868433952331543,0.1329265832901001,0.09690934419631958,0.3268657922744751,0.2917916774749756,0.0475001335144043,0.2107996940612793,0.173020601272583,0.1039091944694519,0.24755257368087769,0.3512256145477295,0.21080940961837769,0.27857643365859985,0.36120545864105225,0.19507956504821777,0.03457331657409668,0.25840604305267334,0.2653495669364929,0.24020874500274658,0.04217451810836792,0.06315290927886963,0.1949397325515747,0.21444356441497803,0.05148202180862427,0.1250508427619934,0.3064359426498413,0.3044482469558716,0.19546246528625488,0.04811912775039673,0.365863561630249,0.35330891609191895,0.2698281407356262,0.32450926303863525,0.29332518577575684,0.3284139037132263,0.32393932342529297,0.2816643714904785,0.28003132343292236,0.13005948066711426,0.08100324869155884,0.04493820667266846,0.2708883285522461,0.06302428245544434,0.2774565815925598,0.03681463003158569,0.24183595180511475,0.020560920238494873,0.23948383331298828,0.13819682598114014,0.21746015548706055,1024
OpenCLIP,Control,MNIST_96_2048,0.017561674118041992,0.005678355693817139,0.027616500854492188,0.04091602563858032,0.17449194192886353,0.06344795227050781,0.015105485916137695,0.22544419765472412,0.2473059892654419,0.031615495681762695,0.1203542947769165,0.2606090307235718,0.04908859729766846,0.27391260862350464,0.007410287857055664,0.18614792823791504,0.0295560359954834,0.28065478801727295,0.03260999917984009,0.09199446439743042,0.25765669345855713,0.017045199871063232,0.21354585886001587,0.008104443550109863,0.19341474771499634,0.37112534046173096,0.2339475154876709,0.25750041007995605,0.011342227458953857,0.311615526676178,0.12767601013183594,0.27048444747924805,0.0080108642578125,0.06735533475875854,0.11479693651199341,0.05886960029602051,0.021982312202453613,0.20125138759613037,0.35910236835479736,0.23511910438537598,0.22247064113616943,0.2645877003669739,0.3399510383605957,0.3018369674682617,0.08899486064910889,0.20268326997756958,0.027707338333129883,0.19252347946166992,0.09210395812988281,0.23484766483306885,0.3981475830078125,0.03129887580871582,0.023694515228271484,0.32158994674682617,0.40521156787872314,0.21168029308319092,0.1994178295135498,0.21711504459381104,0.19749659299850464,0.13567519187927246,0.2710265517234802,0.212868332862854,0.2775382399559021,0.12233161926269531,0.15099191665649414,0.018988192081451416,0.2400580644607544,0.2149813175201416,0.0718764066696167,0.024944186210632324,0.029379963874816895,0.2500954866409302,0.08335268497467041,0.19066721200942993,0.05823218822479248,0.27530544996261597,0.30212700366973877,0.1783442497253418,0.014469325542449951,0.3759411573410034,0.2711942195892334,0.31110644340515137,0.26683032512664795,0.14129626750946045,0.22360455989837646,0.24107623100280762,0.1388314962387085,0.23035985231399536,0.07721525430679321,0.0803024172782898,0.018145322799682617,0.26873648166656494,0.02422100305557251,0.16498786211013794,0.14658576250076294,0.2992367744445801,0.215800940990448,0.16237497329711914,0.14290601015090942,0.19718408584594727,2048
OpenCLIP,Control,MNIST_96_4096,0.012835562229156494,0.0046272873878479,0.3176231384277344,0.02618241310119629,0.12328147888183594,0.11002099514007568,0.008277416229248047,0.24760907888412476,0.03716307878494263,0.008566141128540039,0.1748119592666626,0.2543598413467407,0.11369377374649048,0.2701736092567444,0.006677031517028809,0.1336151361465454,0.01696842908859253,0.30096375942230225,0.10142797231674194,0.02374202013015747,0.25542163848876953,0.013131320476531982,0.2676827907562256,0.17175978422164917,0.016172707080841064,0.09678858518600464,0.056066930294036865,0.19192492961883545,0.01980412006378174,0.09985363483428955,0.21192049980163574,0.20617926120758057,0.003053903579711914,0.08181893825531006,0.05653488636016846,0.047025859355926514,0.03888905048370361,0.021007895469665527,0.2686469554901123,0.07496130466461182,0.1870863437652588,0.26988112926483154,0.3020428419113159,0.3615531921386719,0.11555624008178711,0.12074244022369385,0.035480380058288574,0.1582961082458496,0.2061631679534912,0.23978477716445923,0.37721216678619385,0.05618691444396973,0.00818556547164917,0.24641597270965576,0.24239897727966309,0.1530393362045288,0.11341679096221924,0.21778154373168945,0.07554584741592407,0.29396843910217285,0.3125985860824585,0.19766676425933838,0.08059674501419067,0.20625633001327515,0.20525169372558594,0.25145530700683594,0.24542886018753052,0.16438376903533936,0.11335557699203491,0.011972606182098389,0.11023861169815063,0.3356950283050537,0.12985002994537354,0.10078281164169312,0.02403956651687622,0.09947490692138672,0.2925863265991211,0.10725855827331543,0.0065988898277282715,0.28549861907958984,0.20284414291381836,0.03656566143035889,0.1997361183166504,0.05219489336013794,0.06917071342468262,0.25600284337997437,0.037068068981170654,0.22305762767791748,0.06755340099334717,0.08439898490905762,0.1853681206703186,0.2301652431488037,0.21437287330627441,0.04005831480026245,0.11849141120910645,0.20277202129364014,0.006555318832397461,0.25192177295684814,0.21360790729522705,0.16007864475250244,4096
OpenCLIP,Control,MNIST_96_8192,0.020579755306243896,0.0034478306770324707,0.03731536865234375,0.2677661180496216,0.21917712688446045,0.10209071636199951,0.004080653190612793,0.2068394422531128,0.12844455242156982,0.018146514892578125,0.1475445032119751,0.05881780385971069,0.10609400272369385,0.2896539568901062,0.13703858852386475,0.1754225492477417,0.012845993041992188,0.25334662199020386,0.08378362655639648,0.016312837600708008,0.23964524269104004,0.34069210290908813,0.22463726997375488,0.14180779457092285,0.1388019323348999,0.09547233581542969,0.21918988227844238,0.044858694076538086,0.010920941829681396,0.3071215748786926,0.2436363697052002,0.2288302183151245,0.0017817020416259766,0.10338389873504639,0.20117032527923584,0.043755292892456055,0.02886831760406494,0.30264222621917725,0.26131051778793335,0.15704131126403809,0.13934648036956787,0.16102498769760132,0.3792019486427307,0.2038944959640503,0.10516834259033203,0.2651327848434448,0.23374086618423462,0.16255885362625122,0.2285696268081665,0.23542892932891846,0.32160770893096924,0.09324896335601807,0.011600077152252197,0.2562100887298584,0.1943892240524292,0.1532726287841797,0.17140543460845947,0.2761361002922058,0.1687387228012085,0.13375163078308105,0.2880043387413025,0.07921695709228516,0.08096390962600708,0.08011358976364136,0.12581348419189453,0.24916189908981323,0.24044108390808105,0.12833845615386963,0.031520843505859375,0.011288046836853027,0.05262112617492676,0.25264835357666016,0.09662985801696777,0.2548685073852539,0.022890210151672363,0.06379580497741699,0.27694761753082275,0.07360267639160156,0.00713115930557251,0.27001094818115234,0.26359105110168457,0.3594815731048584,0.1288326382637024,0.0878954529762268,0.07195925712585449,0.2926144003868103,0.11035943031311035,0.2150915265083313,0.050017714500427246,0.0361553430557251,0.19345927238464355,0.2989182472229004,0.2626088261604309,0.025312304496765137,0.14445841312408447,0.22632455825805664,0.011703431606292725,0.2797139883041382,0.1755867600440979,0.00981450080871582,8192
OpenCLIP,Control,FASHION_96_256,0.2420966625213623,0.4322863221168518,0.14342105388641357,0.4031803607940674,0.3624722361564636,0.1594855785369873,0.3761867880821228,0.1784435510635376,0.11529350280761719,0.3043097257614136,0.1962224245071411,0.5814549922943115,0.2593204975128174,0.38805294036865234,0.1509549617767334,0.2256738543510437,0.276997447013855,0.3147495985031128,0.29337573051452637,0.23510289192199707,0.39950400590896606,0.1703069806098938,0.12275296449661255,0.3569117784500122,0.30655598640441895,0.41131865978240967,0.4768652319908142,0.3733993172645569,0.45208674669265747,0.25276410579681396,0.24934029579162598,0.32132488489151,0.1563820242881775,0.374558687210083,0.32158583402633667,0.3760436773300171,0.2700141668319702,0.19990724325180054,0.17089277505874634,0.35997462272644043,0.2781374454498291,0.341776967048645,0.2500896453857422,0.475908100605011,0.18168270587921143,0.3853311538696289,0.2407791018486023,0.22182893753051758,0.3287341594696045,0.373355507850647,0.38339853286743164,0.1370660662651062,0.2321528196334839,0.17121410369873047,0.3546191453933716,0.4541502594947815,0.47313427925109863,0.38378745317459106,0.3293455243110657,0.23442065715789795,0.3320162296295166,0.36266177892684937,0.32092154026031494,0.37920570373535156,0.3506743311882019,0.41319382190704346,0.29306161403656006,0.41620850563049316,0.2664163112640381,0.29013919830322266,0.3823661804199219,0.5085466504096985,0.17823517322540283,0.11346977949142456,0.3385629653930664,0.34838366508483887,0.2955307960510254,0.24202436208724976,0.09157854318618774,0.1666516661643982,0.41452252864837646,0.35351037979125977,0.2525193691253662,0.4516810178756714,0.408203125,0.20834439992904663,0.40048831701278687,0.41270989179611206,0.34641408920288086,0.18850159645080566,0.4053553342819214,0.26438605785369873,0.39147400856018066,0.3312854766845703,0.367942214012146,0.3449639081954956,0.17965638637542725,0.10298502445220947,0.3229389190673828,0.34876811504364014,256
OpenCLIP,Control,FASHION_96_512,0.3925103545188904,0.48932981491088867,0.4441307783126831,0.3924102187156677,0.4460902810096741,0.20270276069641113,0.09839344024658203,0.08460098505020142,0.05783635377883911,0.3591045141220093,0.2850879430770874,0.5078984498977661,0.11742329597473145,0.209026038646698,0.32146942615509033,0.12323778867721558,0.13238030672073364,0.17512762546539307,0.28762513399124146,0.13054931163787842,0.340908408164978,0.09045374393463135,0.1375126838684082,0.30924463272094727,0.42148828506469727,0.4454526901245117,0.429842472076416,0.3787195682525635,0.49392569065093994,0.255801796913147,0.30737829208374023,0.3142818212509155,0.2383136749267578,0.3742344379425049,0.28071945905685425,0.21604573726654053,0.39984560012817383,0.33581703901290894,0.17253530025482178,0.40179961919784546,0.3594328761100769,0.44230544567108154,0.22228538990020752,0.42304885387420654,0.1567288041114807,0.3735654354095459,0.18798989057540894,0.21428382396697998,0.29180002212524414,0.4516931176185608,0.48213696479797363,0.18064332008361816,0.2191423773765564,0.11327004432678223,0.4297763705253601,0.5336033701896667,0.3246768116950989,0.4215090274810791,0.4159916639328003,0.46203476190567017,0.3878668546676636,0.2785273790359497,0.3262227773666382,0.3479098081588745,0.36001259088516235,0.2969088554382324,0.38074731826782227,0.3704177737236023,0.2867206335067749,0.26634031534194946,0.41503894329071045,0.5139638185501099,0.1528913974761963,0.1077115535736084,0.38977575302124023,0.4925733804702759,0.3095543384552002,0.21725666522979736,0.13040423393249512,0.11375945806503296,0.3965299725532532,0.3438524007797241,0.23049306869506836,0.46448272466659546,0.39151060581207275,0.33354997634887695,0.3134194016456604,0.13435161113739014,0.3124476671218872,0.11253798007965088,0.35533779859542847,0.21430957317352295,0.5071004629135132,0.4153638482093811,0.1272028684616089,0.3160221576690674,0.1640588641166687,0.0848163366317749,0.39371854066848755,0.36832255125045776,512
OpenCLIP,Control,FASHION_96_1024,0.2862756848335266,0.33014941215515137,0.058147549629211426,0.3354372978210449,0.20231562852859497,0.17040038108825684,0.37388986349105835,0.035459935665130615,0.03866410255432129,0.29954177141189575,0.16543185710906982,0.183415949344635,0.11063146591186523,0.16996091604232788,0.40927863121032715,0.05362659692764282,0.13106101751327515,0.12932372093200684,0.3659583330154419,0.1027677059173584,0.39117228984832764,0.03107815980911255,0.4031614065170288,0.1797424554824829,0.4521723985671997,0.4479791522026062,0.242700457572937,0.343416690826416,0.44036686420440674,0.2523282766342163,0.3239404559135437,0.3212050199508667,0.03479611873626709,0.2935445308685303,0.18032926321029663,0.47309601306915283,0.13053810596466064,0.3234868049621582,0.25827598571777344,0.27552562952041626,0.35844123363494873,0.2923787832260132,0.09373986721038818,0.318834125995636,0.0770571231842041,0.3655127286911011,0.07286560535430908,0.13190728425979614,0.22786784172058105,0.5378050804138184,0.3902912139892578,0.13881134986877441,0.13299882411956787,0.10162746906280518,0.40847349166870117,0.5412693023681641,0.4570559859275818,0.3865033984184265,0.4886845350265503,0.24636459350585938,0.42941319942474365,0.06085991859436035,0.23749178647994995,0.39094972610473633,0.3115568161010742,0.2770407795906067,0.5364905595779419,0.31759560108184814,0.1939745545387268,0.5658895969390869,0.3698002099990845,0.2591557502746582,0.05130726099014282,0.06820946931838989,0.19932913780212402,0.1139644980430603,0.25652992725372314,0.05221152305603027,0.091158926486969,0.06597208976745605,0.2398412823677063,0.3197895884513855,0.37773388624191284,0.4581523537635803,0.3363763689994812,0.3184555172920227,0.2403773069381714,0.1314176321029663,0.321323037147522,0.07996129989624023,0.34998786449432373,0.1854555606842041,0.3913670778274536,0.3545039892196655,0.03659927845001221,0.4149942398071289,0.10997825860977173,0.04710310697555542,0.22415804862976074,0.1782187819480896,1024
OpenCLIP,Control,FASHION_96_2048,0.07253754138946533,0.3997868299484253,0.20951879024505615,0.40589821338653564,0.08658766746520996,0.12019526958465576,0.21917426586151123,0.033217430114746094,0.035309791564941406,0.05034482479095459,0.15705585479736328,0.373005747795105,0.06610965728759766,0.4297671914100647,0.03632092475891113,0.028057456016540527,0.11315077543258667,0.13491541147232056,0.3287971019744873,0.07173895835876465,0.1015247106552124,0.04336315393447876,0.06278401613235474,0.3958231210708618,0.3539547324180603,0.4471755623817444,0.22539830207824707,0.3195914030075073,0.4788575768470764,0.13577991724014282,0.1652318239212036,0.1425471305847168,0.046744346618652344,0.28832322359085083,0.058532893657684326,0.44294971227645874,0.0733792781829834,0.3009893298149109,0.1434153914451599,0.206163227558136,0.3310093879699707,0.0995137095451355,0.14286714792251587,0.2990034222602844,0.036193251609802246,0.42072367668151855,0.09358513355255127,0.10253989696502686,0.18886280059814453,0.49363642930984497,0.41587817668914795,0.06827831268310547,0.11077332496643066,0.04742074012756348,0.2715531587600708,0.44188523292541504,0.38552236557006836,0.3692092299461365,0.3105287551879883,0.1763487458229065,0.11444437503814697,0.245216965675354,0.20055073499679565,0.3583641052246094,0.4627414345741272,0.2792615294456482,0.4046913981437683,0.31916773319244385,0.0681658387184143,0.3477814793586731,0.35512733459472656,0.11932671070098877,0.0667262077331543,0.21326744556427002,0.14044904708862305,0.330269455909729,0.04328656196594238,0.06523597240447998,0.036049604415893555,0.08818519115447998,0.282696008682251,0.3501495122909546,0.18582618236541748,0.3978855609893799,0.30152642726898193,0.21577537059783936,0.21287083625793457,0.09101611375808716,0.09689491987228394,0.036641716957092285,0.43293124437332153,0.26765334606170654,0.4343718886375427,0.28170937299728394,0.33470994234085083,0.135512113571167,0.08749330043792725,0.0795668363571167,0.25329267978668213,0.12616181373596191,2048
OpenCLIP,Control,FASHION_96_4096,0.07119995355606079,0.32295387983322144,0.4844599962234497,0.45995843410491943,0.0715298056602478,0.07806897163391113,0.19382423162460327,0.027432918548583984,0.026829004287719727,0.19778096675872803,0.1344212293624878,0.4906824827194214,0.069793701171875,0.4036085605621338,0.3017823100090027,0.0655413269996643,0.17412716150283813,0.13266903162002563,0.3700276017189026,0.22235369682312012,0.3468230962753296,0.0808224081993103,0.12106990814208984,0.05025196075439453,0.27050650119781494,0.4609485864639282,0.46713459491729736,0.32812637090682983,0.41566038131713867,0.13238674402236938,0.13596558570861816,0.11329132318496704,0.037933528423309326,0.2931727170944214,0.08184641599655151,0.46173977851867676,0.050227999687194824,0.2379159927368164,0.21536755561828613,0.12605905532836914,0.24366223812103271,0.15383368730545044,0.22903501987457275,0.31595635414123535,0.1783750057220459,0.4499738812446594,0.07816380262374878,0.0690690279006958,0.28223252296447754,0.42011845111846924,0.4235842227935791,0.11614787578582764,0.12850958108901978,0.02779412269592285,0.3043840527534485,0.41727834939956665,0.39785850048065186,0.3325272798538208,0.3292173743247986,0.20098042488098145,0.09293413162231445,0.11951512098312378,0.14605677127838135,0.3996288776397705,0.4063316583633423,0.281622052192688,0.3723125457763672,0.3090611696243286,0.06500828266143799,0.4845987558364868,0.37872833013534546,0.39022648334503174,0.056529343128204346,0.09835940599441528,0.08397752046585083,0.1524597406387329,0.06890332698822021,0.010713577270507812,0.047429680824279785,0.052781879901885986,0.2908508777618408,0.17474496364593506,0.05168098211288452,0.41372621059417725,0.30736756324768066,0.4174245595932007,0.20082414150238037,0.08437234163284302,0.16520249843597412,0.03523188829421997,0.3855365514755249,0.21049034595489502,0.4485052824020386,0.062144935131073,0.4023977518081665,0.13499850034713745,0.057490408420562744,0.1105722188949585,0.14538025856018066,0.10721409320831299,4096
OpenCLIP,Control,FASHION_96_8192,0.16364330053329468,0.3572424650192261,0.4479528069496155,0.38587450981140137,0.07073211669921875,0.08980947732925415,0.18399202823638916,0.03175389766693115,0.03322368860244751,0.18351459503173828,0.12843787670135498,0.3687875270843506,0.06277978420257568,0.4415132999420166,0.1637895107269287,0.07195472717285156,0.1283787488937378,0.16756415367126465,0.34035277366638184,0.19532155990600586,0.44924718141555786,0.03263896703720093,0.16904985904693604,0.05629599094390869,0.3336419463157654,0.4416254758834839,0.4306120276451111,0.3277396559715271,0.37350887060165405,0.08611369132995605,0.21102499961853027,0.15970826148986816,0.023676514625549316,0.2980952262878418,0.05917859077453613,0.17528975009918213,0.06695908308029175,0.04513353109359741,0.13825976848602295,0.041375577449798584,0.22222912311553955,0.13257551193237305,0.16125422716140747,0.31998634338378906,0.04375028610229492,0.40039360523223877,0.06561779975891113,0.0814620852470398,0.1541067361831665,0.4570814371109009,0.37988948822021484,0.0680813193321228,0.051978111267089844,0.039713144302368164,0.28098243474960327,0.4398205876350403,0.3041505813598633,0.3320488929748535,0.317537784576416,0.1714472770690918,0.3694978952407837,0.16950702667236328,0.24197173118591309,0.281729519367218,0.3373543620109558,0.3047589063644409,0.39298635721206665,0.3338449001312256,0.06880044937133789,0.47170889377593994,0.061218976974487305,0.3859071731567383,0.044912099838256836,0.10656577348709106,0.05061662197113037,0.113247811794281,0.05221819877624512,0.16639626026153564,0.05459582805633545,0.04920560121536255,0.27451515197753906,0.18930870294570923,0.24291229248046875,0.3561209440231323,0.2759578227996826,0.41045981645584106,0.20760947465896606,0.08435636758804321,0.2022850513458252,0.0555383563041687,0.4131227731704712,0.21625423431396484,0.4121142625808716,0.03284025192260742,0.4418959617614746,0.13707292079925537,0.05626833438873291,0.09736406803131104,0.12054824829101562,0.08422660827636719,8192
OpenCLIP,Control,MNIST_CLASS_256,0.16967898607254028,0.09216177463531494,0.11526179313659668,0.2681947946548462,0.2167668342590332,0.2758600115776062,0.2936422824859619,0.2833004593849182,0.35138702392578125,0.1410660743713379,0.2531348466873169,0.08559203147888184,0.17332816123962402,0.31152915954589844,0.16591155529022217,0.17763912677764893,0.194446861743927,0.3065016269683838,0.2536391019821167,0.1447765827178955,0.27344411611557007,0.14465534687042236,0.09324049949645996,0.22392529249191284,0.13945525884628296,0.22971904277801514,0.16519832611083984,0.24205422401428223,0.36473947763442993,0.1617182493209839,0.22687065601348877,0.1239922046661377,0.13909506797790527,0.2679206132888794,0.12010753154754639,0.34233248233795166,0.26368629932403564,0.2523597478866577,0.3047332167625427,0.21463441848754883,0.2425408959388733,0.12137961387634277,0.17735987901687622,0.3952398896217346,0.19542932510375977,0.22400230169296265,0.12459993362426758,0.22876721620559692,0.3961469531059265,0.19433259963989258,0.33755016326904297,0.1186366081237793,0.10524660348892212,0.24666857719421387,0.1545635461807251,0.2948880195617676,0.2535741329193115,0.21625268459320068,0.36581605672836304,0.23157954216003418,0.19173121452331543,0.09718817472457886,0.12528729438781738,0.250238299369812,0.1562786102294922,0.12429332733154297,0.19985342025756836,0.1699763536453247,0.23325681686401367,0.11954724788665771,0.3018109202384949,0.15633255243301392,0.21157121658325195,0.22434455156326294,0.2553924322128296,0.38487017154693604,0.12748312950134277,0.21259963512420654,0.21992230415344238,0.11135011911392212,0.20850491523742676,0.21149903535842896,0.2784688472747803,0.19159841537475586,0.2533583641052246,0.2785075902938843,0.1734933853149414,0.22040796279907227,0.36454445123672485,0.17867952585220337,0.365403413772583,0.0944671630859375,0.31127655506134033,0.2660747170448303,0.11589324474334717,0.10947978496551514,0.1071542501449585,0.2035583257675171,0.35805559158325195,0.12437522411346436,256
OpenCLIP,Control,MNIST_CLASS_512,0.23840761184692383,0.06160843372344971,0.1443210244178772,0.29154425859451294,0.17765414714813232,0.335879921913147,0.30806398391723633,0.14956140518188477,0.23917382955551147,0.21440881490707397,0.17142313718795776,0.06925499439239502,0.048748910427093506,0.28668874502182007,0.16750234365463257,0.1929357647895813,0.1464695930480957,0.2909153699874878,0.25959980487823486,0.21602094173431396,0.27407360076904297,0.08982515335083008,0.1206398606300354,0.15333640575408936,0.17587214708328247,0.33025360107421875,0.07460010051727295,0.1786743402481079,0.3222402334213257,0.13057398796081543,0.1461580991744995,0.08174729347229004,0.09259569644927979,0.2588236331939697,0.12421011924743652,0.30371731519699097,0.22369658946990967,0.2327570915222168,0.16596871614456177,0.14214199781417847,0.1240035891532898,0.08848726749420166,0.15401959419250488,0.25497788190841675,0.19777321815490723,0.23791861534118652,0.11880040168762207,0.17036324739456177,0.3661951422691345,0.21389448642730713,0.08330047130584717,0.10969316959381104,0.08991295099258423,0.33459532260894775,0.12184303998947144,0.23181796073913574,0.29858386516571045,0.3549078702926636,0.41199904680252075,0.16217315196990967,0.12308865785598755,0.05687803030014038,0.1030116081237793,0.16482049226760864,0.1543148159980774,0.15843713283538818,0.18274074792861938,0.10830926895141602,0.3721466064453125,0.08276230096817017,0.26834559440612793,0.05530810356140137,0.06445956230163574,0.2802097797393799,0.13406872749328613,0.2932559847831726,0.10754334926605225,0.20869791507720947,0.18197506666183472,0.10671329498291016,0.15790319442749023,0.1007150411605835,0.1185639500617981,0.20736300945281982,0.16475647687911987,0.3764321804046631,0.21257799863815308,0.15941083431243896,0.21964001655578613,0.1102743148803711,0.19546496868133545,0.024451375007629395,0.17812538146972656,0.3108825087547302,0.04277682304382324,0.12056517601013184,0.12635111808776855,0.24276936054229736,0.19493961334228516,0.11254709959030151,512
OpenCLIP,Control,MNIST_CLASS_1024,0.12447291612625122,0.024248778820037842,0.11065346002578735,0.07978260517120361,0.10271334648132324,0.24129390716552734,0.15510934591293335,0.11259591579437256,0.19100689888000488,0.08074557781219482,0.16715526580810547,0.0449904203414917,0.06170147657394409,0.30897974967956543,0.07414054870605469,0.1495528221130371,0.0823068618774414,0.09611856937408447,0.20957106351852417,0.08764505386352539,0.10496073961257935,0.050816237926483154,0.020775258541107178,0.22283661365509033,0.13618648052215576,0.1349482536315918,0.06758159399032593,0.10515260696411133,0.31195855140686035,0.07682597637176514,0.0889083743095398,0.04390907287597656,0.17454242706298828,0.18584907054901123,0.13048887252807617,0.36900973320007324,0.15360665321350098,0.12796175479888916,0.17324572801589966,0.10087329149246216,0.08321177959442139,0.04841315746307373,0.056278347969055176,0.2869424819946289,0.12698441743850708,0.22433477640151978,0.13217216730117798,0.13320016860961914,0.4095726013183594,0.13940322399139404,0.06380611658096313,0.0777234435081482,0.0985904335975647,0.16777396202087402,0.10380494594573975,0.14061987400054932,0.02735424041748047,0.23534154891967773,0.3495171070098877,0.06849467754364014,0.08500337600708008,0.035338640213012695,0.0856131911277771,0.148382306098938,0.06505745649337769,0.149957537651062,0.13679206371307373,0.09984761476516724,0.3453935980796814,0.033229708671569824,0.09304511547088623,0.030391931533813477,0.06063336133956909,0.19208568334579468,0.06967145204544067,0.30652910470962524,0.07132923603057861,0.10136651992797852,0.1540827751159668,0.08810669183731079,0.1583576202392578,0.033100783824920654,0.08922940492630005,0.0635535717010498,0.05753511190414429,0.2673988938331604,0.20617973804473877,0.10917800664901733,0.12412369251251221,0.12804841995239258,0.10219144821166992,0.019958913326263428,0.05962991714477539,0.30278098583221436,0.06980860233306885,0.058415770530700684,0.31084901094436646,0.08400458097457886,0.3347576856613159,0.07974618673324585,1024
OpenCLIP,Control,MNIST_CLASS_2048,0.08987557888031006,0.015436053276062012,0.09330886602401733,0.04136037826538086,0.059285104274749756,0.20988714694976807,0.21485579013824463,0.07526218891143799,0.1025044322013855,0.08527475595474243,0.11206817626953125,0.04638659954071045,0.03895789384841919,0.21177136898040771,0.0609014630317688,0.13105344772338867,0.08522546291351318,0.16555505990982056,0.0974951982498169,0.06831014156341553,0.07852840423583984,0.06140333414077759,0.033860206604003906,0.1207207441329956,0.059398531913757324,0.1114237904548645,0.14388763904571533,0.04532665014266968,0.26817774772644043,0.03293955326080322,0.03370225429534912,0.05449146032333374,0.09515529870986938,0.29461216926574707,0.13258743286132812,0.27518463134765625,0.2469639778137207,0.07716834545135498,0.09859204292297363,0.10776281356811523,0.03850477933883667,0.031129658222198486,0.060233235359191895,0.19449961185455322,0.08731496334075928,0.22563809156417847,0.09411877393722534,0.09053194522857666,0.3599207401275635,0.3779391050338745,0.05910611152648926,0.052093565464019775,0.041391611099243164,0.1413114070892334,0.06429553031921387,0.13336575031280518,0.051985204219818115,0.1962936520576477,0.37991487979888916,0.06467360258102417,0.11346888542175293,0.019860267639160156,0.032961130142211914,0.02591395378112793,0.07258689403533936,0.15396273136138916,0.09146690368652344,0.059999704360961914,0.3144456744194031,0.041103363037109375,0.18052875995635986,0.040918052196502686,0.05909609794616699,0.22431564331054688,0.07434743642807007,0.19961011409759521,0.0505024790763855,0.10622161626815796,0.12942802906036377,0.05741351842880249,0.23486721515655518,0.044828057289123535,0.05554395914077759,0.06436264514923096,0.038585662841796875,0.20630717277526855,0.18419981002807617,0.0380479097366333,0.1022118330001831,0.050445497035980225,0.08383452892303467,0.027772068977355957,0.049978792667388916,0.23196232318878174,0.05786865949630737,0.41912728548049927,0.17593252658843994,0.023048579692840576,0.3459395170211792,0.03963363170623779,2048
OpenCLIP,Control,MNIST_CLASS_4096,0.07408672571182251,0.031751036643981934,0.14706754684448242,0.035836100578308105,0.04246485233306885,0.16442465782165527,0.24544298648834229,0.0829782485961914,0.09404951333999634,0.1655063033103943,0.15290778875350952,0.03876388072967529,0.06413370370864868,0.16461706161499023,0.04991483688354492,0.06652861833572388,0.08641946315765381,0.14125168323516846,0.09485280513763428,0.09178948402404785,0.0944749116897583,0.027544021606445312,0.04452335834503174,0.05555230379104614,0.04143625497817993,0.08397328853607178,0.07425892353057861,0.1348239779472351,0.2126750946044922,0.23161810636520386,0.029703259468078613,0.07071757316589355,0.09568405151367188,0.26510870456695557,0.12636476755142212,0.3108069896697998,0.10532879829406738,0.08990633487701416,0.2040221095085144,0.10866600275039673,0.04945194721221924,0.25068652629852295,0.03753775358200073,0.21461421251296997,0.05942797660827637,0.2562597990036011,0.16496193408966064,0.05199742317199707,0.21502423286437988,0.3975619077682495,0.20640063285827637,0.23600554466247559,0.058890461921691895,0.07467055320739746,0.07959288358688354,0.1281571388244629,0.07196927070617676,0.11293143033981323,0.2561950087547302,0.06745731830596924,0.11606872081756592,0.02232450246810913,0.03108125925064087,0.038027167320251465,0.08779066801071167,0.16701453924179077,0.0824047327041626,0.1341707706451416,0.2990790009498596,0.12481796741485596,0.2667427062988281,0.03500860929489136,0.048894405364990234,0.2597591280937195,0.11642664670944214,0.2757549285888672,0.13115864992141724,0.06923878192901611,0.15323734283447266,0.08179283142089844,0.0846250057220459,0.06880748271942139,0.11747217178344727,0.04671740531921387,0.05082869529724121,0.10690289735794067,0.07688295841217041,0.08609700202941895,0.02957993745803833,0.29484128952026367,0.06681525707244873,0.017329812049865723,0.042103350162506104,0.2739180326461792,0.03956329822540283,0.3369966745376587,0.0902475118637085,0.0178450345993042,0.3169712424278259,0.05224812030792236,4096
OpenCLIP,Control,MNIST_CLASS_8192,0.05472755432128906,0.020988404750823975,0.15231716632843018,0.02944350242614746,0.048568785190582275,0.17356520891189575,0.23406559228897095,0.12522339820861816,0.0641527771949768,0.13747930526733398,0.05109906196594238,0.03786897659301758,0.03924727439880371,0.19397616386413574,0.04412496089935303,0.061298489570617676,0.10073566436767578,0.1798694133758545,0.10014700889587402,0.08525216579437256,0.12340062856674194,0.050249457359313965,0.03278106451034546,0.03346443176269531,0.04906463623046875,0.13868039846420288,0.11735498905181885,0.03815734386444092,0.17384272813796997,0.25551557540893555,0.021643757820129395,0.06013232469558716,0.06321650743484497,0.2010514736175537,0.11838197708129883,0.23296606540679932,0.28583288192749023,0.08151078224182129,0.16493797302246094,0.13442641496658325,0.07977581024169922,0.2503584623336792,0.020305633544921875,0.24434930086135864,0.14413154125213623,0.20738589763641357,0.0472254753112793,0.0821143388748169,0.2576380968093872,0.3708181381225586,0.17101716995239258,0.12265753746032715,0.07905209064483643,0.09345722198486328,0.08599340915679932,0.15548229217529297,0.0666571855545044,0.1172589659690857,0.267553448677063,0.1258094310760498,0.036194682121276855,0.019062697887420654,0.02337944507598877,0.03314614295959473,0.059994637966156006,0.12229013442993164,0.09330505132675171,0.11492514610290527,0.08356964588165283,0.0838770866394043,0.21078932285308838,0.056572556495666504,0.04439723491668701,0.18649017810821533,0.0508425235748291,0.173142671585083,0.043001651763916016,0.046825408935546875,0.11075663566589355,0.12841647863388062,0.1448361873626709,0.046115875244140625,0.0860244631767273,0.04971885681152344,0.06890106201171875,0.06111067533493042,0.21089410781860352,0.08366209268569946,0.040522098541259766,0.3254661560058594,0.06406724452972412,0.011916637420654297,0.07713049650192261,0.3081987500190735,0.03041386604309082,0.2968807816505432,0.07452392578125,0.014151692390441895,0.48011893033981323,0.02739959955215454,8192
OpenCLIP,Control,FASHION_CLASS_256,0.16967898607254028,0.09216177463531494,0.11526179313659668,0.2681947946548462,0.2167668342590332,0.2758600115776062,0.2936422824859619,0.2833004593849182,0.35138702392578125,0.1410660743713379,0.2531348466873169,0.08559203147888184,0.17332816123962402,0.31152915954589844,0.16591155529022217,0.17763912677764893,0.194446861743927,0.3065016269683838,0.2536391019821167,0.1447765827178955,0.27344411611557007,0.14465534687042236,0.09324049949645996,0.22392529249191284,0.13945525884628296,0.22971904277801514,0.16519832611083984,0.24205422401428223,0.36473947763442993,0.1617182493209839,0.22687065601348877,0.1239922046661377,0.13909506797790527,0.2679206132888794,0.12010753154754639,0.34233248233795166,0.26368629932403564,0.2523597478866577,0.3047332167625427,0.21463441848754883,0.2425408959388733,0.12137961387634277,0.17735987901687622,0.3952398896217346,0.19542932510375977,0.22400230169296265,0.12459993362426758,0.22876721620559692,0.3961469531059265,0.19433259963989258,0.33755016326904297,0.1186366081237793,0.10524660348892212,0.24666857719421387,0.1545635461807251,0.2948880195617676,0.2535741329193115,0.21625268459320068,0.36581605672836304,0.23157954216003418,0.19173121452331543,0.09718817472457886,0.12528729438781738,0.250238299369812,0.1562786102294922,0.12429332733154297,0.19985342025756836,0.1699763536453247,0.23325681686401367,0.11954724788665771,0.3018109202384949,0.15633255243301392,0.21157121658325195,0.22434455156326294,0.2553924322128296,0.38487017154693604,0.12748312950134277,0.21259963512420654,0.21992230415344238,0.11135011911392212,0.20850491523742676,0.21149903535842896,0.2784688472747803,0.19159841537475586,0.2533583641052246,0.2785075902938843,0.1734933853149414,0.22040796279907227,0.36454445123672485,0.17867952585220337,0.365403413772583,0.0944671630859375,0.31127655506134033,0.2660747170448303,0.11589324474334717,0.10947978496551514,0.1071542501449585,0.2035583257675171,0.35805559158325195,0.12437522411346436,256
OpenCLIP,Control,FASHION_CLASS_512,0.23840761184692383,0.06160843372344971,0.1443210244178772,0.29154425859451294,0.17765414714813232,0.335879921913147,0.30806398391723633,0.14956140518188477,0.23917382955551147,0.21440881490707397,0.17142313718795776,0.06925499439239502,0.048748910427093506,0.28668874502182007,0.16750234365463257,0.1929357647895813,0.1464695930480957,0.2909153699874878,0.25959980487823486,0.21602094173431396,0.27407360076904297,0.08982515335083008,0.1206398606300354,0.15333640575408936,0.17587214708328247,0.33025360107421875,0.07460010051727295,0.1786743402481079,0.3222402334213257,0.13057398796081543,0.1461580991744995,0.08174729347229004,0.09259569644927979,0.2588236331939697,0.12421011924743652,0.30371731519699097,0.22369658946990967,0.2327570915222168,0.16596871614456177,0.14214199781417847,0.1240035891532898,0.08848726749420166,0.15401959419250488,0.25497788190841675,0.19777321815490723,0.23791861534118652,0.11880040168762207,0.17036324739456177,0.3661951422691345,0.21389448642730713,0.08330047130584717,0.10969316959381104,0.08991295099258423,0.33459532260894775,0.12184303998947144,0.23181796073913574,0.29858386516571045,0.3549078702926636,0.41199904680252075,0.16217315196990967,0.12308865785598755,0.05687803030014038,0.1030116081237793,0.16482049226760864,0.1543148159980774,0.15843713283538818,0.18274074792861938,0.10830926895141602,0.3721466064453125,0.08276230096817017,0.26834559440612793,0.05530810356140137,0.06445956230163574,0.2802097797393799,0.13406872749328613,0.2932559847831726,0.10754334926605225,0.20869791507720947,0.18197506666183472,0.10671329498291016,0.15790319442749023,0.1007150411605835,0.1185639500617981,0.20736300945281982,0.16475647687911987,0.3764321804046631,0.21257799863815308,0.15941083431243896,0.21964001655578613,0.1102743148803711,0.19546496868133545,0.024451375007629395,0.17812538146972656,0.3108825087547302,0.04277682304382324,0.12056517601013184,0.12635111808776855,0.24276936054229736,0.19493961334228516,0.11254709959030151,512
OpenCLIP,Control,FASHION_CLASS_1024,0.12447291612625122,0.024248778820037842,0.11065346002578735,0.07978260517120361,0.10271334648132324,0.24129390716552734,0.15510934591293335,0.11259591579437256,0.19100689888000488,0.08074557781219482,0.16715526580810547,0.0449904203414917,0.06170147657394409,0.30897974967956543,0.07414054870605469,0.1495528221130371,0.0823068618774414,0.09611856937408447,0.20957106351852417,0.08764505386352539,0.10496073961257935,0.050816237926483154,0.020775258541107178,0.22283661365509033,0.13618648052215576,0.1349482536315918,0.06758159399032593,0.10515260696411133,0.31195855140686035,0.07682597637176514,0.0889083743095398,0.04390907287597656,0.17454242706298828,0.18584907054901123,0.13048887252807617,0.36900973320007324,0.15360665321350098,0.12796175479888916,0.17324572801589966,0.10087329149246216,0.08321177959442139,0.04841315746307373,0.056278347969055176,0.2869424819946289,0.12698441743850708,0.22433477640151978,0.13217216730117798,0.13320016860961914,0.4095726013183594,0.13940322399139404,0.06380611658096313,0.0777234435081482,0.0985904335975647,0.16777396202087402,0.10380494594573975,0.14061987400054932,0.02735424041748047,0.23534154891967773,0.3495171070098877,0.06849467754364014,0.08500337600708008,0.035338640213012695,0.0856131911277771,0.148382306098938,0.06505745649337769,0.149957537651062,0.13679206371307373,0.09984761476516724,0.3453935980796814,0.033229708671569824,0.09304511547088623,0.030391931533813477,0.06063336133956909,0.19208568334579468,0.06967145204544067,0.30652910470962524,0.07132923603057861,0.10136651992797852,0.1540827751159668,0.08810669183731079,0.1583576202392578,0.033100783824920654,0.08922940492630005,0.0635535717010498,0.05753511190414429,0.2673988938331604,0.20617973804473877,0.10917800664901733,0.12412369251251221,0.12804841995239258,0.10219144821166992,0.019958913326263428,0.05962991714477539,0.30278098583221436,0.06980860233306885,0.058415770530700684,0.31084901094436646,0.08400458097457886,0.3347576856613159,0.07974618673324585,1024
OpenCLIP,Control,FASHION_CLASS_2048,0.08987557888031006,0.015436053276062012,0.09330886602401733,0.04136037826538086,0.059285104274749756,0.20988714694976807,0.21485579013824463,0.07526218891143799,0.1025044322013855,0.08527475595474243,0.11206817626953125,0.04638659954071045,0.03895789384841919,0.21177136898040771,0.0609014630317688,0.13105344772338867,0.08522546291351318,0.16555505990982056,0.0974951982498169,0.06831014156341553,0.07852840423583984,0.06140333414077759,0.033860206604003906,0.1207207441329956,0.059398531913757324,0.1114237904548645,0.14388763904571533,0.04532665014266968,0.26817774772644043,0.03293955326080322,0.03370225429534912,0.05449146032333374,0.09515529870986938,0.29461216926574707,0.13258743286132812,0.27518463134765625,0.2469639778137207,0.07716834545135498,0.09859204292297363,0.10776281356811523,0.03850477933883667,0.031129658222198486,0.060233235359191895,0.19449961185455322,0.08731496334075928,0.22563809156417847,0.09411877393722534,0.09053194522857666,0.3599207401275635,0.3779391050338745,0.05910611152648926,0.052093565464019775,0.041391611099243164,0.1413114070892334,0.06429553031921387,0.13336575031280518,0.051985204219818115,0.1962936520576477,0.37991487979888916,0.06467360258102417,0.11346888542175293,0.019860267639160156,0.032961130142211914,0.02591395378112793,0.07258689403533936,0.15396273136138916,0.09146690368652344,0.059999704360961914,0.3144456744194031,0.041103363037109375,0.18052875995635986,0.040918052196502686,0.05909609794616699,0.22431564331054688,0.07434743642807007,0.19961011409759521,0.0505024790763855,0.10622161626815796,0.12942802906036377,0.05741351842880249,0.23486721515655518,0.044828057289123535,0.05554395914077759,0.06436264514923096,0.038585662841796875,0.20630717277526855,0.18419981002807617,0.0380479097366333,0.1022118330001831,0.050445497035980225,0.08383452892303467,0.027772068977355957,0.049978792667388916,0.23196232318878174,0.05786865949630737,0.41912728548049927,0.17593252658843994,0.023048579692840576,0.3459395170211792,0.03963363170623779,2048
OpenCLIP,Control,FASHION_CLASS_4096,0.07408672571182251,0.031751036643981934,0.14706754684448242,0.035836100578308105,0.04246485233306885,0.16442465782165527,0.24544298648834229,0.0829782485961914,0.09404951333999634,0.1655063033103943,0.15290778875350952,0.03876388072967529,0.06413370370864868,0.16461706161499023,0.04991483688354492,0.06652861833572388,0.08641946315765381,0.14125168323516846,0.09485280513763428,0.09178948402404785,0.0944749116897583,0.027544021606445312,0.04452335834503174,0.05555230379104614,0.04143625497817993,0.08397328853607178,0.07425892353057861,0.1348239779472351,0.2126750946044922,0.23161810636520386,0.029703259468078613,0.07071757316589355,0.09568405151367188,0.26510870456695557,0.12636476755142212,0.3108069896697998,0.10532879829406738,0.08990633487701416,0.2040221095085144,0.10866600275039673,0.04945194721221924,0.25068652629852295,0.03753775358200073,0.21461421251296997,0.05942797660827637,0.2562597990036011,0.16496193408966064,0.05199742317199707,0.21502423286437988,0.3975619077682495,0.20640063285827637,0.23600554466247559,0.058890461921691895,0.07467055320739746,0.07959288358688354,0.1281571388244629,0.07196927070617676,0.11293143033981323,0.2561950087547302,0.06745731830596924,0.11606872081756592,0.02232450246810913,0.03108125925064087,0.038027167320251465,0.08779066801071167,0.16701453924179077,0.0824047327041626,0.1341707706451416,0.2990790009498596,0.12481796741485596,0.2667427062988281,0.03500860929489136,0.048894405364990234,0.2597591280937195,0.11642664670944214,0.2757549285888672,0.13115864992141724,0.06923878192901611,0.15323734283447266,0.08179283142089844,0.0846250057220459,0.06880748271942139,0.11747217178344727,0.04671740531921387,0.05082869529724121,0.10690289735794067,0.07688295841217041,0.08609700202941895,0.02957993745803833,0.29484128952026367,0.06681525707244873,0.017329812049865723,0.042103350162506104,0.2739180326461792,0.03956329822540283,0.3369966745376587,0.0902475118637085,0.0178450345993042,0.3169712424278259,0.05224812030792236,4096
OpenCLIP,Control,FASHION_CLASS_8192,0.05472755432128906,0.020988404750823975,0.15231716632843018,0.02944350242614746,0.048568785190582275,0.17356520891189575,0.23406559228897095,0.12522339820861816,0.0641527771949768,0.13747930526733398,0.05109906196594238,0.03786897659301758,0.03924727439880371,0.19397616386413574,0.04412496089935303,0.061298489570617676,0.10073566436767578,0.1798694133758545,0.10014700889587402,0.08525216579437256,0.12340062856674194,0.050249457359313965,0.03278106451034546,0.03346443176269531,0.04906463623046875,0.13868039846420288,0.11735498905181885,0.03815734386444092,0.17384272813796997,0.25551557540893555,0.021643757820129395,0.06013232469558716,0.06321650743484497,0.2010514736175537,0.11838197708129883,0.23296606540679932,0.28583288192749023,0.08151078224182129,0.16493797302246094,0.13442641496658325,0.07977581024169922,0.2503584623336792,0.020305633544921875,0.24434930086135864,0.14413154125213623,0.20738589763641357,0.0472254753112793,0.0821143388748169,0.2576380968093872,0.3708181381225586,0.17101716995239258,0.12265753746032715,0.07905209064483643,0.09345722198486328,0.08599340915679932,0.15548229217529297,0.0666571855545044,0.1172589659690857,0.267553448677063,0.1258094310760498,0.036194682121276855,0.019062697887420654,0.02337944507598877,0.03314614295959473,0.059994637966156006,0.12229013442993164,0.09330505132675171,0.11492514610290527,0.08356964588165283,0.0838770866394043,0.21078932285308838,0.056572556495666504,0.04439723491668701,0.18649017810821533,0.0508425235748291,0.173142671585083,0.043001651763916016,0.046825408935546875,0.11075663566589355,0.12841647863388062,0.1448361873626709,0.046115875244140625,0.0860244631767273,0.04971885681152344,0.06890106201171875,0.06111067533493042,0.21089410781860352,0.08366209268569946,0.040522098541259766,0.3254661560058594,0.06406724452972412,0.011916637420654297,0.07713049650192261,0.3081987500190735,0.03041386604309082,0.2968807816505432,0.07452392578125,0.014151692390441895,0.48011893033981323,0.02739959955215454,8192
OpenCLIP,Control,CELEBA_TEXT_32,0.24280285835266113,0.20809894800186157,0.15279722213745117,0.02960944175720215,0.36705201864242554,0.18503230810165405,0.165239155292511,0.3043179512023926,0.2462993860244751,0.32757943868637085,0.16435670852661133,0.18851613998413086,0.2154533863067627,0.029680490493774414,0.17933189868927002,0.24395966529846191,0.11836284399032593,0.026130080223083496,0.30827796459198,0.3574543595314026,0.1423337459564209,0.18406462669372559,0.2431119680404663,0.20096087455749512,0.2088618278503418,0.31736481189727783,0.33555591106414795,0.20627379417419434,0.1846327781677246,0.03061532974243164,0.11401194334030151,0.17334693670272827,0.14371371269226074,0.18734443187713623,0.21709704399108887,0.17280292510986328,0.21119803190231323,0.06803154945373535,0.2534743547439575,0.21299409866333008,0.2249201536178589,0.18351566791534424,0.2617403268814087,0.18681538105010986,0.19199645519256592,0.29171431064605713,0.04816162586212158,0.1856321096420288,0.3318803906440735,0.09191656112670898,0.23114728927612305,0.3123272657394409,0.19314581155776978,0.15002065896987915,0.2833446264266968,0.19101941585540771,0.2642208933830261,0.3568614721298218,0.3503382205963135,0.2990715503692627,0.2268693447113037,0.1001662015914917,0.19932854175567627,0.0760040283203125,0.16212862730026245,0.18030965328216553,0.19281703233718872,0.1854921579360962,0.2116096019744873,0.0518878698348999,0.32953476905822754,0.14819061756134033,0.2006770372390747,0.025584936141967773,0.21553969383239746,0.24549496173858643,0.2709121108055115,0.07941579818725586,0.24822628498077393,0.17710500955581665,0.314786434173584,0.19435328245162964,0.19732940196990967,0.19945943355560303,0.24695730209350586,0.06330114603042603,0.11833399534225464,0.20060288906097412,0.2203444242477417,0.2295680046081543,0.16245043277740479,0.24347615242004395,0.210099995136261,0.18805360794067383,0.20447194576263428,0.20976853370666504,0.22181826829910278,0.04592716693878174,0.22162318229675293,0.1381738781929016,712
OpenCLIP,Control,CELEBA_TEXT_512,0.12458091974258423,0.05717647075653076,0.0572047233581543,0.056611061096191406,0.1860179901123047,0.15918302536010742,0.1223750114440918,0.08371573686599731,0.11428707838058472,0.09544003009796143,0.1867516040802002,0.05816042423248291,0.08157467842102051,0.07666027545928955,0.04477250576019287,0.05207812786102295,0.057572007179260254,0.07095927000045776,0.13793861865997314,0.14255833625793457,0.06739526987075806,0.07089680433273315,0.059703826904296875,0.07110118865966797,0.07334160804748535,0.07152175903320312,0.16022932529449463,0.08407247066497803,0.1024743914604187,0.202387273311615,0.06954264640808105,0.07538646459579468,0.14146709442138672,0.04974186420440674,0.14127492904663086,0.08044052124023438,0.09796565771102905,0.09430193901062012,0.13675272464752197,0.12612754106521606,0.21155476570129395,0.10608327388763428,0.1435069441795349,0.11971783638000488,0.20464158058166504,0.04765009880065918,0.2282867431640625,0.09133553504943848,0.15923857688903809,0.03468203544616699,0.09402620792388916,0.08237934112548828,0.44685399532318115,0.060155272483825684,0.18229645490646362,0.037974774837493896,0.24994218349456787,0.08503270149230957,0.1634005308151245,0.15789413452148438,0.19377928972244263,0.09391438961029053,0.16607880592346191,0.08440780639648438,0.04315531253814697,0.0981745719909668,0.13379418849945068,0.15735816955566406,0.10057896375656128,0.11628073453903198,0.19808882474899292,0.13381242752075195,0.31141728162765503,0.1217910647392273,0.20433461666107178,0.08682870864868164,0.2056657075881958,0.1073993444442749,0.08947122097015381,0.13975000381469727,0.07079041004180908,0.17299258708953857,0.3355028033256531,0.11478531360626221,0.11294806003570557,0.12771129608154297,0.1610196828842163,0.08768713474273682,0.1754244565963745,0.11920839548110962,0.21073228120803833,0.09330195188522339,0.14753419160842896,0.08289605379104614,0.18192261457443237,0.07730317115783691,0.3310157060623169,0.07168161869049072,0.30488115549087524,0.10305190086364746,10627
OpenCLIP,Control,CELEBA_TEXT_8192,0.08598911762237549,0.04826289415359497,0.0449298620223999,0.06857985258102417,0.058381617069244385,0.052108168601989746,0.03465151786804199,0.07011628150939941,0.048887014389038086,0.03240483999252319,0.17909562587738037,0.028385162353515625,0.08114075660705566,0.04068434238433838,0.06024158000946045,0.06618201732635498,0.03922462463378906,0.036890387535095215,0.04955792427062988,0.14948934316635132,0.042902469635009766,0.04166138172149658,0.07911986112594604,0.04480463266372681,0.053602635860443115,0.12897586822509766,0.08957397937774658,0.05096465349197388,0.08208328485488892,0.12033021450042725,0.15810728073120117,0.11484187841415405,0.043580591678619385,0.16276872158050537,0.027850568294525146,0.019131064414978027,0.06477349996566772,0.023107409477233887,0.16471868753433228,0.163332998752594,0.04977011680603027,0.02729344367980957,0.096202552318573,0.04432058334350586,0.08336478471755981,0.10133635997772217,0.2750622034072876,0.09696686267852783,0.11632245779037476,0.041454970836639404,0.02308255434036255,0.13638091087341309,0.06987261772155762,0.04950523376464844,0.07514047622680664,0.05546438694000244,0.16496646404266357,0.04305070638656616,0.0919114351272583,0.11809241771697998,0.06641489267349243,0.05173701047897339,0.060883283615112305,0.020064473152160645,0.03803253173828125,0.06955188512802124,0.06586426496505737,0.09431123733520508,0.05761903524398804,0.03974568843841553,0.030449867248535156,0.12263333797454834,0.03423178195953369,0.13823801279067993,0.10303831100463867,0.03970694541931152,0.12752139568328857,0.1265430450439453,0.0686882734298706,0.025883853435516357,0.13709473609924316,0.08454519510269165,0.06717085838317871,0.04470205307006836,0.06911152601242065,0.09695100784301758,0.04091441631317139,0.08139842748641968,0.09429222345352173,0.05697447061538696,0.051625728607177734,0.02370750904083252,0.06438076496124268,0.048104703426361084,0.03883850574493408,0.02070486545562744,0.09758704900741577,0.09463244676589966,0.051367104053497314,0.052364230155944824,162770
OpenCLIP,Control,MNIST_RETRAIN_256,0.2825619578361511,0.29604625701904297,0.1441335678100586,0.5582637786865234,0.5720186829566956,0.08723819255828857,0.10138428211212158,0.512570858001709,0.4475945234298706,0.346030056476593,0.13347584009170532,0.31962502002716064,0.0765458345413208,0.30852508544921875,0.38800811767578125,0.106606125831604,0.3456718921661377,0.3603299856185913,0.49451571702957153,0.4440847635269165,0.10426688194274902,0.27938926219940186,0.28440040349960327,0.5070779919624329,0.5967622399330139,0.248973548412323,0.2970641851425171,0.4870798587799072,0.2757364511489868,0.47973811626434326,0.19545137882232666,0.3685336112976074,0.36996006965637207,0.2894090414047241,0.2215895652770996,0.3486555814743042,0.2512134313583374,0.24615800380706787,0.3384625315666199,0.3217923045158386,0.33149850368499756,0.34533262252807617,0.13903844356536865,0.321926474571228,0.3080543279647827,0.5508331060409546,0.4924417734146118,0.1524829864501953,0.27688300609588623,0.23287487030029297,0.3662481904029846,0.3345215916633606,0.13323843479156494,0.46044862270355225,0.43561190366744995,0.28422248363494873,0.5766240358352661,0.23008602857589722,0.346807599067688,0.26342618465423584,0.3571125268936157,0.35455405712127686,0.4503174424171448,0.43978142738342285,0.3754706382751465,0.38225269317626953,0.25825029611587524,0.3242759704589844,0.460809588432312,0.30829310417175293,0.5139017105102539,0.27790331840515137,0.35697829723358154,0.3352367877960205,0.4727698564529419,0.2780963182449341,0.28108078241348267,0.1994759440422058,0.546056866645813,0.3068820834159851,0.27006995677948,0.3486238121986389,0.21958231925964355,0.17073941230773926,0.2984580397605896,0.36548399925231934,0.04853177070617676,0.24143022298812866,0.27384406328201294,0.33207201957702637,0.2798062562942505,0.16803467273712158,0.31584978103637695,0.332800030708313,0.30688202381134033,0.47740262746810913,0.3573451042175293,0.41689449548721313,0.2851875424385071,0.46055281162261963,256
OpenCLIP,Control,MNIST_RETRAIN_1024,0.2692815065383911,0.29776298999786377,0.3490411043167114,0.10085511207580566,0.38850951194763184,0.33216285705566406,0.3433980941772461,0.32953059673309326,0.18917393684387207,0.26706111431121826,0.2583094835281372,0.28243952989578247,0.10294818878173828,0.3579728603363037,0.23448771238327026,0.18106091022491455,0.29589980840682983,0.08664828538894653,0.27477169036865234,0.23644006252288818,0.08449256420135498,0.2312656044960022,0.33240610361099243,0.3154035806655884,0.3954579830169678,0.3040996789932251,0.08775001764297485,0.343034029006958,0.33975547552108765,0.2589372396469116,0.37453705072402954,0.3122764825820923,0.38466382026672363,0.2256602644920349,0.26744067668914795,0.2499637007713318,0.26200056076049805,0.2668720483779907,0.01509028673171997,0.2909896969795227,0.026149511337280273,0.14445674419403076,0.24924689531326294,0.4142507314682007,0.2549811005592346,0.3421088457107544,0.2148115634918213,0.2978227138519287,0.2417665719985962,0.2661312222480774,0.28339433670043945,0.2626529932022095,0.11827749013900757,0.23894274234771729,0.1587454080581665,0.2745940685272217,0.28808069229125977,0.3224549889564514,0.27516674995422363,0.02444911003112793,0.26362890005111694,0.3887481689453125,0.19682401418685913,0.33568716049194336,0.39420515298843384,0.28260117769241333,0.20546197891235352,0.3030276298522949,0.23209989070892334,0.36105167865753174,0.3120530843734741,0.2633941173553467,0.27992773056030273,0.3271055221557617,0.30017662048339844,0.24091696739196777,0.23433804512023926,0.01462864875793457,0.2573869228363037,0.39606010913848877,0.26502716541290283,0.31898558139801025,0.142378568649292,0.2685506343841553,0.3385578393936157,0.30394411087036133,0.3595702052116394,0.34982728958129883,0.23970651626586914,0.29405975341796875,0.2955251932144165,0.12531721591949463,0.30993884801864624,0.3517986536026001,0.29861581325531006,0.20166891813278198,0.37593698501586914,0.47835540771484375,0.258628249168396,0.23217928409576416,1024
OpenCLIP,Control,FASHION_RETRAIN_256,0.4056757688522339,0.37180501222610474,0.48311424255371094,0.29888808727264404,0.5013142228126526,0.31914931535720825,0.4544369578361511,0.40512317419052124,0.3369814157485962,0.17786991596221924,0.26337534189224243,0.5139539837837219,0.5284311175346375,0.5114367008209229,0.46242213249206543,0.44805747270584106,0.4100031852722168,0.4068504571914673,0.41333019733428955,0.4846140742301941,0.45059728622436523,0.25076615810394287,0.48697227239608765,0.2412339448928833,0.25142723321914673,0.5394910573959351,0.4195159673690796,0.3263928294181824,0.5340640544891357,0.5209906101226807,0.17677032947540283,0.3753567337989807,0.4965265989303589,0.546644926071167,0.3375288248062134,0.2543741464614868,0.4735450744628906,0.3608244061470032,0.4587065577507019,0.4546726942062378,0.37000006437301636,0.3700202703475952,0.3946273922920227,0.45832157135009766,0.46469271183013916,0.4533489942550659,0.3097689151763916,0.46755290031433105,0.4690854549407959,0.38451361656188965,0.49898576736450195,0.40003883838653564,0.39900916814804077,0.2341301441192627,0.38756000995635986,0.3404414653778076,0.48792320489883423,0.3400074243545532,0.44627082347869873,0.465792179107666,0.4809197783470154,0.35387182235717773,0.41553646326065063,0.41368114948272705,0.44269710779190063,0.23353111743927002,0.21569281816482544,0.50713050365448,0.42779791355133057,0.520828366279602,0.4277679920196533,0.3601984977722168,0.28258216381073,0.4648767113685608,0.4680793881416321,0.49580633640289307,0.4972383975982666,0.3688952922821045,0.43443238735198975,0.4116882085800171,0.2503849267959595,0.3511108160018921,0.50676429271698,0.5304608941078186,0.4918825626373291,0.49810898303985596,0.29353344440460205,0.3901329040527344,0.47906649112701416,0.4226945638656616,0.5450534820556641,0.40834152698516846,0.34804195165634155,0.4132465720176697,0.27235913276672363,0.2309129238128662,0.41124165058135986,0.41950488090515137,0.3068462014198303,0.39690101146698,256
OpenCLIP,Control,FASHION_RETRAIN_1024,0.30503714084625244,0.3377261161804199,0.3993854522705078,0.3588826060295105,0.09542059898376465,0.1474926471710205,0.379569411277771,0.3774374723434448,0.07853531837463379,0.0709303617477417,0.48354339599609375,0.41320401430130005,0.16910552978515625,0.5351666212081909,0.43461090326309204,0.11211931705474854,0.17626214027404785,0.4406013488769531,0.45758116245269775,0.5533568859100342,0.1557908058166504,0.08470433950424194,0.48480093479156494,0.42676472663879395,0.14493119716644287,0.5270441174507141,0.1313420534133911,0.3900177478790283,0.33257102966308594,0.4739072918891907,0.18010425567626953,0.228138267993927,0.420543909072876,0.4740540385246277,0.2644166946411133,0.18096840381622314,0.19735020399093628,0.445793092250824,0.5102553963661194,0.4271325469017029,0.426263689994812,0.19931936264038086,0.3151888847351074,0.4353523850440979,0.4066489338874817,0.2400960922241211,0.3957655429840088,0.27079033851623535,0.43951159715652466,0.42485105991363525,0.44208478927612305,0.3672868013381958,0.25091004371643066,0.13045328855514526,0.2054431438446045,0.19697821140289307,0.3924790620803833,0.2915000915527344,0.4272005558013916,0.43414968252182007,0.3653988838195801,0.2878774404525757,0.45660924911499023,0.29720598459243774,0.19057905673980713,0.3504577875137329,0.1277586817741394,0.19139480590820312,0.46073663234710693,0.30489039421081543,0.4424246549606323,0.3893668055534363,0.1417258381843567,0.40895843505859375,0.1821432113647461,0.3860971927642822,0.36954057216644287,0.3513832688331604,0.07783830165863037,0.19464659690856934,0.09386241436004639,0.4064152240753174,0.40536755323410034,0.5498475432395935,0.18433362245559692,0.46087586879730225,0.2751014232635498,0.38036853075027466,0.42655742168426514,0.3168829679489136,0.5308828353881836,0.08209210634231567,0.24094760417938232,0.49267810583114624,0.3117305040359497,0.22919845581054688,0.1377490758895874,0.47959160804748535,0.3463808298110962,0.35785746574401855,1024
OpenCLIP,Control,CELEBA_EPOCH_512,0.28547000885009766,0.24303460121154785,0.15024995803833008,0.26056766510009766,0.15782630443572998,0.214807391166687,0.28517043590545654,0.18786084651947021,0.04504835605621338,0.19984650611877441,0.28095006942749023,0.06339311599731445,0.1782800555229187,0.20848679542541504,0.07984715700149536,0.1854708194732666,0.2927929162979126,0.24862009286880493,0.1321660280227661,0.21892023086547852,0.18153035640716553,0.0750889778137207,0.06732428073883057,0.29769468307495117,0.2121109962463379,0.06258809566497803,0.1119985580444336,0.16476035118103027,0.21587860584259033,0.3105246424674988,0.1801254153251648,0.156846821308136,0.045075058937072754,0.13654375076293945,0.29769980907440186,0.09665489196777344,0.06107419729232788,0.24311447143554688,0.054432570934295654,0.11704862117767334,0.26202523708343506,0.18825793266296387,0.08828175067901611,0.19521814584732056,0.2027658224105835,0.14000052213668823,0.06422734260559082,0.18785810470581055,0.11644977331161499,0.1567697525024414,0.20825475454330444,0.2015974521636963,0.05326247215270996,0.0776943564414978,0.1625509262084961,0.08995687961578369,0.35778379440307617,0.051613688468933105,0.18755877017974854,0.23103481531143188,0.07556766271591187,0.26167571544647217,0.057521700859069824,0.033881962299346924,0.16748517751693726,0.28855884075164795,0.03565621376037598,0.15049278736114502,0.22112178802490234,0.16264760494232178,0.18053364753723145,0.059169769287109375,0.11577433347702026,0.0550839900970459,0.12116491794586182,0.10111045837402344,0.06652170419692993,0.21096861362457275,0.03217625617980957,0.053878962993621826,0.1900160312652588,0.14908283948898315,0.12475115060806274,0.07264173030853271,0.17018097639083862,0.1815546751022339,0.19004976749420166,0.24178636074066162,0.05065476894378662,0.1275850534439087,0.13354724645614624,0.19147181510925293,0.10463625192642212,0.09215843677520752,0.20953702926635742,0.030539751052856445,0.13508009910583496,0.06135833263397217,0.0371212363243103,0.11159276962280273,10627
OpenCLIP,Control,CELEBA_EPOCH_8192,0.08178246021270752,0.1953291893005371,0.06371361017227173,0.07096260786056519,0.1120905876159668,0.2937145233154297,0.16307282447814941,0.07617753744125366,0.026835262775421143,0.2883780598640442,0.07739108800888062,0.2895059585571289,0.07126206159591675,0.08935004472732544,0.1468685269355774,0.08509331941604614,0.060607731342315674,0.04536932706832886,0.1697402000427246,0.04583650827407837,0.15680336952209473,0.07701075077056885,0.2876129746437073,0.03843873739242554,0.03224539756774902,0.18836110830307007,0.1268395185470581,0.018238067626953125,0.02255481481552124,0.031342267990112305,0.09415560960769653,0.0920029878616333,0.04658883810043335,0.06526720523834229,0.2605764865875244,0.19721251726150513,0.060447096824645996,0.1701022982597351,0.025976896286010742,0.2335335612297058,0.06962710618972778,0.08761191368103027,0.10480391979217529,0.06170177459716797,0.24253994226455688,0.027903199195861816,0.3247443437576294,0.1107635498046875,0.17381489276885986,0.02969539165496826,0.024128854274749756,0.054038166999816895,0.05507141351699829,0.17879855632781982,0.04501199722290039,0.08056211471557617,0.11194074153900146,0.03016197681427002,0.09638488292694092,0.07413917779922485,0.1336883306503296,0.046689391136169434,0.098685622215271,0.054331064224243164,0.267467200756073,0.28452634811401367,0.1291137933731079,0.034679114818573,0.16364514827728271,0.26855647563934326,0.16462469100952148,0.03275656700134277,0.13061904907226562,0.047499895095825195,0.20962846279144287,0.24361133575439453,0.2526395320892334,0.08772468566894531,0.030779480934143066,0.09985697269439697,0.0632474422454834,0.2630506157875061,0.27276086807250977,0.16241037845611572,0.09351718425750732,0.1481683850288391,0.09608066082000732,0.25397825241088867,0.046254634857177734,0.3542971611022949,0.0447421669960022,0.2845544219017029,0.060292601585388184,0.08390021324157715,0.09842675924301147,0.043701887130737305,0.1043558120727539,0.04638254642486572,0.05274534225463867,0.23391038179397583,162770
LPIPS,Primary,MNIST_256,0.30245792865753174,0.3552590012550354,0.32307806611061096,0.1350935399532318,0.3029034733772278,0.16592423617839813,0.1098506897687912,0.32070422172546387,0.25615400075912476,0.1246858686208725,0.07873117923736572,0.1868666410446167,0.33802473545074463,0.3043975234031677,0.3495446741580963,0.06957771629095078,0.4019916355609894,0.2478870153427124,0.1260150820016861,0.12237322330474854,0.10101151466369629,0.12110616266727448,0.37124693393707275,0.1498405635356903,0.0933523029088974,0.06368100643157959,0.1958771049976349,0.21534737944602966,0.2792988121509552,0.25298792123794556,0.1599271595478058,0.13782155513763428,0.18655668199062347,0.18845173716545105,0.22010377049446106,0.23198649287223816,0.09254682809114456,0.21133211255073547,0.07373489439487457,0.22724810242652893,0.37950897216796875,0.2632652521133423,0.07466933131217957,0.2430485188961029,0.13690492510795593,0.33048000931739807,0.30513712763786316,0.2784474492073059,0.16315214335918427,0.2946178913116455,0.20433121919631958,0.21188141405582428,0.40811634063720703,0.29884347319602966,0.22703072428703308,0.2473551332950592,0.28696146607398987,0.23443517088890076,0.24324196577072144,0.37997037172317505,0.2170368880033493,0.18049299716949463,0.1762562096118927,0.3581066131591797,0.27776259183883667,0.1377461850643158,0.11053761839866638,0.08873848617076874,0.030081437900662422,0.22384318709373474,0.22930487990379333,0.295318067073822,0.23958656191825867,0.0607416070997715,0.05325143411755562,0.4042610228061676,0.3114090859889984,0.3953617215156555,0.3896454870700836,0.21381202340126038,0.24370348453521729,0.24114865064620972,0.17700697481632233,0.41729897260665894,0.26509761810302734,0.2413911521434784,0.20078220963478088,0.4378884732723236,0.09658819437026978,0.31826257705688477,0.0512203648686409,0.31033623218536377,0.28759193420410156,0.22022375464439392,0.2631447911262512,0.2191723883152008,0.13354657590389252,0.18999364972114563,0.1804640144109726,0.22087645530700684,256
LPIPS,Primary,MNIST_512,0.32491618394851685,0.33759647607803345,0.2447631061077118,0.11281797289848328,0.195205420255661,0.12582118809223175,0.07637232542037964,0.2623230516910553,0.2682688534259796,0.09084521234035492,0.20717249810695648,0.20124410092830658,0.037734292447566986,0.2898266315460205,0.2906971573829651,0.09901610761880875,0.2481037825345993,0.23050634562969208,0.10940270870923996,0.10316573828458786,0.1269218623638153,0.20410045981407166,0.25805234909057617,0.2406904101371765,0.07478106766939163,0.11740849912166595,0.17926517128944397,0.17331436276435852,0.06697047501802444,0.047332413494586945,0.22372525930404663,0.2882594168186188,0.30754193663597107,0.1435347944498062,0.1781778335571289,0.22258509695529938,0.25939807295799255,0.2382538914680481,0.09724405407905579,0.30683502554893494,0.3020870089530945,0.3021150529384613,0.05075901746749878,0.08651173114776611,0.29841846227645874,0.3033287525177002,0.25846144556999207,0.11660712957382202,0.08835145831108093,0.1829340159893036,0.1512773334980011,0.2667710781097412,0.31711122393608093,0.2450113594532013,0.18168960511684418,0.1904103308916092,0.21847999095916748,0.2706092298030853,0.35451918840408325,0.34938478469848633,0.1988983452320099,0.1700279414653778,0.29273897409439087,0.2914811670780182,0.2432611882686615,0.1211526095867157,0.049021944403648376,0.2742377519607544,0.03673746436834335,0.19265133142471313,0.40892231464385986,0.31531888246536255,0.22117790579795837,0.06007178872823715,0.05782926827669144,0.3810007572174072,0.24235668778419495,0.09361549466848373,0.22419419884681702,0.10392767190933228,0.2914890646934509,0.15605825185775757,0.24187281727790833,0.18695618212223053,0.2909306287765503,0.34359443187713623,0.162917360663414,0.16030444204807281,0.2548469603061676,0.07325568795204163,0.024278277531266212,0.2739720344543457,0.29371094703674316,0.25509119033813477,0.20499849319458008,0.1932886838912964,0.3080228865146637,0.201538547873497,0.25667664408683777,0.27176541090011597,512
LPIPS,Primary,MNIST_1024,0.22111737728118896,0.2974468469619751,0.18859952688217163,0.05944439768791199,0.24158146977424622,0.12395010143518448,0.05277407914400101,0.24803875386714935,0.09592501074075699,0.22982066869735718,0.21828122437000275,0.021055366843938828,0.08224006742238998,0.2630719542503357,0.11357687413692474,0.3130970895290375,0.17415057122707367,0.24530038237571716,0.07248895615339279,0.08632361143827438,0.06989122927188873,0.16732367873191833,0.06511382758617401,0.17247745394706726,0.19760513305664062,0.20848466455936432,0.16549912095069885,0.18796290457248688,0.08078590035438538,0.024132300168275833,0.27488961815834045,0.30956658720970154,0.263427734375,0.135015606880188,0.07966536283493042,0.202412411570549,0.18712195754051208,0.17862820625305176,0.07018011808395386,0.1265634298324585,0.23796749114990234,0.17888261377811432,0.028731483966112137,0.1904163360595703,0.10809354484081268,0.33744534850120544,0.07272238284349442,0.24705870449543,0.0564335472881794,0.06120699644088745,0.1753893792629242,0.22884806990623474,0.36328747868537903,0.10348872095346451,0.09523610770702362,0.20036093890666962,0.2298741191625595,0.04741562157869339,0.24457204341888428,0.3614727258682251,0.15712550282478333,0.21768805384635925,0.2269527167081833,0.22961729764938354,0.2627277076244354,0.18883702158927917,0.034679800271987915,0.2206924557685852,0.024108147248625755,0.13904798030853271,0.2193547785282135,0.2562342584133148,0.0783521980047226,0.014842082746326923,0.2917141616344452,0.17696598172187805,0.2771832346916199,0.08171532303094864,0.23613080382347107,0.22068855166435242,0.14900469779968262,0.2106623649597168,0.23417186737060547,0.265665739774704,0.07737058401107788,0.23055297136306763,0.023008432239294052,0.2203136682510376,0.249400332570076,0.3413471579551697,0.02469046786427498,0.4051656126976013,0.3339502811431885,0.1654878407716751,0.20662392675876617,0.368982195854187,0.08188188821077347,0.1463107168674469,0.3312101662158966,0.28602033853530884,1024
LPIPS,Primary,MNIST_2048,0.07916753739118576,0.09493061155080795,0.12552489340305328,0.014450817368924618,0.10271978378295898,0.08859433233737946,0.010795686393976212,0.2609632909297943,0.036148250102996826,0.22508876025676727,0.1127818375825882,0.11371983587741852,0.1520681530237198,0.24343033134937286,0.20923157036304474,0.2866915762424469,0.15902717411518097,0.03496769443154335,0.012621870264410973,0.03728102520108223,0.012888017110526562,0.04724026471376419,0.26694929599761963,0.18610942363739014,0.13249696791172028,0.15653739869594574,0.051468826830387115,0.1393049657344818,0.007915981113910675,0.009932644665241241,0.23970326781272888,0.15162552893161774,0.0730915516614914,0.10863973200321198,0.08162513375282288,0.06992902606725693,0.20321933925151825,0.043390903621912,0.015027714893221855,0.13713182508945465,0.22872823476791382,0.10166166722774506,0.036980126053094864,0.18616250157356262,0.12336825579404831,0.2612336575984955,0.2683808505535126,0.23358154296875,0.03980143368244171,0.12799252569675446,0.2287626564502716,0.1902230978012085,0.09657934308052063,0.10778035968542099,0.03252021223306656,0.17631757259368896,0.18591120839118958,0.08636868000030518,0.217867910861969,0.22995798289775848,0.1794550120830536,0.18611130118370056,0.18283675611019135,0.16955456137657166,0.2381097674369812,0.15175758302211761,0.014583886601030827,0.18996454775333405,0.00426296703517437,0.12366555631160736,0.24379177391529083,0.011638913303613663,0.06969928741455078,0.0033877049572765827,0.035279206931591034,0.4040766656398773,0.20735453069210052,0.07316882163286209,0.18992416560649872,0.18658019602298737,0.03861485794186592,0.18527436256408691,0.054269202053546906,0.2331513613462448,0.01998760551214218,0.13716785609722137,0.1518663614988327,0.16629533469676971,0.2352176010608673,0.2203054130077362,0.004544977098703384,0.3058743476867676,0.2666271924972534,0.03215402737259865,0.07225645333528519,0.23767700791358948,0.015025692991912365,0.10090088844299316,0.2943858504295349,0.10587608814239502,2048
LPIPS,Primary,MNIST_4096,0.2188681662082672,0.17565910518169403,0.10474027693271637,0.017634192481637,0.09581002593040466,0.057200975716114044,0.004562186077237129,0.2008720487356186,0.1672476828098297,0.25100815296173096,0.16992329061031342,0.10048065334558487,0.0538005493581295,0.18930786848068237,0.07639329135417938,0.08434189110994339,0.1807093769311905,0.028197960928082466,0.006253661587834358,0.04080945625901222,0.004307812079787254,0.04336214065551758,0.22469577193260193,0.18870815634727478,0.016635295003652573,0.1513344943523407,0.07534626126289368,0.11328671872615814,0.03193557634949684,0.3365801274776459,0.24084748327732086,0.17048951983451843,0.13333913683891296,0.03074466437101364,0.11011297255754471,0.2587985396385193,0.2031276524066925,0.06963471323251724,0.005855482071638107,0.058227069675922394,0.15376397967338562,0.017984304577112198,0.04665207862854004,0.1883869171142578,0.10387633740901947,0.1379181146621704,0.16293922066688538,0.1633748710155487,0.04025140777230263,0.021000484004616737,0.20468434691429138,0.1679331362247467,0.03190721198916435,0.05188147723674774,0.012917248532176018,0.110548235476017,0.07688304781913757,0.05837450176477432,0.1632244735956192,0.13158422708511353,0.10389965772628784,0.11555290222167969,0.20503117144107819,0.22440245747566223,0.17774486541748047,0.14207449555397034,0.00842282921075821,0.25674158334732056,0.0016671563498675823,0.008652344346046448,0.21836040914058685,0.07738161087036133,0.035843025892972946,0.004817234352231026,0.036521993577480316,0.29993945360183716,0.23677343130111694,0.039073843508958817,0.17205484211444855,0.16876862943172455,0.023929618299007416,0.11301383376121521,0.03840094432234764,0.092375747859478,0.01087955106049776,0.11327236145734787,0.07890572398900986,0.18770776689052582,0.16356268525123596,0.13661152124404907,0.013252479955554008,0.12253375351428986,0.1346065253019333,0.06659480184316635,0.14260929822921753,0.06723233312368393,0.040570713579654694,0.09367252886295319,0.011854860931634903,0.057904522866010666,4096
LPIPS,Primary,MNIST_8192,0.2252935767173767,0.0875295102596283,0.10778404027223587,0.009636469185352325,0.13724294304847717,0.04874461144208908,0.0035252412781119347,0.1840854287147522,0.15522024035453796,0.18899668753147125,0.13897404074668884,0.0977325290441513,0.052265994250774384,0.21311238408088684,0.036924175918102264,0.25880104303359985,0.25229865312576294,0.12670651078224182,0.004517471417784691,0.04496777057647705,0.036538079380989075,0.017872881144285202,0.1894262135028839,0.1610638052225113,0.016420593485236168,0.11135624349117279,0.054622769355773926,0.08798344433307648,0.01934446208178997,0.13403701782226562,0.21299609541893005,0.1660498082637787,0.07072705030441284,0.060608021914958954,0.029009511694312096,0.2588539123535156,0.23087744414806366,0.04069920629262924,0.016664626076817513,0.08666033297777176,0.1700303703546524,0.08967059850692749,0.0534885972738266,0.12347759306430817,0.1423133760690689,0.1619139015674591,0.1273481547832489,0.1657998263835907,0.03247678652405739,0.13521942496299744,0.1304975301027298,0.12612852454185486,0.018359296023845673,0.09671670198440552,0.03282775729894638,0.08779287338256836,0.10581588745117188,0.039390645921230316,0.17334887385368347,0.1263108253479004,0.10999390482902527,0.09226107597351074,0.17234766483306885,0.21458804607391357,0.1820753961801529,0.12179231643676758,0.004726380575448275,0.2597888708114624,0.0018829783657565713,0.15041853487491608,0.19390222430229187,0.04289877414703369,0.018099866807460785,0.03754524886608124,0.12393439561128616,0.1809190809726715,0.17206312716007233,0.024055952206254005,0.20955578982830048,0.06341375410556793,0.011151059530675411,0.24420687556266785,0.014754202216863632,0.08495554327964783,0.007843171246349812,0.09605800360441208,0.10135280340909958,0.18604663014411926,0.11611959338188171,0.117339126765728,0.003426085691899061,0.1418428122997284,0.10594701021909714,0.01213078387081623,0.056296736001968384,0.10175413638353348,0.016129065304994583,0.09008170664310455,0.06729034334421158,0.026021575555205345,8192
LPIPS,Primary,FASHION_256,0.525235116481781,0.5568166375160217,0.417938232421875,0.5787633061408997,0.22579985857009888,0.07634763419628143,0.24129819869995117,0.11839070916175842,0.4273994565010071,0.16318100690841675,0.20929083228111267,0.16989976167678833,0.07539186626672745,0.3568533658981323,0.3063318729400635,0.3012123107910156,0.25882506370544434,0.5112678408622742,0.33879998326301575,0.4938895106315613,0.15272527933120728,0.39545300602912903,0.3897062838077545,0.28790029883384705,0.3985147774219513,0.21645106375217438,0.49687886238098145,0.42237192392349243,0.5652651190757751,0.29907941818237305,0.15446583926677704,0.5553066730499268,0.34668952226638794,0.5345488786697388,0.383048415184021,0.332294225692749,0.2786896824836731,0.09940129518508911,0.28774216771125793,0.13206440210342407,0.4879661500453949,0.06616101413965225,0.31282758712768555,0.2388055920600891,0.3083195388317108,0.2951561212539673,0.39951908588409424,0.0951012372970581,0.12022259831428528,0.39602673053741455,0.3260359764099121,0.2241867184638977,0.3275891840457916,0.28228357434272766,0.18654459714889526,0.261615514755249,0.5538883209228516,0.2076348215341568,0.12236389517784119,0.18860623240470886,0.2497306764125824,0.3161677122116089,0.5612038373947144,0.396896630525589,0.44956526160240173,0.41276681423187256,0.5337058901786804,0.5190036296844482,0.39504027366638184,0.42342469096183777,0.1314326971769333,0.39111828804016113,0.36823779344558716,0.1685505509376526,0.1504909098148346,0.45002231001853943,0.4379824995994568,0.3930479884147644,0.5330383777618408,0.12865068018436432,0.4092119336128235,0.3104117512702942,0.5205239653587341,0.5292445421218872,0.4548752009868622,0.21969342231750488,0.4054042100906372,0.15048949420452118,0.15282878279685974,0.5409470200538635,0.4949825406074524,0.026387115940451622,0.22886407375335693,0.1520031839609146,0.5272453427314758,0.22495612502098083,0.43471819162368774,0.34881681203842163,0.3023088276386261,0.47216707468032837,256
LPIPS,Primary,FASHION_512,0.3481407165527344,0.3699038028717041,0.24775278568267822,0.0600774921476841,0.1363602578639984,0.05251152440905571,0.2586486339569092,0.09700945764780045,0.2809341251850128,0.07978059351444244,0.1675117015838623,0.15369026362895966,0.06401268392801285,0.09889419376850128,0.23198533058166504,0.2915872633457184,0.3340209722518921,0.5454579591751099,0.2057996690273285,0.07460076361894608,0.13634207844734192,0.31130993366241455,0.28103107213974,0.26102766394615173,0.3630765676498413,0.3334168493747711,0.4271828532218933,0.4215546250343323,0.5758261680603027,0.2180633693933487,0.07408761978149414,0.38858217000961304,0.2302800565958023,0.022870484739542007,0.11554288864135742,0.3026900291442871,0.05698562413454056,0.016818733885884285,0.2084500789642334,0.05363955721259117,0.491230845451355,0.02587045356631279,0.08796164393424988,0.36658018827438354,0.28589507937431335,0.08615899085998535,0.29732459783554077,0.3576202690601349,0.34090137481689453,0.19761022925376892,0.27443641424179077,0.10620984435081482,0.32803022861480713,0.22757627069950104,0.05156562477350235,0.1782498061656952,0.529862642288208,0.1436823010444641,0.05056454986333847,0.07520624995231628,0.18127603828907013,0.40553200244903564,0.4800375998020172,0.3323977589607239,0.3799179196357727,0.4038792848587036,0.3895993232727051,0.4303288161754608,0.5132818818092346,0.36245882511138916,0.12000139057636261,0.5340998768806458,0.3571183681488037,0.18220582604408264,0.5583392381668091,0.11446727067232132,0.3855745792388916,0.3373592495918274,0.38272303342819214,0.09222143888473511,0.444449245929718,0.18886145949363708,0.5340035557746887,0.45230960845947266,0.42001473903656006,0.05708342418074608,0.338977575302124,0.15788888931274414,0.18343304097652435,0.5560106635093689,0.46365854144096375,0.009194702841341496,0.11967051774263382,0.4535389840602875,0.48760902881622314,0.11240330338478088,0.4146471917629242,0.2647665739059448,0.1250472515821457,0.42753785848617554,512
LPIPS,Primary,FASHION_1024,0.4012455642223358,0.4306339919567108,0.3707330822944641,0.4537625312805176,0.22815626859664917,0.06611375510692596,0.2124117910861969,0.043906357139348984,0.082819364964962,0.049269746989011765,0.19466671347618103,0.11599951237440109,0.06054111570119858,0.10173388570547104,0.34527885913848877,0.18762505054473877,0.07542172074317932,0.5095118284225464,0.5047066807746887,0.5028441548347473,0.06054934114217758,0.2958449125289917,0.1890072524547577,0.14115938544273376,0.38138291239738464,0.5381060242652893,0.43257230520248413,0.4462253451347351,0.5117756128311157,0.2051316648721695,0.014876384288072586,0.397965669631958,0.22788289189338684,0.08819623291492462,0.1227324977517128,0.03296125680208206,0.051227182149887085,0.05754368379712105,0.17733125388622284,0.3294193744659424,0.407381147146225,0.036021146923303604,0.028293486684560776,0.04412881284952164,0.06555667519569397,0.11638646572828293,0.2387097179889679,0.39167454838752747,0.04469676315784454,0.12966209650039673,0.2692512273788452,0.10002459585666656,0.2696303129196167,0.08051633834838867,0.04546660929918289,0.027420347556471825,0.08749384433031082,0.031387895345687866,0.01572670042514801,0.23325738310813904,0.5795429944992065,0.04884079843759537,0.4392499327659607,0.5320160388946533,0.3733568489551544,0.401913046836853,0.5095458030700684,0.4709913730621338,0.5094841718673706,0.28267014026641846,0.06705991923809052,0.5146617889404297,0.04733926057815552,0.0509982705116272,0.5470300316810608,0.03879719227552414,0.3649068772792816,0.19731464982032776,0.2973896265029907,0.010593526065349579,0.367745578289032,0.14734229445457458,0.5078986883163452,0.44628390669822693,0.17978975176811218,0.0583927184343338,0.32159942388534546,0.07706326246261597,0.08494529873132706,0.5491459965705872,0.38444945216178894,0.25181084871292114,0.12260384857654572,0.3195580244064331,0.46906134486198425,0.05235967040061951,0.40507495403289795,0.27578043937683105,0.09543633460998535,0.4367704391479492,1024
LPIPS,Primary,FASHION_2048,0.430170476436615,0.3702847957611084,0.361552357673645,0.02931404858827591,0.08637985587120056,0.04548930749297142,0.25536274909973145,0.03135769069194794,0.21791261434555054,0.2461273968219757,0.20373034477233887,0.022863509133458138,0.012087322771549225,0.1255485862493515,0.289634644985199,0.07772320508956909,0.060299910604953766,0.4350554645061493,0.5031457543373108,0.20364995300769806,0.03116793744266033,0.313347727060318,0.21926116943359375,0.03814084827899933,0.3421279191970825,0.08462105691432953,0.25083962082862854,0.39282023906707764,0.5054736733436584,0.20389696955680847,0.012629987671971321,0.3531196713447571,0.22953402996063232,0.02019932121038437,0.07214865833520889,0.08032374083995819,0.10325968265533447,0.10294143855571747,0.1028207540512085,0.2941545844078064,0.47563546895980835,0.048761218786239624,0.012711277231574059,0.2864982783794403,0.3363983631134033,0.06112339347600937,0.30443188548088074,0.38821470737457275,0.03357955813407898,0.08776754140853882,0.21345283091068268,0.09653620421886444,0.21565137803554535,0.038764577358961105,0.03510113060474396,0.040520988404750824,0.4940807819366455,0.1768045872449875,0.02164875902235508,0.17224502563476562,0.3931592106819153,0.4938472509384155,0.13220980763435364,0.5141181945800781,0.21341150999069214,0.3196409344673157,0.3777245283126831,0.43451812863349915,0.42793476581573486,0.24387198686599731,0.05039433389902115,0.5797842741012573,0.27509352564811707,0.0632513016462326,0.5262777805328369,0.06011238694190979,0.31768083572387695,0.13874542713165283,0.40107256174087524,0.01412539929151535,0.33927375078201294,0.19709326326847076,0.541346549987793,0.3773387670516968,0.06924831122159958,0.03526725620031357,0.30147117376327515,0.054003603756427765,0.05173054337501526,0.518724799156189,0.030508778989315033,0.22499974071979523,0.07320280373096466,0.07756462693214417,0.48024216294288635,0.04274769499897957,0.42723381519317627,0.22032876312732697,0.031659603118896484,0.27985191345214844,2048
LPIPS,Primary,FASHION_4096,0.22593794763088226,0.4443730115890503,0.4187677800655365,0.1498054414987564,0.42193835973739624,0.052266675978899,0.19337019324302673,0.04655081406235695,0.1429424285888672,0.258743554353714,0.14297914505004883,0.19645348191261292,0.02429497241973877,0.39551424980163574,0.3148341476917267,0.16141605377197266,0.22775983810424805,0.4087158441543579,0.36016523838043213,0.5230585336685181,0.06081974506378174,0.33130067586898804,0.20586766302585602,0.09468679875135422,0.35692426562309265,0.44033217430114746,0.47937172651290894,0.3537577986717224,0.5282107591629028,0.0395728275179863,0.026736309751868248,0.19950872659683228,0.18271388113498688,0.044323958456516266,0.14230680465698242,0.11563611030578613,0.03150663152337074,0.10692401230335236,0.17962518334388733,0.35100191831588745,0.11888203024864197,0.02328016795217991,0.039400070905685425,0.025554770603775978,0.032477110624313354,0.026712937280535698,0.29303479194641113,0.41468673944473267,0.05925215780735016,0.07797941565513611,0.2447546273469925,0.06756997108459473,0.1831219494342804,0.19466623663902283,0.05662374570965767,0.06074706092476845,0.08156140893697739,0.11507721990346909,0.12854984402656555,0.18520084023475647,0.5530793070793152,0.09498058259487152,0.16075274348258972,0.19203831255435944,0.3948652744293213,0.28736767172813416,0.44371336698532104,0.43450671434402466,0.40836331248283386,0.21138164401054382,0.08281606435775757,0.5344054698944092,0.2232222855091095,0.05910956859588623,0.49392586946487427,0.09359405189752579,0.35077574849128723,0.4773986041545868,0.39171433448791504,0.015327943488955498,0.39929530024528503,0.2856781780719757,0.22029797732830048,0.3591139316558838,0.4243413805961609,0.03250701725482941,0.3621090054512024,0.128653883934021,0.0955725684762001,0.5079524517059326,0.40550145506858826,0.25649747252464294,0.1291610598564148,0.25709283351898193,0.48330068588256836,0.03728222846984863,0.4092242121696472,0.24530532956123352,0.07288268208503723,0.25242581963539124,4096
LPIPS,Primary,FASHION_8192,0.2656562924385071,0.4085654020309448,0.20800843834877014,0.13187462091445923,0.11423438787460327,0.17067497968673706,0.27601519227027893,0.020148180425167084,0.1334385722875595,0.3995573818683624,0.20594045519828796,0.1274293065071106,0.028407149016857147,0.2221115082502365,0.2851337790489197,0.09929147362709045,0.21838000416755676,0.3678111433982849,0.42867332696914673,0.18873438239097595,0.03442312777042389,0.27482718229293823,0.22586126625537872,0.06779897212982178,0.308062344789505,0.20258352160453796,0.4107184410095215,0.375667005777359,0.1439647227525711,0.061377812176942825,0.023512789979577065,0.20714785158634186,0.16823385655879974,0.05647743493318558,0.06136907637119293,0.09990197420120239,0.09976352006196976,0.0692550539970398,0.17908045649528503,0.2981114387512207,0.10930268466472626,0.28938430547714233,0.022640913724899292,0.07974887639284134,0.3695719838142395,0.06386498361825943,0.14312374591827393,0.3961430788040161,0.04839968681335449,0.12382280826568604,0.22335366904735565,0.10232475399971008,0.09612283110618591,0.16193369030952454,0.04723305255174637,0.05048137530684471,0.1635591983795166,0.11437932401895523,0.10674677789211273,0.15654784440994263,0.33638620376586914,0.45616415143013,0.14849436283111572,0.20999103784561157,0.3953149914741516,0.2721228301525116,0.13287021219730377,0.4326624870300293,0.33389192819595337,0.28684353828430176,0.0560937225818634,0.48927950859069824,0.31871044635772705,0.03958378732204437,0.38524001836776733,0.07189731299877167,0.36290243268013,0.39738085865974426,0.3905922770500183,0.011630212888121605,0.3572545647621155,0.20270571112632751,0.5429093837738037,0.33888930082321167,0.42861199378967285,0.04670822247862816,0.3267889618873596,0.1350204050540924,0.06713957339525223,0.5135421752929688,0.4098362326622009,0.12031608074903488,0.059830646961927414,0.27014148235321045,0.36456555128097534,0.04022293537855148,0.3921451270580292,0.047613076865673065,0.04289441555738449,0.2571551203727722,8192
LPIPS,Primary,CIFAR10_500,0.5150847434997559,0.7154281139373779,0.5853269696235657,0.7139064073562622,0.6636782884597778,0.6577320098876953,0.6117057800292969,0.6472886204719543,0.6702638268470764,0.71013343334198,0.629974901676178,0.8204436302185059,0.9208447933197021,0.5820430517196655,0.5249150395393372,0.51458340883255,0.6414274573326111,0.6094115972518921,0.7227849960327148,0.7254759073257446,0.51068115234375,0.6444651484489441,0.745238184928894,0.6559928059577942,0.6346756219863892,0.6044901609420776,0.63279128074646,0.6493521928787231,0.6734142303466797,0.6923878788948059,0.8383154273033142,0.677741527557373,0.7592286467552185,0.687138557434082,0.6111772060394287,0.6627426743507385,0.5276104807853699,0.8120321035385132,0.6183481216430664,0.5902423858642578,0.6636486053466797,0.816337525844574,0.5708592534065247,0.7282330393791199,0.5135247707366943,0.7150120735168457,0.5882114171981812,0.7143416404724121,0.4850773513317108,0.7311113476753235,0.6546957492828369,0.47943833470344543,0.5017520189285278,0.5684466361999512,0.6408153176307678,0.6106354594230652,0.6850317716598511,0.7137235403060913,0.5033056735992432,0.669791042804718,0.5963302850723267,0.7006120681762695,0.6992747783660889,0.6118494272232056,0.6914869546890259,0.6510049700737,0.6781792640686035,0.6459850668907166,0.6268261671066284,0.6453704833984375,0.7570145726203918,0.6310669183731079,0.5816605091094971,0.7811524271965027,0.6495813131332397,0.7062679529190063,0.6517573595046997,0.6269915699958801,0.7059149146080017,0.6583932042121887,0.6849249005317688,0.6770020127296448,0.6886727809906006,0.605473518371582,0.7331368923187256,0.6416236162185669,0.6075427532196045,0.5114966630935669,0.6476901769638062,0.7835466861724854,0.8028326034545898,0.6363095045089722,0.6448544263839722,0.8366259336471558,0.5543360710144043,0.8053628206253052,0.5746153593063354,0.4320474863052368,0.5247664451599121,0.669440746307373,500
LPIPS,Primary,CIFAR10_50000,0.07484904676675797,0.0726977288722992,0.056157730519771576,0.1555652767419815,0.07377592474222183,0.18269765377044678,0.12393397092819214,0.20512573421001434,0.13272272050380707,0.054780323058366776,0.16667020320892334,0.4312672019004822,0.1263185441493988,0.2510261535644531,0.08707691729068756,0.07837042212486267,0.3436959385871887,0.03525908663868904,0.11815367639064789,0.2752215266227722,0.08383148908615112,0.19527438282966614,0.29404398798942566,0.25796300172805786,0.1127801388502121,,,,,,,,,,,,,,,,,,,,,,,,,,,,,,,,,,,,,,,,,,,,,,,,,,,,,,,,,,,,,,,,,,,,,,,,,,,,50000
LPIPS,Primary,CIFAR100_500,0.5381825566291809,0.6455309391021729,0.6656584739685059,0.767398476600647,0.6991391777992249,0.6720428466796875,0.7454033493995667,0.47973471879959106,0.6601530313491821,0.6132306456565857,0.6860802173614502,0.80443274974823,0.7389414310455322,0.6974891424179077,0.576104998588562,0.7102894186973572,0.6403465270996094,0.6592519879341125,0.597927451133728,0.7153158783912659,0.6919076442718506,0.6128660440444946,0.49094313383102417,0.7673946619033813,0.587438702583313,0.5961685180664062,0.8076812028884888,0.765699565410614,0.7010133862495422,0.8406246900558472,0.8050699830055237,0.7213302850723267,0.737328290939331,0.651789665222168,0.726743757724762,0.6513070464134216,0.6868911981582642,0.6991015672683716,0.7855743765830994,0.7028590440750122,0.7368731498718262,0.7578340768814087,0.7691663503646851,0.737999677658081,0.5932387113571167,0.7402255535125732,0.4829683005809784,0.6971340179443359,0.8108030557632446,0.6917951107025146,0.6642473936080933,0.7973192930221558,0.7120984792709351,0.6320809125900269,0.593359112739563,0.6423534154891968,0.44799256324768066,0.7001039385795593,0.6687201261520386,0.6774158477783203,0.5225585103034973,0.6723566055297852,0.7558798789978027,0.6876487731933594,0.7125882506370544,0.6619793772697449,0.7362328767776489,0.7210588455200195,0.6885247230529785,0.6864547729492188,0.6100555062294006,0.7433785200119019,0.5498552322387695,0.7220721244812012,0.6496556997299194,0.5190784335136414,0.6931858658790588,0.6319980025291443,0.7233108282089233,0.7745562791824341,0.5979137420654297,0.6332919597625732,0.6310763955116272,0.7182696461677551,0.6595149040222168,0.7066783905029297,0.7198166251182556,0.49799567461013794,0.6074994206428528,0.6452775597572327,0.7240713834762573,0.6580466032028198,0.4605262875556946,0.6801741123199463,0.6924614906311035,0.6843681335449219,0.6332828998565674,0.6238679885864258,0.6668070554733276,0.702035665512085,500
LPIPS,Primary,CIFAR100_50000,0.07210499048233032,0.10949286818504333,0.3218326270580292,0.47669875621795654,0.3797372877597809,0.2008489966392517,0.2570042014122009,0.15836754441261292,0.09758700430393219,0.08831940591335297,0.09632107615470886,0.11917265504598618,0.07105632871389389,0.2079242616891861,0.11227911710739136,0.052464600652456284,0.09493893384933472,0.08659989386796951,0.26299232244491577,0.16664637625217438,0.05978557467460632,0.06441549956798553,0.3926553428173065,0.09474460780620575,0.05775750055909157,,,,,,,,,,,,,,,,,,,,,,,,,,,,,,,,,,,,,,,,,,,,,,,,,,,,,,,,,,,,,,,,,,,,,,,,,,,,50000
LPIPS,Primary,CELEBA_BA_32,0.36133697628974915,0.38595229387283325,0.33355048298835754,0.34170854091644287,0.2965633273124695,0.415953129529953,0.39550262689590454,0.40613430738449097,0.31923407316207886,0.4205452799797058,0.40759456157684326,0.3934849202632904,0.4888179302215576,0.5091683864593506,0.5256680250167847,0.38451260328292847,0.39466485381126404,0.3085955083370209,0.5150946378707886,0.27879270911216736,0.37838810682296753,0.26775074005126953,0.5397200584411621,0.4931340515613556,0.4336993098258972,0.5784485340118408,0.24998322129249573,0.4293411672115326,0.41350942850112915,0.3449603021144867,0.3674062490463257,0.38088831305503845,0.4978320598602295,0.5091331005096436,0.4791237711906433,0.34137624502182007,0.3342389464378357,0.388546884059906,0.46667179465293884,0.4775239825248718,0.5846530795097351,0.39153236150741577,0.3691602945327759,0.4013693928718567,0.427460253238678,0.4548778533935547,0.41118693351745605,0.4631006121635437,0.4313877820968628,0.4040227234363556,0.39640012383461,0.37339869141578674,0.41959846019744873,0.49162569642066956,0.4449644684791565,0.5349060297012329,0.4396294355392456,0.32379233837127686,0.45981132984161377,0.4217889904975891,0.5273493528366089,0.5005083680152893,0.40805378556251526,0.5784978866577148,0.4067913889884949,0.4522770643234253,0.5132865905761719,0.29266780614852905,0.32778769731521606,0.5075864195823669,0.575840950012207,0.46803754568099976,0.4701691269874573,0.39866214990615845,0.4001404643058777,0.3761058747768402,0.4353669285774231,0.42374616861343384,0.34191635251045227,0.5241532325744629,0.45334094762802124,0.4913744628429413,0.35231637954711914,0.3679305911064148,0.36444658041000366,0.49399733543395996,0.4305109679698944,0.40466922521591187,0.33252161741256714,0.4679390788078308,0.4896259307861328,0.4881579577922821,0.5245260000228882,0.4131256341934204,0.3449874222278595,0.5101129412651062,0.39958465099334717,0.4049464762210846,0.36652353405952454,0.4127514958381653,712
LPIPS,Primary,CELEBA_BA_512,0.2427784651517868,0.2921753525733948,0.3230249881744385,0.23039090633392334,0.24802270531654358,0.16006582975387573,0.2913098633289337,0.43982377648353577,0.34677615761756897,0.235791876912117,0.31181448698043823,0.29140812158584595,0.35013914108276367,0.22970224916934967,0.18943041563034058,0.2516646385192871,0.10715712606906891,0.2112170159816742,0.38803422451019287,0.19257628917694092,0.2500659227371216,0.31585437059402466,0.2987317144870758,0.17061775922775269,0.33051836490631104,0.40100130438804626,0.38113322854042053,0.33593201637268066,0.15569517016410828,0.26685279607772827,0.16338995099067688,0.25983351469039917,0.36699599027633667,0.22595945000648499,0.20584048330783844,0.27136582136154175,0.26587289571762085,0.25462615489959717,0.22716154158115387,0.23289677500724792,0.40388670563697815,0.09951967000961304,0.24908150732517242,0.2879118323326111,0.1909201741218567,0.24992963671684265,0.15739794075489044,0.26241323351860046,0.29797229170799255,0.19126278162002563,0.22255416214466095,0.248507559299469,0.28639328479766846,0.28937068581581116,0.27655190229415894,0.2848707139492035,0.28728869557380676,0.15343914926052094,0.20789635181427002,0.40574514865875244,0.15703988075256348,0.292330801486969,0.21078252792358398,0.29541999101638794,0.2921188771724701,0.4364372789859772,0.23329013586044312,0.23492562770843506,0.2850807011127472,0.3535764813423157,0.2600615620613098,0.1895277202129364,0.15812456607818604,0.23245608806610107,0.16269969940185547,0.262530654668808,0.35374659299850464,0.14469949901103973,0.1854809820652008,0.28873205184936523,0.3383168578147888,0.1661815345287323,0.33819377422332764,0.32183516025543213,0.2770414352416992,0.37093648314476013,0.2603333592414856,0.2800571918487549,0.2915588617324829,0.3243370056152344,0.23699791729450226,0.14090819656848907,0.3629111051559448,0.17039117217063904,0.38258397579193115,0.09457390010356903,0.2139980047941208,0.20115600526332855,0.218000590801239,0.32459506392478943,10627
LPIPS,Primary,CELEBA_BA_8192,0.12121236324310303,0.06131890416145325,0.21065904200077057,0.21761378645896912,0.13365377485752106,0.10310033708810806,0.051461368799209595,0.23922255635261536,0.21500466763973236,0.053090836852788925,0.12107235938310623,0.15906111896038055,0.06024559587240219,0.40508005023002625,0.09351462125778198,0.09509293735027313,0.10040599852800369,0.0386306494474411,0.14125774800777435,0.08921199291944504,0.10570772737264633,0.11354932188987732,0.11893300712108612,0.2310103476047516,0.16992413997650146,0.11850059032440186,0.3333079516887665,0.321139931678772,0.10323930531740189,0.10310851782560349,0.031807590276002884,0.07879739254713058,0.2703516185283661,0.11522110551595688,0.08307760953903198,0.058475933969020844,0.2919611930847168,0.07375714182853699,0.08968672901391983,0.07342956215143204,0.11116314679384232,0.07074561715126038,0.034591883420944214,0.0821080356836319,0.16824349761009216,0.2063744217157364,0.10310156643390656,0.16492903232574463,0.11176925897598267,0.16130343079566956,0.1477828174829483,0.07582709938287735,0.06596855074167252,0.21295340359210968,0.16769225895404816,0.20751263201236725,0.07966701686382294,0.027466654777526855,0.058151282370090485,0.48485055565834045,0.11678142100572586,0.12514127790927887,0.17530320584774017,0.12302663177251816,0.03501858934760094,0.376559853553772,0.20711570978164673,0.10598418116569519,0.11911030858755112,0.17591463029384613,0.08105206489562988,0.2563428580760956,0.03731243312358856,0.24062135815620422,0.09540421515703201,0.09799370169639587,0.2677949368953705,0.08481483161449432,0.17309197783470154,0.07522027939558029,0.1619092971086502,0.10911913216114044,0.25076526403427124,0.2860441207885742,0.2277040183544159,0.43349215388298035,0.2784489393234253,0.13202503323554993,0.25948041677474976,0.076180100440979,0.08602668344974518,0.1546698808670044,0.27053678035736084,0.021836157888174057,0.2639123499393463,0.3087451457977295,0.05459544062614441,0.11558859050273895,0.06267061829566956,0.06982006877660751,162770
LPIPS,Primary,CELEBA_SD_32,0.5124402046203613,0.6101743578910828,0.47356390953063965,0.5170857310295105,0.5150995850563049,0.5424869060516357,0.4264317452907562,0.47802212834358215,0.5623266696929932,0.5306417942047119,0.511381983757019,0.49841028451919556,0.5402085185050964,0.6741843819618225,0.3958292603492737,0.5647262930870056,0.5103426575660706,0.5529594421386719,0.5811601877212524,0.4305240213871002,0.526656448841095,0.5430436134338379,0.5222974419593811,0.5587448477745056,0.5519019365310669,0.4895969331264496,0.5031389594078064,0.45532703399658203,0.6187639832496643,0.4349249601364136,0.5194085240364075,0.5558267831802368,0.4217754602432251,0.5718744993209839,0.39994722604751587,0.5849288105964661,0.5239189863204956,0.5271229147911072,0.46923887729644775,0.5046003460884094,0.6281212568283081,0.6533467173576355,0.6316367387771606,0.37734338641166687,0.4742891788482666,0.4254657030105591,0.4884597361087799,0.45276933908462524,0.60074782371521,0.47898387908935547,0.3685007691383362,0.516922116279602,0.6181553602218628,0.6431964039802551,0.46920278668403625,0.5779683589935303,0.49116936326026917,0.4121285676956177,0.5842530131340027,0.5864384174346924,0.4255145788192749,0.5750433802604675,0.4677923321723938,0.5414692759513855,0.39090728759765625,0.4749281108379364,0.5970421433448792,0.41641369462013245,0.6631181240081787,0.446783185005188,0.560494065284729,0.502490758895874,0.595726490020752,0.5485649108886719,0.4683685004711151,0.4003322124481201,0.4437328577041626,0.572594940662384,0.4531840682029724,0.4497196078300476,0.5237329006195068,0.5200770497322083,0.4455624222755432,0.5569661259651184,0.5556550025939941,0.6479195952415466,0.43171265721321106,0.7303537130355835,0.5762693881988525,0.501681923866272,0.4864591658115387,0.5586764812469482,0.6471980810165405,0.4396449625492096,0.542519211769104,0.54245525598526,0.5445044040679932,0.5143762826919556,0.6048104166984558,0.48409295082092285,712
LPIPS,Primary,CELEBA_SD_512,0.41210007667541504,0.30332958698272705,0.21356451511383057,0.3494870662689209,0.24679076671600342,0.3938005268573761,0.5386669635772705,0.4879830479621887,0.3338511288166046,0.39732712507247925,0.4377187192440033,0.36432498693466187,0.21282710134983063,0.4566054344177246,0.35706689953804016,0.4234563112258911,0.4536452889442444,0.3476334810256958,0.4666171073913574,0.4187467098236084,0.38022947311401367,0.32562386989593506,0.4627968668937683,0.42476439476013184,0.284211665391922,0.352115660905838,0.5391223430633545,0.3667614459991455,0.4308369755744934,0.42417895793914795,0.41234129667282104,0.45655035972595215,0.2877708673477173,0.3838081359863281,0.5197134613990784,0.4225626587867737,0.38602399826049805,0.3485640287399292,0.40582868456840515,0.3915570378303528,0.42815861105918884,0.3032093346118927,0.39211833477020264,0.3500710129737854,0.4409061670303345,0.2757001519203186,0.22035524249076843,0.31035110354423523,0.44434159994125366,0.39120960235595703,0.27650976181030273,0.31358033418655396,0.2969066798686981,0.3961501717567444,0.45242035388946533,0.44839587807655334,0.3837699294090271,0.3015468716621399,0.48179739713668823,0.29500752687454224,0.3697778582572937,0.3394578695297241,0.43097537755966187,0.3852347731590271,0.3052496910095215,0.2804768979549408,0.38448652625083923,0.4319530725479126,0.3869534730911255,0.32650303840637207,0.3170472979545593,0.2987378239631653,0.43586570024490356,0.386127233505249,0.29991742968559265,0.3237415552139282,0.2753846347332001,0.3597218692302704,0.37274065613746643,0.37606149911880493,0.50452721118927,0.38950616121292114,0.2520048916339874,0.2883037030696869,0.3270677328109741,0.4365604817867279,0.3572426438331604,0.38669171929359436,0.4200434982776642,0.3362593650817871,0.39993590116500854,0.45175284147262573,0.34243983030319214,0.2513214349746704,0.45268428325653076,0.41071805357933044,0.503244936466217,0.3149707019329071,0.36775729060173035,0.3542306423187256,10627
LPIPS,Primary,CELEBA_SD_8192,0.1634557694196701,0.10505273193120956,0.05167505890130997,0.11561180651187897,0.05778910592198372,0.2947068214416504,0.3671606183052063,0.15294399857521057,0.027811281383037567,0.3348464369773865,0.14805622398853302,0.06460647284984589,0.1823405623435974,0.1073981299996376,0.16426080465316772,0.09003663063049316,0.21250230073928833,0.10048222541809082,0.11399327963590622,0.1658896803855896,0.05923560634255409,0.06918945908546448,0.35633212327957153,0.052392229437828064,0.08661727607250214,0.2060258835554123,0.2831842005252838,0.02961951680481434,0.05370582640171051,0.2792573571205139,0.20539303123950958,0.254427045583725,0.04537727311253548,0.05669274181127548,0.2614712119102478,0.3003976345062256,0.09991315007209778,0.23291124403476715,0.12894895672798157,0.3358113169670105,0.026203205808997154,0.33507639169692993,0.17774078249931335,0.09223754703998566,0.34553810954093933,0.062067870050668716,0.32473617792129517,0.18419557809829712,0.1526685208082199,0.06991582363843918,0.03148181363940239,0.17757648229599,0.10941244661808014,0.12109009176492691,0.06599217653274536,0.11082316190004349,0.4570121765136719,0.07697802782058716,0.07861699163913727,0.2145451307296753,0.16611656546592712,0.04309017211198807,0.29752206802368164,0.1335623562335968,0.1807652711868286,0.1751120686531067,0.17708466947078705,0.055664822459220886,0.3777581453323364,0.13608630001544952,0.13795319199562073,0.18060535192489624,0.11293664574623108,0.26090437173843384,0.13609075546264648,0.14650210738182068,0.3067627251148224,0.12634727358818054,0.047284726053476334,0.043604783713817596,0.11703883856534958,0.17094573378562927,0.30113762617111206,0.23708787560462952,0.1181618869304657,0.4148774743080139,0.1902480125427246,0.22333797812461853,0.1978173404932022,0.12109421193599701,0.14237071573734283,0.1736220419406891,0.07244326174259186,0.043101970106363297,0.07389147579669952,0.03235042095184326,0.131803959608078,0.04803403094410896,0.0833694264292717,0.0882643312215805,162770
LPIPS,Primary,METFACES,0.43680673837661743,0.4919746518135071,0.34604179859161377,0.4389924705028534,0.2924569845199585,0.45886632800102234,0.39590689539909363,0.5190225839614868,0.4796961843967438,0.5854138135910034,0.4805983006954193,0.5993423461914062,0.5130597352981567,0.5025467872619629,0.405333936214447,0.39585840702056885,0.4038694500923157,0.5121424198150635,0.5425698757171631,0.35917288064956665,0.4117458164691925,0.4689645767211914,0.41465240716934204,0.6617254018783569,0.5876398086547852,0.1887826770544052,0.2749127447605133,0.4780714511871338,0.4943753480911255,0.45746636390686035,0.488831102848053,0.4238874316215515,0.5800322890281677,0.4570344090461731,0.32885080575942993,0.4624801278114319,0.4281025528907776,0.4774905741214752,0.6063933372497559,0.4252684712409973,0.5210003852844238,0.45963776111602783,0.5607397556304932,0.4156333804130554,0.44861751794815063,0.5783411264419556,0.35963672399520874,0.44842958450317383,0.5165151953697205,0.5277608633041382,0.4386860430240631,0.40058407187461853,0.44739824533462524,0.41495466232299805,0.4639085531234741,0.390062540769577,0.4335750341415405,0.3089313507080078,0.4958576261997223,0.4243777394294739,0.4862726628780365,0.5142911076545715,0.37019962072372437,0.5019658803939819,0.4544084668159485,0.5111142992973328,0.5346318483352661,0.374947726726532,0.37644845247268677,0.5541960000991821,0.5241775512695312,0.5207727551460266,0.5317485928535461,0.4333140552043915,0.4403630197048187,0.39131975173950195,0.45165005326271057,0.28778642416000366,0.4896366000175476,0.5539731979370117,0.593267560005188,0.49817562103271484,0.37549787759780884,0.4708111882209778,0.6550137996673584,0.522712230682373,0.47720956802368164,0.43052738904953003,0.5003888010978699,0.5272632837295532,0.5533447861671448,0.4326012134552002,0.4145592153072357,0.4815141558647156,0.4819481670856476,0.6009026169776917,0.5051276683807373,0.4010971784591675,0.48454636335372925,0.4562339186668396,1336
LPIPS,Primary,ARTBENCH,0.09752997756004333,0.11959465593099594,0.1708582639694214,0.12274257093667984,0.06933378428220749,0.2175678312778473,0.26998308300971985,0.1856047660112381,0.18689551949501038,0.24276231229305267,0.24343879520893097,0.2712444067001343,0.09455536305904388,0.06213760003447533,0.42404699325561523,0.22855764627456665,0.195593923330307,0.07783447206020355,0.07472740113735199,0.2667088508605957,0.11846552044153214,0.32074397802352905,0.22649139165878296,0.17011724412441254,0.09221043437719345,0.2467295378446579,0.10546088218688965,0.19805485010147095,0.10666438192129135,0.17175447940826416,0.28416258096694946,0.06549503654241562,0.15431298315525055,0.051234230399131775,0.08954237401485443,0.21969744563102722,0.13133829832077026,0.3030149042606354,0.23318983614444733,0.14830166101455688,0.14754720032215118,0.32034510374069214,0.43235087394714355,0.3443734049797058,0.09121183305978775,0.07365567982196808,0.2485744208097458,0.06682969629764557,0.16614216566085815,0.07304207235574722,0.1378907859325409,0.20869295299053192,0.10192540287971497,0.25190573930740356,0.1763322949409485,0.1923835128545761,0.33248522877693176,0.09857550263404846,0.10680647194385529,0.14902475476264954,0.3684602379798889,0.1615961641073227,0.22156502306461334,0.2225019633769989,0.16977524757385254,0.10505497455596924,0.20098808407783508,0.14560602605342865,0.18771851062774658,0.14976881444454193,0.38049250841140747,0.10652215778827667,0.14623843133449554,0.33979594707489014,0.29343169927597046,0.15157698094844818,0.35459837317466736,0.13170306384563446,0.17597338557243347,0.20634855329990387,0.18792498111724854,0.15759208798408508,0.26442936062812805,0.12614017724990845,0.29785406589508057,0.3092462420463562,0.1132735162973404,0.048228345811367035,0.11742052435874939,0.19557702541351318,0.4354865252971649,0.33302608132362366,0.25902336835861206,0.09557782113552094,0.26313886046409607,0.2095358967781067,0.07723688334226608,0.15910190343856812,0.18008650839328766,0.08613662421703339,50000
LPIPS,Control,MNIST_96_256,0.15601447224617004,0.2816252112388611,0.2710827589035034,0.3465694785118103,0.385474294424057,0.33426401019096375,0.25016292929649353,0.26948317885398865,0.15892255306243896,0.14125843346118927,0.2972792983055115,0.36235982179641724,0.26502859592437744,0.2455848902463913,0.2018486112356186,0.19316482543945312,0.08154324442148209,0.07252450287342072,0.17872026562690735,0.09803760051727295,0.25025472044944763,0.4243657886981964,0.05197054147720337,0.2039540410041809,0.19238770008087158,0.2810820937156677,0.2480618953704834,0.3085229992866516,0.18622812628746033,0.2271304875612259,0.2536485493183136,0.25564268231391907,0.11397028714418411,0.2829214632511139,0.324285089969635,0.15968453884124756,0.05733209848403931,0.3018781542778015,0.3948153257369995,0.20181944966316223,0.265779584646225,0.34337568283081055,0.19753924012184143,0.16618859767913818,0.3549045920372009,0.24588295817375183,0.2249249368906021,0.2700836658477783,0.16722211241722107,0.24126124382019043,0.33955180644989014,0.281576931476593,0.24506904184818268,0.3643222749233246,0.39921754598617554,0.2673933207988739,0.2259673774242401,0.29891470074653625,0.28016650676727295,0.24179357290267944,0.2524629831314087,0.24386367201805115,0.42788049578666687,0.21970389783382416,0.28125014901161194,0.29301732778549194,0.0637994036078453,0.22117149829864502,0.24789810180664062,0.26555612683296204,0.23723359405994415,0.38011300563812256,0.2833055853843689,0.2799072265625,0.09605782479047775,0.39949166774749756,0.17736488580703735,0.2684059739112854,0.17087379097938538,0.36333417892456055,0.30623486638069153,0.22182956337928772,0.28630495071411133,0.2946085035800934,0.16502192616462708,0.24726834893226624,0.12794247269630432,0.40207141637802124,0.18096855282783508,0.23651325702667236,0.17411276698112488,0.2698020935058594,0.2238599807024002,0.25353920459747314,0.20607653260231018,0.21930153667926788,0.23651695251464844,0.1984105110168457,0.14421041309833527,0.1730785071849823,256
LPIPS,Control,MNIST_96_512,0.07882021367549896,0.2915222644805908,0.09960337728261948,0.047479577362537384,0.1737709641456604,0.21658679842948914,0.14426371455192566,0.21935735642910004,0.1654222309589386,0.13958904147148132,0.16330672800540924,0.22428858280181885,0.25732266902923584,0.2950626015663147,0.33187025785446167,0.22163079679012299,0.11327837407588959,0.012187925167381763,0.1838809847831726,0.10526280105113983,0.1985800564289093,0.4087442457675934,0.20352554321289062,0.10169326514005661,0.18155643343925476,0.2611120343208313,0.24485023319721222,0.19908487796783447,0.1365956962108612,0.28688541054725647,0.0801716297864914,0.19767585396766663,0.058702901005744934,0.24953481554985046,0.36826780438423157,0.16648054122924805,0.04279745742678642,0.278786838054657,0.20120812952518463,0.24161775410175323,0.22462190687656403,0.27615344524383545,0.18212440609931946,0.18490585684776306,0.2731776535511017,0.23280589282512665,0.030710071325302124,0.20908057689666748,0.11639094352722168,0.1971745491027832,0.28443968296051025,0.24555182456970215,0.1824973225593567,0.24914133548736572,0.3371429443359375,0.1640501618385315,0.0642034038901329,0.09460993856191635,0.11729475110769272,0.2301289588212967,0.18874874711036682,0.13271671533584595,0.37298133969306946,0.28966647386550903,0.21513941884040833,0.36308687925338745,0.1303042471408844,0.2071806788444519,0.2709031403064728,0.11118961870670319,0.15662553906440735,0.31079521775245667,0.30025139451026917,0.0288659930229187,0.09402941912412643,0.2549746632575989,0.22262881696224213,0.25080955028533936,0.06303385645151138,0.33789175748825073,0.34499385952949524,0.33682483434677124,0.2242768108844757,0.2552120089530945,0.19811740517616272,0.02675221860408783,0.1368938386440277,0.45087239146232605,0.02536306157708168,0.12717875838279724,0.19595812261104584,0.26815104484558105,0.0898033082485199,0.2560611367225647,0.09305557608604431,0.17986531555652618,0.21510857343673706,0.17236509919166565,0.12921196222305298,0.11324190348386765,512
LPIPS,Control,MNIST_96_1024,0.08454615622758865,0.02763824723660946,0.22782520949840546,0.2516583502292633,0.2008228600025177,0.0644254982471466,0.1518079787492752,0.2339993119239807,0.10519187897443771,0.13483166694641113,0.15655499696731567,0.19304512441158295,0.23711711168289185,0.28184056282043457,0.05243834853172302,0.19756056368350983,0.08617493510246277,0.37997597455978394,0.20158825814723969,0.07060733437538147,0.19002899527549744,0.032758183777332306,0.1976337432861328,0.05377264693379402,0.1915949136018753,0.21802814304828644,0.25995224714279175,0.2599075436592102,0.06577996909618378,0.34225699305534363,0.25144219398498535,0.28945398330688477,0.059838589280843735,0.033271241933107376,0.10847583413124084,0.23426467180252075,0.02755512297153473,0.0806555300951004,0.24997541308403015,0.20670264959335327,0.20806631445884705,0.27581459283828735,0.214260071516037,0.17549622058868408,0.20534957945346832,0.32008323073387146,0.4110938310623169,0.25666019320487976,0.06518231332302094,0.30632826685905457,0.2590157687664032,0.09695130586624146,0.15653081238269806,0.27148205041885376,0.3251185119152069,0.050366904586553574,0.10710015892982483,0.06920889019966125,0.09598789364099503,0.23053868114948273,0.3151189982891083,0.1401950865983963,0.12420174479484558,0.2356504201889038,0.1611221581697464,0.08730128407478333,0.25316858291625977,0.21632282435894012,0.30226147174835205,0.07779312133789062,0.063982754945755,0.29320862889289856,0.1760251522064209,0.02079542726278305,0.038118876516819,0.29794758558273315,0.232670396566391,0.18528251349925995,0.0725954920053482,0.34521758556365967,0.30422675609588623,0.26321160793304443,0.3533492386341095,0.18605777621269226,0.297024667263031,0.22296097874641418,0.22040224075317383,0.3092126250267029,0.0408342145383358,0.23369288444519043,0.11348363757133484,0.45756375789642334,0.08406117558479309,0.21309231221675873,0.03704439103603363,0.24050140380859375,0.08454125374555588,0.16952085494995117,0.06012430787086487,0.12008035182952881,1024
LPIPS,Control,MNIST_96_2048,0.007041666191071272,0.00714713241904974,0.019703686237335205,0.016671160236001015,0.12960386276245117,0.04174421727657318,0.018354400992393494,0.22209560871124268,0.14550358057022095,0.027753064408898354,0.10585421323776245,0.16884943842887878,0.022261252626776695,0.18838414549827576,0.009299874305725098,0.0981687605381012,0.024527298286557198,0.31072425842285156,0.021893683820962906,0.05962232127785683,0.17490753531455994,0.006982447113841772,0.10160024464130402,0.019453510642051697,0.1080586388707161,0.16076847910881042,0.15643471479415894,0.14767871797084808,0.02891126647591591,0.2612932324409485,0.015291260555386543,0.24583026766777039,0.016606219112873077,0.05323558300733566,0.06680387258529663,0.017418185248970985,0.0065357983112335205,0.26235902309417725,0.2684970498085022,0.1382260024547577,0.13809533417224884,0.22612836956977844,0.10603483021259308,0.21656674146652222,0.12454830855131149,0.23245869576931,0.0142475925385952,0.0803762897849083,0.05820884555578232,0.07434765994548798,0.22187641263008118,0.0231261495500803,0.017794407904148102,0.36142274737358093,0.33216774463653564,0.11018254607915878,0.16674154996871948,0.12375227361917496,0.13052356243133545,0.11035217344760895,0.23504582047462463,0.12119967490434647,0.05507452040910721,0.0520293153822422,0.08511386811733246,0.044542551040649414,0.11859491467475891,0.10607176274061203,0.059885211288928986,0.02882717363536358,0.01481898594647646,0.28781425952911377,0.07933992892503738,0.2030143141746521,0.020402541384100914,0.3240776062011719,0.1524200439453125,0.13780120015144348,0.023439858108758926,0.33339643478393555,0.25443387031555176,0.20615187287330627,0.20741845667362213,0.12958022952079773,0.08284991979598999,0.17901942133903503,0.17348909378051758,0.27650779485702515,0.019653266295790672,0.06268822401762009,0.021889686584472656,0.4243292808532715,0.017997341230511665,0.10217545181512833,0.19953221082687378,0.16821765899658203,0.11826960742473602,0.1705797165632248,0.045373331755399704,0.08710687607526779,2048
LPIPS,Control,MNIST_96_4096,0.006192480213940144,0.003862178884446621,0.144221693277359,0.009795806370675564,0.07636058330535889,0.04708688706159592,0.00785277783870697,0.24284939467906952,0.02290184050798416,0.011305475607514381,0.128000870347023,0.1720069944858551,0.07023504376411438,0.1661466360092163,0.005523329600691795,0.06522445380687714,0.016059646382927895,0.2758561372756958,0.02293931506574154,0.0025303997099399567,0.1436905860900879,0.009653979912400246,0.2527756094932556,0.07494768500328064,0.0038037430495023727,0.06705381721258163,0.07709494233131409,0.06825854629278183,0.012870091944932938,0.04495461657643318,0.039092037826776505,0.2128639668226242,0.003935629967600107,0.024996157735586166,0.03209441900253296,0.04266726225614548,0.01510527916252613,0.028756646439433098,0.15554183721542358,0.0835513174533844,0.09250793606042862,0.18843278288841248,0.18917959928512573,0.07983262836933136,0.11237160116434097,0.059635456651449203,0.007332346402108669,0.16304925084114075,0.13721373677253723,0.16109886765480042,0.29465195536613464,0.04924442991614342,0.009517940692603588,0.2487647533416748,0.1989060342311859,0.06026970595121384,0.0744142010807991,0.10521398484706879,0.027518047019839287,0.16711772978305817,0.31086063385009766,0.08531421422958374,0.03492092341184616,0.12783515453338623,0.14187206327915192,0.12037459760904312,0.18105463683605194,0.05252721160650253,0.045526422560214996,0.020064638927578926,0.05323448032140732,0.2766444683074951,0.1419876664876938,0.041315123438835144,0.02106279879808426,0.07460401207208633,0.1366843730211258,0.05280977487564087,0.0059638433158397675,0.2655561864376068,0.17235016822814941,0.014341602101922035,0.1267971396446228,0.12013405561447144,0.08130837976932526,0.1660374253988266,0.03716924786567688,0.24569171667099,0.044978681951761246,0.09982381761074066,0.09898140281438828,0.3199916481971741,0.1533094197511673,0.021157599985599518,0.035728149116039276,0.15713414549827576,0.01005461998283863,0.1824968159198761,0.039237331598997116,0.05190524458885193,4096
LPIPS,Control,MNIST_96_8192,0.008973157964646816,0.002255541505292058,0.031912364065647125,0.2585665285587311,0.08122594654560089,0.04159119725227356,0.008508261293172836,0.22959817945957184,0.05494061857461929,0.010092725977301598,0.08031462877988815,0.0409400537610054,0.05516054481267929,0.1201065257191658,0.07695462554693222,0.07428266853094101,0.013419839553534985,0.25036218762397766,0.02262897416949272,0.003355944063514471,0.13320191204547882,0.39387232065200806,0.2028750628232956,0.019185641780495644,0.06857586652040482,0.07281773537397385,0.0653458833694458,0.0319029726088047,0.011171096004545689,0.18967142701148987,0.08914130926132202,0.17542549967765808,0.003436911851167679,0.0345129668712616,0.04750679433345795,0.04636232554912567,0.005228824447840452,0.2596861720085144,0.1530909687280655,0.127798393368721,0.05722224339842796,0.08180972933769226,0.24700304865837097,0.10637768357992172,0.0916869267821312,0.1389939785003662,0.20412832498550415,0.1614883840084076,0.15821734070777893,0.08747265487909317,0.15824630856513977,0.08658504486083984,0.0433291494846344,0.1839805543422699,0.22386229038238525,0.07363030314445496,0.10820454359054565,0.09146551787853241,0.11104921251535416,0.06954784691333771,0.27802732586860657,0.06106220930814743,0.03461835905909538,0.060844484716653824,0.11073582619428635,0.05145341902971268,0.18125343322753906,0.047313690185546875,0.013208357617259026,0.012270386330783367,0.04579883813858032,0.18918775022029877,0.13130873441696167,0.14695318043231964,0.007244529668241739,0.044723737984895706,0.12380704283714294,0.054504312574863434,0.0024696318432688713,0.28127771615982056,0.1679655760526657,0.3036128878593445,0.09145405143499374,0.10943418741226196,0.031578078866004944,0.10856498777866364,0.06167338043451309,0.22472763061523438,0.043688513338565826,0.022224441170692444,0.12056773155927658,0.3257296085357666,0.1511305719614029,0.024416521191596985,0.04083433747291565,0.15334928035736084,0.008870894089341164,0.2124156653881073,0.04900095984339714,0.005155202466994524,8192
LPIPS,Control,FASHION_96_256,0.33249008655548096,0.36298707127571106,0.14862260222434998,0.3682824969291687,0.2273944467306137,0.1781858503818512,0.3648986518383026,0.2362758368253708,0.09143795073032379,0.4305516481399536,0.2161349356174469,0.533237636089325,0.28265881538391113,0.5494956970214844,0.13754819333553314,0.3157201409339905,0.16389423608779907,0.30382978916168213,0.35790273547172546,0.13498364388942719,0.45867180824279785,0.20359422266483307,0.08312245458364487,0.5455508232116699,0.36275672912597656,0.411631315946579,0.5080291628837585,0.4975907504558563,0.2987673878669739,0.2881696820259094,0.1575157195329666,0.4264407753944397,0.1390777975320816,0.3135279417037964,0.2724541425704956,0.5277084112167358,0.25867101550102234,0.24560008943080902,0.23720696568489075,0.38170215487480164,0.40214303135871887,0.29884666204452515,0.10678279399871826,0.39215087890625,0.23762327432632446,0.5229202508926392,0.33908671140670776,0.17135688662528992,0.3869258165359497,0.5375378131866455,0.34095749258995056,0.08029049634933472,0.3046455383300781,0.2108486145734787,0.40888267755508423,0.3994239568710327,0.4549880027770996,0.42748451232910156,0.44126787781715393,0.3055911660194397,0.4327342212200165,0.3838125467300415,0.3012920022010803,0.3118720054626465,0.386319637298584,0.3468899726867676,0.4297643005847931,0.44888943433761597,0.15021759271621704,0.28103092312812805,0.46940600872039795,0.4507140517234802,0.194118931889534,0.13404294848442078,0.26737311482429504,0.4747498035430908,0.4002852141857147,0.2870694398880005,0.07542897015810013,0.1597318947315216,0.4201258718967438,0.38480260968208313,0.40083879232406616,0.5612330436706543,0.4305350184440613,0.30631279945373535,0.339581698179245,0.4804272949695587,0.45326757431030273,0.12830397486686707,0.45892608165740967,0.3193836808204651,0.5589609742164612,0.3184049725532532,0.4711305499076843,0.23965612053871155,0.09968557953834534,0.08323188126087189,0.3527732491493225,0.40212732553482056,256
LPIPS,Control,FASHION_96_512,0.3572080135345459,0.37483838200569153,0.3122411370277405,0.3296470046043396,0.34100669622421265,0.16392479836940765,0.08648119866847992,0.14533740282058716,0.03923483192920685,0.39501577615737915,0.17209941148757935,0.4285323917865753,0.12592387199401855,0.10907966643571854,0.5479183793067932,0.14520412683486938,0.16379310190677643,0.2919842302799225,0.32954269647598267,0.06311125308275223,0.37132731080055237,0.11830258369445801,0.06105085834860802,0.328662633895874,0.3627399504184723,0.4421555697917938,0.5167461633682251,0.4784301519393921,0.4603743553161621,0.32184600830078125,0.20047125220298767,0.3333454728126526,0.19004607200622559,0.433039128780365,0.27783846855163574,0.20226280391216278,0.1603371948003769,0.3483545780181885,0.17581143975257874,0.23823752999305725,0.3001622259616852,0.3658735156059265,0.09925255924463272,0.3037969768047333,0.21077680587768555,0.21725277602672577,0.18600809574127197,0.1972355842590332,0.3033455014228821,0.5830188989639282,0.5219662189483643,0.08649158477783203,0.3473122715950012,0.15749427676200867,0.3534897565841675,0.3973487913608551,0.33184289932250977,0.4568973481655121,0.49034491181373596,0.29824066162109375,0.5183762907981873,0.253574013710022,0.34104418754577637,0.36595970392227173,0.3719932436943054,0.340358167886734,0.4202421307563782,0.4381529688835144,0.23630490899085999,0.30623435974121094,0.5039467215538025,0.4709661900997162,0.10538221895694733,0.16109468042850494,0.16696444153785706,0.5045644044876099,0.32454678416252136,0.2967487573623657,0.07315118610858917,0.10883033275604248,0.3375285267829895,0.3403854966163635,0.2972225546836853,0.5555638074874878,0.42040953040122986,0.31796884536743164,0.38954049348831177,0.2727780342102051,0.3561771512031555,0.12129393219947815,0.1940404176712036,0.3130057156085968,0.5253435373306274,0.258405476808548,0.1556703746318817,0.33654776215553284,0.16328075528144836,0.04622646048665047,0.32678914070129395,0.39221131801605225,512
LPIPS,Control,FASHION_96_1024,0.3191152513027191,0.2776374816894531,0.014753641560673714,0.27957797050476074,0.13870015740394592,0.12981446087360382,0.2964823842048645,0.04940582066774368,0.02034440077841282,0.2690381705760956,0.06858774274587631,0.15085601806640625,0.06213881075382233,0.15644749999046326,0.5658932328224182,0.03748548775911331,0.11428587883710861,0.16664214432239532,0.1792653203010559,0.07113270461559296,0.5744704604148865,0.028015434741973877,0.3581833243370056,0.2175101339817047,0.3679317831993103,0.3876246213912964,0.32610929012298584,0.43261367082595825,0.4656504690647125,0.21025878190994263,0.19801673293113708,0.25897979736328125,0.05983263626694679,0.3404753804206848,0.21508044004440308,0.2958170175552368,0.09829363226890564,0.30244454741477966,0.29146769642829895,0.32645493745803833,0.3986241817474365,0.3379057049751282,0.03100881725549698,0.33997711539268494,0.10871529579162598,0.1815338432788849,0.06298337876796722,0.13140609860420227,0.08739479631185532,0.586341142654419,0.5467290878295898,0.021928507834672928,0.1335735023021698,0.11919362843036652,0.5419960021972656,0.38851314783096313,0.374859094619751,0.39254188537597656,0.5093317031860352,0.281248539686203,0.5482691526412964,0.03308384120464325,0.31330978870391846,0.40841352939605713,0.3349658250808716,0.28759798407554626,0.4380319118499756,0.4038180708885193,0.13232837617397308,0.4626834988594055,0.5194529294967651,0.17086446285247803,0.035280026495456696,0.09803692996501923,0.0667685717344284,0.22807323932647705,0.33446985483169556,0.05058934912085533,0.046293795108795166,0.029797904193401337,0.34296977519989014,0.2680995762348175,0.33265888690948486,0.4709794819355011,0.3804738223552704,0.30057835578918457,0.26798486709594727,0.1060127541422844,0.3242441713809967,0.042308442294597626,0.20496207475662231,0.16559982299804688,0.5176781415939331,0.2481982707977295,0.04361872747540474,0.23143629729747772,0.060068611055612564,0.024417873471975327,0.13339149951934814,0.10508714616298676,1024
LPIPS,Control,FASHION_96_2048,0.06769414246082306,0.2981860637664795,0.1462981253862381,0.247229665517807,0.1057489812374115,0.13785409927368164,0.20341084897518158,0.02915424481034279,0.018020153045654297,0.04710639268159866,0.13764163851737976,0.507433295249939,0.03297074884176254,0.5682470202445984,0.05826316028833389,0.013468011282384396,0.06852927803993225,0.1732194423675537,0.3490787148475647,0.038985081017017365,0.10734879970550537,0.030246863141655922,0.024162638932466507,0.380315363407135,0.2518043518066406,0.32133954763412476,0.30266427993774414,0.26413726806640625,0.4973035454750061,0.10018661618232727,0.04889599606394768,0.24375654757022858,0.035564687103033066,0.3595060706138611,0.07039417326450348,0.23742929100990295,0.021099835634231567,0.342189222574234,0.12880244851112366,0.12930342555046082,0.2861967980861664,0.10910438001155853,0.07149937748908997,0.357785701751709,0.035269517451524734,0.3343988060951233,0.12323475629091263,0.08822645246982574,0.07152584195137024,0.5571141839027405,0.5277961492538452,0.018509216606616974,0.11698208004236221,0.01125702541321516,0.37764179706573486,0.3506070375442505,0.4549062252044678,0.37315279245376587,0.19747325778007507,0.2238491177558899,0.11522959917783737,0.14360371232032776,0.2823050320148468,0.3435738682746887,0.36243176460266113,0.2303139865398407,0.457672119140625,0.28098252415657043,0.08402545005083084,0.2769583761692047,0.4097934067249298,0.09954287856817245,0.04126235097646713,0.16849258542060852,0.18598181009292603,0.24470283091068268,0.013876257464289665,0.034208185970783234,0.039032697677612305,0.034960709512233734,0.1706082820892334,0.2883760333061218,0.3110339343547821,0.5008572340011597,0.24103617668151855,0.2654065489768982,0.25706738233566284,0.08938091993331909,0.1625489890575409,0.022327668964862823,0.4993495047092438,0.12649685144424438,0.49662676453590393,0.1365681290626526,0.4347255825996399,0.10547597706317902,0.014918233267962933,0.06994008272886276,0.2375989854335785,0.04296515882015228,2048
LPIPS,Control,FASHION_96_4096,0.07861703634262085,0.24915046989917755,0.26756253838539124,0.4688606262207031,0.11350174248218536,0.05113385617733002,0.15350890159606934,0.023451318964362144,0.011425239965319633,0.18908953666687012,0.1783430576324463,0.5010265707969666,0.04245080426335335,0.5539220571517944,0.5124356746673584,0.02183624356985092,0.20985552668571472,0.17274534702301025,0.33368635177612305,0.24520492553710938,0.2865138053894043,0.03509463742375374,0.07376934587955475,0.02155688777565956,0.16430284082889557,0.38260316848754883,0.4564022421836853,0.3108270764350891,0.49093326926231384,0.0533270388841629,0.019375599920749664,0.21466602385044098,0.04699500650167465,0.3295103907585144,0.08649232238531113,0.4758336842060089,0.027607550844550133,0.256496399641037,0.12394191324710846,0.10897337645292282,0.2627442181110382,0.20767366886138916,0.21738672256469727,0.3597542643547058,0.14367976784706116,0.5508266687393188,0.08299136161804199,0.06123790889978409,0.07107086479663849,0.5395951867103577,0.4808676838874817,0.03548310697078705,0.15103712677955627,0.01750367507338524,0.26364874839782715,0.3092595934867859,0.46489861607551575,0.33849990367889404,0.4821137487888336,0.22624322772026062,0.1312667429447174,0.07623466849327087,0.23892688751220703,0.3236711025238037,0.4102553725242615,0.25663191080093384,0.39060452580451965,0.40482091903686523,0.06722019612789154,0.5023444890975952,0.4331056475639343,0.34857895970344543,0.03856887295842171,0.1288476288318634,0.0388895608484745,0.2034260481595993,0.028052112087607384,0.020059000700712204,0.05243569612503052,0.03587648272514343,0.25983577966690063,0.15549367666244507,0.14786529541015625,0.43956056237220764,0.15837311744689941,0.4183114171028137,0.2965511679649353,0.07872600108385086,0.2926909625530243,0.04304410144686699,0.5180883407592773,0.12423134595155716,0.5045640468597412,0.05040822550654411,0.4099338948726654,0.07518370449542999,0.027350427582859993,0.07369069755077362,0.11357060819864273,0.03967059403657913,4096
LPIPS,Control,FASHION_96_8192,0.1960662603378296,0.21690717339515686,0.2772444188594818,0.39153945446014404,0.12844841182231903,0.0954180657863617,0.15189170837402344,0.040974557399749756,0.014431868679821491,0.17091435194015503,0.18170428276062012,0.5282357931137085,0.03850899636745453,0.5579887628555298,0.10753543674945831,0.0360894650220871,0.10664354264736176,0.35114800930023193,0.3113294839859009,0.24281421303749084,0.540406346321106,0.03878825902938843,0.07262777537107468,0.0702902227640152,0.30826789140701294,0.377361536026001,0.4869382083415985,0.2975473403930664,0.5353942513465881,0.08854445070028305,0.1670835316181183,0.23715683817863464,0.03531397506594658,0.35426342487335205,0.07269631326198578,0.1885383427143097,0.02413245290517807,0.0764283686876297,0.1544218361377716,0.028713103383779526,0.2522761821746826,0.1903219372034073,0.1647612452507019,0.36080294847488403,0.029205873608589172,0.5172713398933411,0.06742632389068604,0.14409655332565308,0.1286916434764862,0.5054082274436951,0.5455955862998962,0.02055470272898674,0.05515281856060028,0.015003014355897903,0.3135982155799866,0.3459038734436035,0.4527876675128937,0.3402858376502991,0.426644504070282,0.19668418169021606,0.5885547399520874,0.234373077750206,0.2816491723060608,0.33818069100379944,0.3243708908557892,0.2104344218969345,0.41099706292152405,0.3861696422100067,0.0927378237247467,0.4979468882083893,0.07453715801239014,0.3223218023777008,0.02014157921075821,0.14077454805374146,0.04988136142492294,0.1984860599040985,0.015205228701233864,0.16246983408927917,0.05624640733003616,0.01897147297859192,0.22134773433208466,0.24083858728408813,0.178575336933136,0.5010964870452881,0.07972365617752075,0.494709849357605,0.3071681261062622,0.09086130559444427,0.3268328905105591,0.023506250232458115,0.5351496338844299,0.1552073359489441,0.5050746202468872,0.03316440433263779,0.40738412737846375,0.13533802330493927,0.015557458624243736,0.06954261660575867,0.13700056076049805,0.06997396051883698,8192
LPIPS,Control,MNIST_CLASS_256,0.36833643913269043,0.0931365042924881,0.1504647433757782,0.18330234289169312,0.24816212058067322,0.2217307984828949,0.44030311703681946,0.20182174444198608,0.5064564943313599,0.26761752367019653,0.35908323526382446,0.11799898743629456,0.21990548074245453,0.2978612184524536,0.2579403817653656,0.155950665473938,0.2662084698677063,0.28969606757164,0.20784682035446167,0.26446688175201416,0.29272985458374023,0.05765784531831741,0.11266151070594788,0.1994100958108902,0.2380194365978241,0.17482948303222656,0.18888713419437408,0.21868625283241272,0.48260754346847534,0.2549281716346741,0.1488172709941864,0.2956058084964752,0.1203400194644928,0.17569980025291443,0.1245991662144661,0.37898963689804077,0.31429094076156616,0.19297748804092407,0.28755316138267517,0.23785316944122314,0.3357360064983368,0.07359093427658081,0.11633547395467758,0.21412886679172516,0.2729300856590271,0.4146755635738373,0.09452615678310394,0.1815674901008606,0.43355873227119446,0.32842719554901123,0.3940625786781311,0.16539381444454193,0.12506327033042908,0.17000560462474823,0.17565590143203735,0.2926590144634247,0.1460423469543457,0.25497934222221375,0.48184633255004883,0.31198132038116455,0.2802009582519531,0.08441610634326935,0.058774955570697784,0.2514817714691162,0.16316251456737518,0.29631131887435913,0.1607438027858734,0.0716276541352272,0.4560883641242981,0.2058442234992981,0.30305516719818115,0.13172706961631775,0.12036450952291489,0.1613803207874298,0.2638819217681885,0.3826518654823303,0.17151965200901031,0.23819546401500702,0.3354458808898926,0.1656910926103592,0.33153533935546875,0.0744171291589737,0.23413985967636108,0.30051085352897644,0.19426852464675903,0.21911805868148804,0.2673785090446472,0.14169177412986755,0.54816734790802,0.3839195668697357,0.4073745012283325,0.048607006669044495,0.2751980423927307,0.2557455599308014,0.21439266204833984,0.3223426043987274,0.1985667496919632,0.1183474212884903,0.4671713709831238,0.20840108394622803,256
LPIPS,Control,MNIST_CLASS_512,0.22908654808998108,0.06940887123346329,0.22269535064697266,0.3120022416114807,0.12493982166051865,0.19763198494911194,0.37564122676849365,0.1321992576122284,0.2802923619747162,0.21970988810062408,0.2250339835882187,0.04669034481048584,0.04613112285733223,0.3022618889808655,0.14139944314956665,0.2223290503025055,0.25154611468315125,0.24718621373176575,0.28724491596221924,0.19688963890075684,0.15732014179229736,0.05341731756925583,0.09346917271614075,0.15793484449386597,0.17854902148246765,0.2562839686870575,0.07849083840847015,0.24137884378433228,0.44772857427597046,0.23940496146678925,0.0725884661078453,0.03909406438469887,0.09150956571102142,0.14515990018844604,0.17666387557983398,0.43529075384140015,0.2422984540462494,0.11190468072891235,0.17401079833507538,0.27116233110427856,0.10073800384998322,0.0296292956918478,0.14856675267219543,0.20621056854724884,0.22338859736919403,0.33343082666397095,0.2665490508079529,0.14627358317375183,0.4011405110359192,0.3469288945198059,0.060597967356443405,0.06658056378364563,0.08637288212776184,0.2459035962820053,0.1654159426689148,0.26606929302215576,0.2631375193595886,0.23216037452220917,0.41451147198677063,0.25832757353782654,0.14035233855247498,0.03593374788761139,0.053158462047576904,0.07729560136795044,0.15485963225364685,0.3347522020339966,0.14078722894191742,0.0409369096159935,0.43487799167633057,0.04727517068386078,0.29418838024139404,0.08760238438844681,0.06390520185232162,0.2187562882900238,0.14532142877578735,0.12210429459810257,0.11212539672851562,0.10247490555047989,0.20577211678028107,0.1731359213590622,0.22764858603477478,0.053659819066524506,0.040411341935396194,0.17832201719284058,0.16308337450027466,0.25440892577171326,0.2169530689716339,0.08224178850650787,0.20528370141983032,0.12432029843330383,0.14905518293380737,0.012379669584333897,0.17716550827026367,0.324118971824646,0.030432313680648804,0.4047930836677551,0.15195921063423157,0.08592166006565094,0.28616058826446533,0.13169695436954498,512
LPIPS,Control,MNIST_CLASS_1024,0.12847396731376648,0.01956212893128395,0.1420314759016037,0.06958094239234924,0.104214608669281,0.20658136904239655,0.3505212664604187,0.11052362620830536,0.18049347400665283,0.06675735861063004,0.21566462516784668,0.024357154965400696,0.023268215358257294,0.20345565676689148,0.06871818006038666,0.029290203005075455,0.07269582897424698,0.14587730169296265,0.1523292362689972,0.10910928249359131,0.026961445808410645,0.07126569747924805,0.0162728950381279,0.07209256291389465,0.09016996622085571,0.1055162101984024,0.06246647238731384,0.05497182160615921,0.41831260919570923,0.030077693983912468,0.016155680641531944,0.038045525550842285,0.18660971522331238,0.0603751614689827,0.09534551203250885,0.4163133203983307,0.15087951719760895,0.09503400325775146,0.1524362415075302,0.3504346013069153,0.01875709742307663,0.012839259579777718,0.05799521878361702,0.42262470722198486,0.192592591047287,0.24459457397460938,0.27706703543663025,0.18767830729484558,0.3321239650249481,0.3155912160873413,0.030115840956568718,0.04925844073295593,0.0402231365442276,0.04426732659339905,0.06195109710097313,0.0892312228679657,0.019354883581399918,0.22188547253608704,0.32255786657333374,0.04718143492937088,0.028804494068026543,0.012700047343969345,0.05657529830932617,0.05790692940354347,0.02423834428191185,0.2294226884841919,0.13308662176132202,0.022250358015298843,0.40971124172210693,0.03087589144706726,0.042825259268283844,0.04517313838005066,0.042082831263542175,0.19665999710559845,0.023822354152798653,0.165819451212883,0.03172608092427254,0.0759364664554596,0.2683141231536865,0.09877687692642212,0.16665610671043396,0.014785917475819588,0.031447820365428925,0.07765073329210281,0.039797939360141754,0.2230263352394104,0.3316325545310974,0.07176673412322998,0.17592042684555054,0.3076464533805847,0.06114666908979416,0.014696622267365456,0.0550348125398159,0.2252364456653595,0.11090119183063507,0.3567360043525696,0.2954924702644348,0.028181452304124832,0.44777095317840576,0.05625910684466362,1024
LPIPS,Control,MNIST_CLASS_2048,0.050698619335889816,0.031253159046173096,0.12968799471855164,0.04027711972594261,0.07155496627092361,0.16802650690078735,0.30657482147216797,0.08048674464225769,0.094968780875206,0.13828270137310028,0.14525321125984192,0.0336642786860466,0.019911587238311768,0.13868270814418793,0.011777906678617,0.03634726256132126,0.06428366899490356,0.12481006234884262,0.128798246383667,0.05055927857756615,0.011904822662472725,0.0482153594493866,0.009467856958508492,0.1631060093641281,0.029378289356827736,0.10869846493005753,0.16401204466819763,0.01286342367529869,0.34271976351737976,0.014581389725208282,0.007313854061067104,0.04384380206465721,0.10645599663257599,0.1047610267996788,0.08089329302310944,0.31212568283081055,0.11007552593946457,0.07923340052366257,0.10084305703639984,0.15116441249847412,0.013639882206916809,0.005144087597727776,0.027941782027482986,0.29678842425346375,0.12460038810968399,0.17579014599323273,0.04178888350725174,0.13177727162837982,0.24926884472370148,0.3804110884666443,0.013384751975536346,0.04638420045375824,0.010615212842822075,0.015969768166542053,0.013157268054783344,0.14575834572315216,0.016442803665995598,0.2531805634498596,0.33463454246520996,0.07490846514701843,0.053476400673389435,0.012896700762212276,0.016519121825695038,0.020382234826683998,0.012709823437035084,0.21079817414283752,0.039737410843372345,0.0070278458297252655,0.24201619625091553,0.034524984657764435,0.032221537083387375,0.08339329063892365,0.022643212229013443,0.21141736209392548,0.05089077353477478,0.21730974316596985,0.039696283638477325,0.04835018515586853,0.2129497081041336,0.10602904856204987,0.16949787735939026,0.012977881357073784,0.03316488116979599,0.029215216636657715,0.018939577043056488,0.13060441613197327,0.27630630135536194,0.023470085114240646,0.06882988661527634,0.05906609445810318,0.029051128774881363,0.014779707416892052,0.034077756106853485,0.16699886322021484,0.06233741343021393,0.4288944602012634,0.32153627276420593,0.015719767659902573,0.40242260694503784,0.044992249459028244,2048
LPIPS,Control,MNIST_CLASS_4096,0.07230645418167114,0.01992819644510746,0.13380327820777893,0.022386347874999046,0.03396923094987869,0.15438732504844666,0.19431382417678833,0.03578084707260132,0.10830795764923096,0.2650913596153259,0.051751598715782166,0.009299126453697681,0.09134827554225922,0.10801269859075546,0.012167670764029026,0.03442267328500748,0.1801948994398117,0.13362830877304077,0.0730176568031311,0.09356527030467987,0.061223793774843216,0.039404913783073425,0.01587800867855549,0.08880281448364258,0.033407241106033325,0.07214038819074631,0.033697813749313354,0.175159752368927,0.31881576776504517,0.3061009645462036,0.010696683079004288,0.05736764520406723,0.1064784899353981,0.11142587661743164,0.07079321146011353,0.3356047570705414,0.06236015632748604,0.06985349208116531,0.21059057116508484,0.14173710346221924,0.03423183411359787,0.050029780715703964,0.02744271419942379,0.2958594560623169,0.07570769637823105,0.21899589896202087,0.09881085157394409,0.05052606761455536,0.21895107626914978,0.4154190421104431,0.16962005198001862,0.10071969032287598,0.03718271851539612,0.05456991866230965,0.026731213554739952,0.12105041742324829,0.035743989050388336,0.2097097933292389,0.3354940116405487,0.14429867267608643,0.09637436270713806,0.012407248839735985,0.01818155311048031,0.020072344690561295,0.04817057400941849,0.26286131143569946,0.029462983831763268,0.00966793391853571,0.15037593245506287,0.05739280581474304,0.2904048562049866,0.05982320010662079,0.023297490552067757,0.17406797409057617,0.10966268181800842,0.21721403300762177,0.31291210651397705,0.033759742975234985,0.19369900226593018,0.11914488673210144,0.10379063338041306,0.028209799900650978,0.1467638462781906,0.06125405430793762,0.03282923996448517,0.04491758719086647,0.1777554452419281,0.014792291447520256,0.030526278540492058,0.3513031005859375,0.019872859120368958,0.010166825726628304,0.06514639407396317,0.1748095005750656,0.04331754893064499,0.4087477922439575,0.20455165207386017,0.009474110789597034,0.41911011934280396,0.08304249495267868,4096
LPIPS,Control,MNIST_CLASS_8192,0.044283680617809296,0.028145726770162582,0.15811827778816223,0.02351119928061962,0.034427471458911896,0.13810105621814728,0.22253046929836273,0.04154503345489502,0.13542971014976501,0.15267479419708252,0.06000765785574913,0.0113153625279665,0.038859009742736816,0.10740998387336731,0.011369852349162102,0.02989623136818409,0.09991291910409927,0.2239966094493866,0.038697317242622375,0.11149314045906067,0.041173309087753296,0.03731788694858551,0.015668541193008423,0.04683401435613632,0.02191859856247902,0.09902457147836685,0.13114795088768005,0.021419966593384743,0.1866919994354248,0.2656145691871643,0.010184199549257755,0.04319962114095688,0.07370762526988983,0.09155595302581787,0.049103736877441406,0.3210010528564453,0.13636142015457153,0.06344175338745117,0.12293960899114609,0.40564361214637756,0.061440806835889816,0.05805695056915283,0.017882613465189934,0.2565772235393524,0.14520859718322754,0.21499407291412354,0.030783608555793762,0.10631926357746124,0.17129655182361603,0.4135147035121918,0.14584194123744965,0.07257681339979172,0.024641262367367744,0.028913628309965134,0.026633180677890778,0.10084491223096848,0.019857406616210938,0.11178158223628998,0.2393946647644043,0.15265637636184692,0.021282481029629707,0.009744539856910706,0.011504074558615685,0.022845638915896416,0.07969677448272705,0.21207745373249054,0.07763802260160446,0.012050515040755272,0.052553657442331314,0.10570038110017776,0.19409941136837006,0.047718845307826996,0.011097674258053303,0.18713314831256866,0.028094761073589325,0.1748102605342865,0.01580127328634262,0.02879256196320057,0.13122904300689697,0.14867207407951355,0.04999527335166931,0.0251728817820549,0.07646001875400543,0.05321056768298149,0.05099067464470863,0.04007707163691521,0.22958260774612427,0.009159276261925697,0.039733242243528366,0.324632853269577,0.013800161890685558,0.012641660869121552,0.10598067939281464,0.157501682639122,0.0261091236025095,0.3550223708152771,0.1452300250530243,0.007973532192409039,0.41518735885620117,0.028758473694324493,8192
LPIPS,Control,FASHION_CLASS_256,0.36833643913269043,0.0931365042924881,0.1504647433757782,0.18330234289169312,0.24816212058067322,0.2217307984828949,0.44030311703681946,0.20182174444198608,0.5064564943313599,0.26761752367019653,0.35908323526382446,0.11799898743629456,0.21990548074245453,0.2978612184524536,0.2579403817653656,0.155950665473938,0.2662084698677063,0.28969606757164,0.20784682035446167,0.26446688175201416,0.29272985458374023,0.05765784531831741,0.11266151070594788,0.1994100958108902,0.2380194365978241,0.17482948303222656,0.18888713419437408,0.21868625283241272,0.48260754346847534,0.2549281716346741,0.1488172709941864,0.2956058084964752,0.1203400194644928,0.17569980025291443,0.1245991662144661,0.37898963689804077,0.31429094076156616,0.19297748804092407,0.28755316138267517,0.23785316944122314,0.3357360064983368,0.07359093427658081,0.11633547395467758,0.21412886679172516,0.2729300856590271,0.4146755635738373,0.09452615678310394,0.1815674901008606,0.43355873227119446,0.32842719554901123,0.3940625786781311,0.16539381444454193,0.12506327033042908,0.17000560462474823,0.17565590143203735,0.2926590144634247,0.1460423469543457,0.25497934222221375,0.48184633255004883,0.31198132038116455,0.2802009582519531,0.08441610634326935,0.058774955570697784,0.2514817714691162,0.16316251456737518,0.29631131887435913,0.1607438027858734,0.0716276541352272,0.4560883641242981,0.2058442234992981,0.30305516719818115,0.13172706961631775,0.12036450952291489,0.1613803207874298,0.2638819217681885,0.3826518654823303,0.17151965200901031,0.23819546401500702,0.3354458808898926,0.1656910926103592,0.33153533935546875,0.0744171291589737,0.23413985967636108,0.30051085352897644,0.19426852464675903,0.21911805868148804,0.2673785090446472,0.14169177412986755,0.54816734790802,0.3839195668697357,0.4073745012283325,0.048607006669044495,0.2751980423927307,0.2557455599308014,0.21439266204833984,0.3223426043987274,0.1985667496919632,0.1183474212884903,0.4671713709831238,0.20840108394622803,256
LPIPS,Control,FASHION_CLASS_512,0.22908654808998108,0.06940887123346329,0.22269535064697266,0.3120022416114807,0.12493982166051865,0.19763198494911194,0.37564122676849365,0.1321992576122284,0.2802923619747162,0.21970988810062408,0.2250339835882187,0.04669034481048584,0.04613112285733223,0.3022618889808655,0.14139944314956665,0.2223290503025055,0.25154611468315125,0.24718621373176575,0.28724491596221924,0.19688963890075684,0.15732014179229736,0.05341731756925583,0.09346917271614075,0.15793484449386597,0.17854902148246765,0.2562839686870575,0.07849083840847015,0.24137884378433228,0.44772857427597046,0.23940496146678925,0.0725884661078453,0.03909406438469887,0.09150956571102142,0.14515990018844604,0.17666387557983398,0.43529075384140015,0.2422984540462494,0.11190468072891235,0.17401079833507538,0.27116233110427856,0.10073800384998322,0.0296292956918478,0.14856675267219543,0.20621056854724884,0.22338859736919403,0.33343082666397095,0.2665490508079529,0.14627358317375183,0.4011405110359192,0.3469288945198059,0.060597967356443405,0.06658056378364563,0.08637288212776184,0.2459035962820053,0.1654159426689148,0.26606929302215576,0.2631375193595886,0.23216037452220917,0.41451147198677063,0.25832757353782654,0.14035233855247498,0.03593374788761139,0.053158462047576904,0.07729560136795044,0.15485963225364685,0.3347522020339966,0.14078722894191742,0.0409369096159935,0.43487799167633057,0.04727517068386078,0.29418838024139404,0.08760238438844681,0.06390520185232162,0.2187562882900238,0.14532142877578735,0.12210429459810257,0.11212539672851562,0.10247490555047989,0.20577211678028107,0.1731359213590622,0.22764858603477478,0.053659819066524506,0.040411341935396194,0.17832201719284058,0.16308337450027466,0.25440892577171326,0.2169530689716339,0.08224178850650787,0.20528370141983032,0.12432029843330383,0.14905518293380737,0.012379669584333897,0.17716550827026367,0.324118971824646,0.030432313680648804,0.4047930836677551,0.15195921063423157,0.08592166006565094,0.28616058826446533,0.13169695436954498,512
LPIPS,Control,FASHION_CLASS_1024,0.12847396731376648,0.01956212893128395,0.1420314759016037,0.06958094239234924,0.104214608669281,0.20658136904239655,0.3505212664604187,0.11052362620830536,0.18049347400665283,0.06675735861063004,0.21566462516784668,0.024357154965400696,0.023268215358257294,0.20345565676689148,0.06871818006038666,0.029290203005075455,0.07269582897424698,0.14587730169296265,0.1523292362689972,0.10910928249359131,0.026961445808410645,0.07126569747924805,0.0162728950381279,0.07209256291389465,0.09016996622085571,0.1055162101984024,0.06246647238731384,0.05497182160615921,0.41831260919570923,0.030077693983912468,0.016155680641531944,0.038045525550842285,0.18660971522331238,0.0603751614689827,0.09534551203250885,0.4163133203983307,0.15087951719760895,0.09503400325775146,0.1524362415075302,0.3504346013069153,0.01875709742307663,0.012839259579777718,0.05799521878361702,0.42262470722198486,0.192592591047287,0.24459457397460938,0.27706703543663025,0.18767830729484558,0.3321239650249481,0.3155912160873413,0.030115840956568718,0.04925844073295593,0.0402231365442276,0.04426732659339905,0.06195109710097313,0.0892312228679657,0.019354883581399918,0.22188547253608704,0.32255786657333374,0.04718143492937088,0.028804494068026543,0.012700047343969345,0.05657529830932617,0.05790692940354347,0.02423834428191185,0.2294226884841919,0.13308662176132202,0.022250358015298843,0.40971124172210693,0.03087589144706726,0.042825259268283844,0.04517313838005066,0.042082831263542175,0.19665999710559845,0.023822354152798653,0.165819451212883,0.03172608092427254,0.0759364664554596,0.2683141231536865,0.09877687692642212,0.16665610671043396,0.014785917475819588,0.031447820365428925,0.07765073329210281,0.039797939360141754,0.2230263352394104,0.3316325545310974,0.07176673412322998,0.17592042684555054,0.3076464533805847,0.06114666908979416,0.014696622267365456,0.0550348125398159,0.2252364456653595,0.11090119183063507,0.3567360043525696,0.2954924702644348,0.028181452304124832,0.44777095317840576,0.05625910684466362,1024
LPIPS,Control,FASHION_CLASS_2048,0.050698619335889816,0.031253159046173096,0.12968799471855164,0.04027711972594261,0.07155496627092361,0.16802650690078735,0.30657482147216797,0.08048674464225769,0.094968780875206,0.13828270137310028,0.14525321125984192,0.0336642786860466,0.019911587238311768,0.13868270814418793,0.011777906678617,0.03634726256132126,0.06428366899490356,0.12481006234884262,0.128798246383667,0.05055927857756615,0.011904822662472725,0.0482153594493866,0.009467856958508492,0.1631060093641281,0.029378289356827736,0.10869846493005753,0.16401204466819763,0.01286342367529869,0.34271976351737976,0.014581389725208282,0.007313854061067104,0.04384380206465721,0.10645599663257599,0.1047610267996788,0.08089329302310944,0.31212568283081055,0.11007552593946457,0.07923340052366257,0.10084305703639984,0.15116441249847412,0.013639882206916809,0.005144087597727776,0.027941782027482986,0.29678842425346375,0.12460038810968399,0.17579014599323273,0.04178888350725174,0.13177727162837982,0.24926884472370148,0.3804110884666443,0.013384751975536346,0.04638420045375824,0.010615212842822075,0.015969768166542053,0.013157268054783344,0.14575834572315216,0.016442803665995598,0.2531805634498596,0.33463454246520996,0.07490846514701843,0.053476400673389435,0.012896700762212276,0.016519121825695038,0.020382234826683998,0.012709823437035084,0.21079817414283752,0.039737410843372345,0.0070278458297252655,0.24201619625091553,0.034524984657764435,0.032221537083387375,0.08339329063892365,0.022643212229013443,0.21141736209392548,0.05089077353477478,0.21730974316596985,0.039696283638477325,0.04835018515586853,0.2129497081041336,0.10602904856204987,0.16949787735939026,0.012977881357073784,0.03316488116979599,0.029215216636657715,0.018939577043056488,0.13060441613197327,0.27630630135536194,0.023470085114240646,0.06882988661527634,0.05906609445810318,0.029051128774881363,0.014779707416892052,0.034077756106853485,0.16699886322021484,0.06233741343021393,0.4288944602012634,0.32153627276420593,0.015719767659902573,0.40242260694503784,0.044992249459028244,2048
LPIPS,Control,FASHION_CLASS_4096,0.07230645418167114,0.01992819644510746,0.13380327820777893,0.022386347874999046,0.03396923094987869,0.15438732504844666,0.19431382417678833,0.03578084707260132,0.10830795764923096,0.2650913596153259,0.051751598715782166,0.009299126453697681,0.09134827554225922,0.10801269859075546,0.012167670764029026,0.03442267328500748,0.1801948994398117,0.13362830877304077,0.0730176568031311,0.09356527030467987,0.061223793774843216,0.039404913783073425,0.01587800867855549,0.08880281448364258,0.033407241106033325,0.07214038819074631,0.033697813749313354,0.175159752368927,0.31881576776504517,0.3061009645462036,0.010696683079004288,0.05736764520406723,0.1064784899353981,0.11142587661743164,0.07079321146011353,0.3356047570705414,0.06236015632748604,0.06985349208116531,0.21059057116508484,0.14173710346221924,0.03423183411359787,0.050029780715703964,0.02744271419942379,0.2958594560623169,0.07570769637823105,0.21899589896202087,0.09881085157394409,0.05052606761455536,0.21895107626914978,0.4154190421104431,0.16962005198001862,0.10071969032287598,0.03718271851539612,0.05456991866230965,0.026731213554739952,0.12105041742324829,0.035743989050388336,0.2097097933292389,0.3354940116405487,0.14429867267608643,0.09637436270713806,0.012407248839735985,0.01818155311048031,0.020072344690561295,0.04817057400941849,0.26286131143569946,0.029462983831763268,0.00966793391853571,0.15037593245506287,0.05739280581474304,0.2904048562049866,0.05982320010662079,0.023297490552067757,0.17406797409057617,0.10966268181800842,0.21721403300762177,0.31291210651397705,0.033759742975234985,0.19369900226593018,0.11914488673210144,0.10379063338041306,0.028209799900650978,0.1467638462781906,0.06125405430793762,0.03282923996448517,0.04491758719086647,0.1777554452419281,0.014792291447520256,0.030526278540492058,0.3513031005859375,0.019872859120368958,0.010166825726628304,0.06514639407396317,0.1748095005750656,0.04331754893064499,0.4087477922439575,0.20455165207386017,0.009474110789597034,0.41911011934280396,0.08304249495267868,4096
LPIPS,Control,FASHION_CLASS_8192,0.044283680617809296,0.028145726770162582,0.15811827778816223,0.02351119928061962,0.034427471458911896,0.13810105621814728,0.22253046929836273,0.04154503345489502,0.13542971014976501,0.15267479419708252,0.06000765785574913,0.0113153625279665,0.038859009742736816,0.10740998387336731,0.011369852349162102,0.02989623136818409,0.09991291910409927,0.2239966094493866,0.038697317242622375,0.11149314045906067,0.041173309087753296,0.03731788694858551,0.015668541193008423,0.04683401435613632,0.02191859856247902,0.09902457147836685,0.13114795088768005,0.021419966593384743,0.1866919994354248,0.2656145691871643,0.010184199549257755,0.04319962114095688,0.07370762526988983,0.09155595302581787,0.049103736877441406,0.3210010528564453,0.13636142015457153,0.06344175338745117,0.12293960899114609,0.40564361214637756,0.061440806835889816,0.05805695056915283,0.017882613465189934,0.2565772235393524,0.14520859718322754,0.21499407291412354,0.030783608555793762,0.10631926357746124,0.17129655182361603,0.4135147035121918,0.14584194123744965,0.07257681339979172,0.024641262367367744,0.028913628309965134,0.026633180677890778,0.10084491223096848,0.019857406616210938,0.11178158223628998,0.2393946647644043,0.15265637636184692,0.021282481029629707,0.009744539856910706,0.011504074558615685,0.022845638915896416,0.07969677448272705,0.21207745373249054,0.07763802260160446,0.012050515040755272,0.052553657442331314,0.10570038110017776,0.19409941136837006,0.047718845307826996,0.011097674258053303,0.18713314831256866,0.028094761073589325,0.1748102605342865,0.01580127328634262,0.02879256196320057,0.13122904300689697,0.14867207407951355,0.04999527335166931,0.0251728817820549,0.07646001875400543,0.05321056768298149,0.05099067464470863,0.04007707163691521,0.22958260774612427,0.009159276261925697,0.039733242243528366,0.324632853269577,0.013800161890685558,0.012641660869121552,0.10598067939281464,0.157501682639122,0.0261091236025095,0.3550223708152771,0.1452300250530243,0.007973532192409039,0.41518735885620117,0.028758473694324493,8192
LPIPS,Control,CELEBA_TEXT_32,0.49941468238830566,0.4158574044704437,0.44455236196517944,0.09336693584918976,0.5736188888549805,0.3244094252586365,0.5170871019363403,0.5649256706237793,0.5138685703277588,0.4673505127429962,0.45985355973243713,0.4102437496185303,0.4544760584831238,0.13557767868041992,0.36239925026893616,0.40031173825263977,0.36435505747795105,0.0973798930644989,0.5217334032058716,0.520740270614624,0.4244723618030548,0.4967028498649597,0.5433921217918396,0.47509264945983887,0.41835805773735046,0.5276675224304199,0.5633138418197632,0.3816854953765869,0.4714617133140564,0.15358488261699677,0.4454645812511444,0.3358891010284424,0.4818205237388611,0.43484917283058167,0.41159194707870483,0.34397226572036743,0.42828837037086487,0.1846819818019867,0.6399387121200562,0.37086114287376404,0.6051144599914551,0.35361164808273315,0.5587050914764404,0.5275105237960815,0.4167177081108093,0.5274784564971924,0.13261520862579346,0.426416277885437,0.5938429832458496,0.2566995322704315,0.509531557559967,0.47962743043899536,0.6053440570831299,0.4090956449508667,0.4583853781223297,0.42119383811950684,0.48564931750297546,0.5046329498291016,0.5098981261253357,0.3942132592201233,0.38695207238197327,0.3179500102996826,0.4046081602573395,0.30179327726364136,0.37516799569129944,0.45051538944244385,0.48456329107284546,0.369191437959671,0.5461626052856445,0.1833270788192749,0.46350327134132385,0.46373480558395386,0.45759379863739014,0.12770861387252808,0.48107773065567017,0.3909774720668793,0.4978127181529999,0.30155494809150696,0.59168541431427,0.4059217572212219,0.5492511987686157,0.4736504554748535,0.5794176459312439,0.4625176191329956,0.5698273181915283,0.15983931720256805,0.3289068937301636,0.4444233775138855,0.5244132280349731,0.5311583280563354,0.5439207553863525,0.3851470351219177,0.3945264220237732,0.4148596525192261,0.48463454842567444,0.4300108253955841,0.5419195294380188,0.14864665269851685,0.5610509514808655,0.38396763801574707,712
LPIPS,Control,CELEBA_TEXT_512,0.3249574303627014,0.22157903015613556,0.20057448744773865,0.20932354032993317,0.3002741038799286,0.2679594159126282,0.4106597900390625,0.22681689262390137,0.47393614053726196,0.22685948014259338,0.38116326928138733,0.20594081282615662,0.23191684484481812,0.3263622224330902,0.09250442683696747,0.1431710422039032,0.1810694932937622,0.19212457537651062,0.45289188623428345,0.30370035767555237,0.24375462532043457,0.25854581594467163,0.18201369047164917,0.25841471552848816,0.1302897334098816,0.16828930377960205,0.44474661350250244,0.17844820022583008,0.31769752502441406,0.3931388258934021,0.21096378564834595,0.3058907985687256,0.4305582046508789,0.2917807102203369,0.44779714941978455,0.25185006856918335,0.34262415766716003,0.21579402685165405,0.3621859848499298,0.26970964670181274,0.4746783375740051,0.20335295796394348,0.43863117694854736,0.24162259697914124,0.47265568375587463,0.23474067449569702,0.4981232285499573,0.21017524600028992,0.6716799736022949,0.130903422832489,0.41632601618766785,0.2601671814918518,0.6731390953063965,0.23273074626922607,0.44041985273361206,0.12259691953659058,0.5155446529388428,0.27087700366973877,0.43140801787376404,0.23953218758106232,0.4948239028453827,0.19193072617053986,0.40328729152679443,0.2561913728713989,0.13455401360988617,0.278667151927948,0.4266377389431,0.2971035838127136,0.30099204182624817,0.2668769359588623,0.4101177752017975,0.27891597151756287,0.4354546070098877,0.3332950174808502,0.4537523686885834,0.2710403800010681,0.42066535353660583,0.2567347288131714,0.34864819049835205,0.23900863528251648,0.18845072388648987,0.3825392723083496,0.6814872622489929,0.2243516445159912,0.3250628709793091,0.3167053461074829,0.3464996814727783,0.197691410779953,0.4593158960342407,0.20969244837760925,0.39344584941864014,0.24833109974861145,0.41212308406829834,0.24316437542438507,0.32742130756378174,0.211227148771286,0.5013529062271118,0.31672370433807373,0.6530129313468933,0.27634626626968384,10627
LPIPS,Control,CELEBA_TEXT_8192,0.14313137531280518,0.10282561928033829,0.063901886343956,0.17241781949996948,0.0865313783288002,0.1549760401248932,0.11512710154056549,0.16661421954631805,0.09293589740991592,0.09880131483078003,0.4728492796421051,0.07072653621435165,0.18040026724338531,0.1037592738866806,0.08530502021312714,0.16460180282592773,0.16877371072769165,0.06938238441944122,0.09837223589420319,0.20331817865371704,0.10788745433092117,0.10474251210689545,0.08933357894420624,0.11421123147010803,0.08579611778259277,0.24474775791168213,0.29612401127815247,0.08553951233625412,0.08651332557201385,0.28234320878982544,0.2409464418888092,0.3009656071662903,0.12797120213508606,0.33887696266174316,0.0647871121764183,0.0625789612531662,0.15656529366970062,0.08401753753423691,0.40457436442375183,0.2316441833972931,0.1370224952697754,0.09887994825839996,0.34873950481414795,0.0742623507976532,0.3002086281776428,0.14632032811641693,0.4128618836402893,0.18726736307144165,0.32469943165779114,0.1017405241727829,0.03511197865009308,0.1320800483226776,0.16833393275737762,0.11146274209022522,0.1390279233455658,0.08785605430603027,0.31516891717910767,0.128724604845047,0.18945810198783875,0.1604238897562027,0.11158625036478043,0.08032014966011047,0.20085182785987854,0.08658739924430847,0.11033156514167786,0.12549030780792236,0.12817592918872833,0.0837724357843399,0.13459543883800507,0.07827654480934143,0.12180206179618835,0.2601221203804016,0.0971728190779686,0.46441543102264404,0.2701018452644348,0.1308363676071167,0.3160829544067383,0.24076274037361145,0.10224215686321259,0.05158810690045357,0.22365260124206543,0.1900177001953125,0.32462459802627563,0.1308996081352234,0.05959403142333031,0.16533133387565613,0.09513621032238007,0.24419328570365906,0.162087544798851,0.08966465294361115,0.10344953089952469,0.04865802824497223,0.07136805355548859,0.06972276419401169,0.09650269895792007,0.05248779058456421,0.116347536444664,0.22558458149433136,0.13231149315834045,0.19409561157226562,162770
LPIPS,Control,MNIST_RETRAIN_256,0.22010226547718048,0.2803664803504944,0.0915410965681076,0.4557037353515625,0.3915478587150574,0.07742432504892349,0.07850400358438492,0.47237586975097656,0.5167001485824585,0.2800540030002594,0.1614890992641449,0.3086519241333008,0.1068938747048378,0.2495395690202713,0.33596813678741455,0.09027964621782303,0.3021824359893799,0.24241235852241516,0.3795434236526489,0.38965296745300293,0.10463057458400726,0.30459269881248474,0.15492424368858337,0.5283806920051575,0.44571688771247864,0.20376934111118317,0.26967787742614746,0.49347150325775146,0.2731364071369171,0.3401743769645691,0.19956181943416595,0.30764901638031006,0.34612131118774414,0.28127866983413696,0.294089138507843,0.24157482385635376,0.2639240324497223,0.19840815663337708,0.2846350371837616,0.31095343828201294,0.441413938999176,0.2149568498134613,0.1374109983444214,0.34622153639793396,0.2301158457994461,0.4024472236633301,0.5220763087272644,0.1623685359954834,0.29926222562789917,0.26751378178596497,0.1803366243839264,0.31096524000167847,0.0973699763417244,0.41180476546287537,0.41947779059410095,0.2789263427257538,0.4028871953487396,0.21265804767608643,0.30935388803482056,0.2620198130607605,0.28944462537765503,0.2675677537918091,0.42655491828918457,0.29973286390304565,0.2378115952014923,0.2498786449432373,0.2657342851161957,0.3919646143913269,0.386412113904953,0.2919918894767761,0.32481619715690613,0.26782381534576416,0.19079618155956268,0.22099381685256958,0.4409324824810028,0.3253626823425293,0.26088210940361023,0.12770505249500275,0.41835200786590576,0.26517435908317566,0.2548193335533142,0.2899099588394165,0.15476581454277039,0.09105556458234787,0.2809716761112213,0.34484004974365234,0.11734913289546967,0.22677171230316162,0.24392664432525635,0.22238704562187195,0.3155609369277954,0.2123655080795288,0.2710166573524475,0.2873280644416809,0.2922420799732208,0.4273274838924408,0.2754443883895874,0.2445591390132904,0.31848037242889404,0.38297393918037415,256
LPIPS,Control,MNIST_RETRAIN_1024,0.1513819545507431,0.20569318532943726,0.2717759907245636,0.09575984627008438,0.2826535403728485,0.3235055208206177,0.25288742780685425,0.21488811075687408,0.12574318051338196,0.22515428066253662,0.19242775440216064,0.24296583235263824,0.05816828832030296,0.20993654429912567,0.2981521487236023,0.08509965986013412,0.25902438163757324,0.12248621881008148,0.25978368520736694,0.28823575377464294,0.03629666939377785,0.24246832728385925,0.2897953689098358,0.365309476852417,0.22472596168518066,0.10688234865665436,0.06846240162849426,0.3681759238243103,0.2641533613204956,0.27883630990982056,0.38419267535209656,0.2758899927139282,0.2625954747200012,0.1961580365896225,0.2534395456314087,0.2845262587070465,0.1901259422302246,0.2907037138938904,0.02180776186287403,0.23083125054836273,0.03490706905722618,0.12612514197826385,0.21598316729068756,0.3127969801425934,0.23886772990226746,0.2833288908004761,0.17613139748573303,0.2420121133327484,0.1767732799053192,0.3468497395515442,0.12036320567131042,0.17730171978473663,0.06791241466999054,0.28181713819503784,0.19495868682861328,0.22098113596439362,0.24120105803012848,0.25839269161224365,0.15140344202518463,0.02481681853532791,0.2408798187971115,0.24593520164489746,0.2726796865463257,0.20782336592674255,0.20905494689941406,0.15993566811084747,0.22522911429405212,0.2709839940071106,0.22479210793972015,0.3394290506839752,0.12582632899284363,0.2109842300415039,0.23301006853580475,0.20507702231407166,0.20879888534545898,0.2801797091960907,0.10370150208473206,0.04955127090215683,0.21706074476242065,0.28111541271209717,0.16245947778224945,0.2833022475242615,0.23028676211833954,0.2687614858150482,0.3289808928966522,0.2410292774438858,0.26242896914482117,0.2553437054157257,0.2734231948852539,0.31677961349487305,0.24324309825897217,0.08242326229810715,0.24157100915908813,0.26170408725738525,0.18789458274841309,0.27246734499931335,0.4788561761379242,0.34467798471450806,0.3906344771385193,0.23823212087154388,1024
LPIPS,Control,FASHION_RETRAIN_256,0.3970548212528229,0.430681973695755,0.6218644380569458,0.2813689708709717,0.5852871537208557,0.38122475147247314,0.368483304977417,0.5458250045776367,0.3776530623435974,0.1787842959165573,0.29307764768600464,0.3570099472999573,0.4752114415168762,0.5424820184707642,0.6106256246566772,0.5417760014533997,0.3628140687942505,0.4531620144844055,0.5410807132720947,0.4410172700881958,0.24868792295455933,0.1443348526954651,0.4171651601791382,0.31549105048179626,0.27870917320251465,0.6365521550178528,0.4392692446708679,0.42207056283950806,0.4289644956588745,0.515768826007843,0.2525245249271393,0.4142470955848694,0.4631994962692261,0.5776641964912415,0.34514036774635315,0.23549744486808777,0.4827154874801636,0.45884624123573303,0.6046234369277954,0.5782856941223145,0.42089855670928955,0.3831794857978821,0.3162219524383545,0.5758170485496521,0.3450627326965332,0.4951629638671875,0.2538221478462219,0.4687272310256958,0.4904595911502838,0.5483883619308472,0.4480098485946655,0.5031688809394836,0.5063533782958984,0.3478747606277466,0.3545893728733063,0.42423292994499207,0.5844112634658813,0.3540024757385254,0.44404739141464233,0.37430238723754883,0.5909838676452637,0.42205673456192017,0.5964952707290649,0.2964266836643219,0.34970876574516296,0.32303160429000854,0.24849478900432587,0.3374292850494385,0.5792450904846191,0.5169432163238525,0.5869455337524414,0.31188520789146423,0.35953980684280396,0.553749144077301,0.5476806163787842,0.536981999874115,0.5764973163604736,0.4210593104362488,0.47314921021461487,0.49328047037124634,0.3057091534137726,0.4053567051887512,0.6112288236618042,0.5569530129432678,0.5799239277839661,0.4179721176624298,0.37117999792099,0.4127592444419861,0.5709248781204224,0.42865169048309326,0.521576464176178,0.48174333572387695,0.32904520630836487,0.503114640712738,0.3421359360218048,0.23568010330200195,0.34643229842185974,0.4696758985519409,0.3269203305244446,0.4037623405456543,256
LPIPS,Control,FASHION_RETRAIN_1024,0.1869388371706009,0.3491012454032898,0.43184587359428406,0.23887333273887634,0.16480931639671326,0.10831446945667267,0.26996952295303345,0.5211013555526733,0.07995844632387161,0.06212213635444641,0.45970356464385986,0.31733497977256775,0.23056775331497192,0.4485492706298828,0.42731645703315735,0.03694767504930496,0.18740501999855042,0.4650867283344269,0.3909580707550049,0.5310745239257812,0.0999847948551178,0.050839878618717194,0.3926466107368469,0.3268721103668213,0.1343882977962494,0.46368408203125,0.1090637743473053,0.2747797966003418,0.20595592260360718,0.4104970693588257,0.27184516191482544,0.30818289518356323,0.47246915102005005,0.49515455961227417,0.2312740832567215,0.10818509757518768,0.17072802782058716,0.3533557653427124,0.5428440570831299,0.4935052990913391,0.3759728670120239,0.11431336402893066,0.2120111882686615,0.42888104915618896,0.21520432829856873,0.24215935170650482,0.20106804370880127,0.26850390434265137,0.343759149312973,0.48401686549186707,0.5004593133926392,0.528215765953064,0.265497088432312,0.1121506467461586,0.20318183302879333,0.24144922196865082,0.37827232480049133,0.2640020251274109,0.5519801378250122,0.4774068295955658,0.4770258069038391,0.22268924117088318,0.5228586196899414,0.2071429044008255,0.19082236289978027,0.3368806838989258,0.05296444520354271,0.20288467407226562,0.3926030397415161,0.16761648654937744,0.5966365337371826,0.44675296545028687,0.12819842994213104,0.35665130615234375,0.09897841513156891,0.46942585706710815,0.16997727751731873,0.25366687774658203,0.05705219507217407,0.2468726634979248,0.054430022835731506,0.3847053647041321,0.2734537422657013,0.5606260299682617,0.1429952085018158,0.34217458963394165,0.18506143987178802,0.3474070727825165,0.45006075501441956,0.21480022370815277,0.4791184365749359,0.12514923512935638,0.20239537954330444,0.5582634806632996,0.3068350851535797,0.1602027714252472,0.1370553970336914,0.4638616442680359,0.24253791570663452,0.3538596034049988,1024
LPIPS,Control,CELEBA_EPOCH_512,0.2930842638015747,0.3125941753387451,0.22112718224525452,0.3164180517196655,0.19423672556877136,0.3234585225582123,0.43758097290992737,0.37410467863082886,0.12120094150304794,0.35379141569137573,0.5051272511482239,0.2282712608575821,0.15895555913448334,0.3582128882408142,0.1532437801361084,0.2189180999994278,0.3573625683784485,0.3132109045982361,0.3898279368877411,0.1663002073764801,0.27002766728401184,0.14657938480377197,0.2313271015882492,0.19417765736579895,0.2230224907398224,0.18551188707351685,0.29383745789527893,0.2465665638446808,0.38118430972099304,0.4476592242717743,0.31519439816474915,0.35745519399642944,0.10052712261676788,0.28941774368286133,0.31078964471817017,0.34530478715896606,0.22253531217575073,0.376680850982666,0.24588386714458466,0.1592843383550644,0.38743042945861816,0.20420244336128235,0.26000553369522095,0.1951702982187271,0.39107227325439453,0.22184503078460693,0.18905681371688843,0.24929331243038177,0.30560147762298584,0.3081114888191223,0.18714569509029388,0.36485612392425537,0.18758445978164673,0.22105450928211212,0.2531038522720337,0.2769867777824402,0.37816423177719116,0.20215314626693726,0.36013028025627136,0.2429530769586563,0.11062594503164291,0.35550954937934875,0.19764739274978638,0.15850290656089783,0.24221137166023254,0.3478240966796875,0.11788459122180939,0.34147584438323975,0.2891140878200531,0.1926306039094925,0.30877721309661865,0.17623074352741241,0.3203102946281433,0.13165876269340515,0.2629737854003906,0.2698960602283478,0.2936028838157654,0.31840837001800537,0.12518131732940674,0.15046483278274536,0.339519202709198,0.27143269777297974,0.18985816836357117,0.1763865202665329,0.20299480855464935,0.39524683356285095,0.2539157569408417,0.3355390429496765,0.20154672861099243,0.25560539960861206,0.16496571898460388,0.22225996851921082,0.23299509286880493,0.15662111341953278,0.3159172534942627,0.09781377017498016,0.4031379818916321,0.20107416808605194,0.084922656416893,0.26118093729019165,10627
LPIPS,Control,CELEBA_EPOCH_8192,0.21206510066986084,0.13044291734695435,0.04433450847864151,0.12459180504083633,0.08741188049316406,0.28964224457740784,0.3854416012763977,0.08736730366945267,0.06943700462579727,0.3474087119102478,0.24506084620952606,0.3426879048347473,0.1269834190607071,0.12160424888134003,0.1316257268190384,0.06755021959543228,0.16902834177017212,0.07104793190956116,0.08712772279977798,0.07621776312589645,0.17064523696899414,0.06673672050237656,0.36035600304603577,0.05849359184503555,0.0406973734498024,0.18945415318012238,0.29373958706855774,0.03358972445130348,0.06416550278663635,0.1252557635307312,0.15800470113754272,0.3310076594352722,0.0352494902908802,0.12612012028694153,0.23447656631469727,0.20165061950683594,0.08759520202875137,0.19222307205200195,0.05430576205253601,0.29334548115730286,0.10086338967084885,0.09393133223056793,0.18270820379257202,0.18421629071235657,0.3248322606086731,0.07791094481945038,0.3188929557800293,0.19419603049755096,0.19893860816955566,0.06866910308599472,0.03198421001434326,0.17046459019184113,0.16380664706230164,0.14946971833705902,0.05567994713783264,0.17498958110809326,0.33933115005493164,0.06019643321633339,0.10220089554786682,0.09131604433059692,0.17304636538028717,0.0703175961971283,0.29747384786605835,0.13965977728366852,0.20204943418502808,0.2653198838233948,0.20408812165260315,0.0677059218287468,0.23960216343402863,0.2609732151031494,0.12015451490879059,0.10274283587932587,0.1798344850540161,0.18135733902454376,0.15265047550201416,0.16912129521369934,0.3571662902832031,0.1187535971403122,0.04222740978002548,0.09304410964250565,0.10505571961402893,0.17331278324127197,0.31683528423309326,0.22441285848617554,0.12025466561317444,0.3172900378704071,0.14665433764457703,0.24043068289756775,0.16082045435905457,0.2052202820777893,0.13910707831382751,0.23766183853149414,0.07220131903886795,0.0669674351811409,0.1400347799062729,0.043000731617212296,0.11492107808589935,0.060392603278160095,0.13452763855457306,0.16158892214298248,162770
DINOv2,Primary,MNIST_256,0.5517921447753906,0.3427863121032715,0.34842514991760254,0.2509782314300537,0.5574405193328857,0.46598923206329346,0.2867708206176758,0.4731893539428711,0.49245214462280273,0.18937599658966064,0.18648678064346313,0.17441946268081665,0.46603137254714966,0.33111780881881714,0.4961296319961548,0.2130315899848938,0.5968095660209656,0.28791940212249756,0.19767892360687256,0.305436372756958,0.270094633102417,0.21728968620300293,0.5372118949890137,0.20990395545959473,0.3454705476760864,0.21702080965042114,0.2752426862716675,0.3594486117362976,0.5527925491333008,0.4510608911514282,0.207045316696167,0.26202183961868286,0.29684901237487793,0.2506723403930664,0.30000829696655273,0.47132349014282227,0.5476428270339966,0.511487603187561,0.32028138637542725,0.231361985206604,0.3920243978500366,0.36319226026535034,0.18932873010635376,0.4753587245941162,0.1268739104270935,0.46292316913604736,0.20972931385040283,0.6168463230133057,0.14568638801574707,0.44330936670303345,0.19075381755828857,0.49577760696411133,0.6056307554244995,0.3564760684967041,0.27477097511291504,0.5356201529502869,0.33799487352371216,0.30994677543640137,0.22248077392578125,0.5469163060188293,0.21673792600631714,0.1705031394958496,0.26149964332580566,0.5426074862480164,0.4695902466773987,0.34256231784820557,0.16278064250946045,0.47343724966049194,0.33489060401916504,0.5077131390571594,0.49712473154067993,0.5531200170516968,0.5092758536338806,0.4037015438079834,0.38302457332611084,0.5484744310379028,0.4031527638435364,0.5971588492393494,0.4261986017227173,0.32576489448547363,0.23758399486541748,0.3137936592102051,0.3890964984893799,0.49495553970336914,0.3777693510055542,0.3466832637786865,0.3335806727409363,0.5036173462867737,0.08028119802474976,0.5688592195510864,0.46094971895217896,0.5671724677085876,0.3616729974746704,0.26779717206954956,0.22656917572021484,0.5563340187072754,0.5577539801597595,0.5207220315933228,0.46461182832717896,0.40364962816238403,256
DINOv2,Primary,MNIST_512,0.5432333946228027,0.3424544930458069,0.3425949811935425,0.24300456047058105,0.47140979766845703,0.15905463695526123,0.216424822807312,0.44671571254730225,0.40565764904022217,0.27599555253982544,0.15122032165527344,0.402925968170166,0.12763166427612305,0.5264356136322021,0.36781489849090576,0.1037413477897644,0.505434513092041,0.3377082347869873,0.21135246753692627,0.34158194065093994,0.1748005747795105,0.46665000915527344,0.5209649801254272,0.2006824016571045,0.27988505363464355,0.19330894947052002,0.2411004900932312,0.24400055408477783,0.18837058544158936,0.14444303512573242,0.35238116979599,0.30320537090301514,0.4207218885421753,0.14459526538848877,0.2189885377883911,0.423761785030365,0.47135013341903687,0.4206693172454834,0.4378281235694885,0.3140333890914917,0.28768908977508545,0.4165371060371399,0.10318446159362793,0.1612984538078308,0.2910466194152832,0.41113531589508057,0.23042410612106323,0.11554062366485596,0.2127666473388672,0.1657683253288269,0.15122473239898682,0.3509669303894043,0.32305848598480225,0.3758096694946289,0.13517260551452637,0.6027874946594238,0.18974590301513672,0.19679027795791626,0.19643688201904297,0.46769165992736816,0.233262836933136,0.16050851345062256,0.5271357297897339,0.6586138010025024,0.4346092939376831,0.23774081468582153,0.08185553550720215,0.4638791084289551,0.13640856742858887,0.22166597843170166,0.37366431951522827,0.4949275255203247,0.2764780521392822,0.19567644596099854,0.2714039087295532,0.49522197246551514,0.2815556526184082,0.26208025217056274,0.27284038066864014,0.1640031337738037,0.38368403911590576,0.14496654272079468,0.5910844802856445,0.44181692600250244,0.4238094687461853,0.3795546293258667,0.3329669237136841,0.4729040265083313,0.18137848377227783,0.09145939350128174,0.11225861310958862,0.3775554895401001,0.38917070627212524,0.2657691240310669,0.22090816497802734,0.4829963445663452,0.23818713426589966,0.17502760887145996,0.37192678451538086,0.3741663694381714,512
DINOv2,Primary,MNIST_1024,0.3504610061645508,0.2195259928703308,0.34319812059402466,0.15139222145080566,0.3999439477920532,0.16555476188659668,0.20915710926055908,0.43625950813293457,0.27189576625823975,0.2541927695274353,0.5007039308547974,0.15660756826400757,0.11407744884490967,0.4521026611328125,0.2597702741622925,0.4156641960144043,0.42879343032836914,0.17151784896850586,0.22878986597061157,0.20169436931610107,0.23733079433441162,0.4393733739852905,0.2911940813064575,0.4055081605911255,0.40453052520751953,0.36587995290756226,0.26310503482818604,0.28568363189697266,0.21069788932800293,0.12554150819778442,0.5363665819168091,0.47810882329940796,0.27671778202056885,0.09465444087982178,0.14317697286605835,0.20795118808746338,0.4738044738769531,0.39840805530548096,0.44571298360824585,0.47333192825317383,0.38179802894592285,0.5230948328971863,0.12505197525024414,0.3387960195541382,0.10627281665802002,0.5060529112815857,0.13321703672409058,0.6086235046386719,0.15497040748596191,0.11395049095153809,0.32401448488235474,0.46278631687164307,0.4988313317298889,0.2310340404510498,0.10808706283569336,0.3957619071006775,0.5026203393936157,0.09528940916061401,0.14643675088882446,0.4747089743614197,0.33000946044921875,0.3432588577270508,0.4796292781829834,0.620072603225708,0.17536485195159912,0.25734782218933105,0.0615079402923584,0.43945568799972534,0.12137675285339355,0.18891656398773193,0.16709089279174805,0.48137348890304565,0.24738645553588867,0.12133419513702393,0.46261048316955566,0.3244364261627197,0.2969660758972168,0.15387976169586182,0.3824115991592407,0.36085057258605957,0.356590211391449,0.22408980131149292,0.4580290913581848,0.41465097665786743,0.17760157585144043,0.23019790649414062,0.1689465045928955,0.32382291555404663,0.4100782871246338,0.3953073024749756,0.1541076898574829,0.5519651174545288,0.34318459033966064,0.19387567043304443,0.33646976947784424,0.6073485612869263,0.28006798028945923,0.47789180278778076,0.4130740165710449,0.4918726682662964,1024
DINOv2,Primary,MNIST_2048,0.29683399200439453,0.1491348147392273,0.4074838161468506,0.013075470924377441,0.28074103593826294,0.12490153312683105,0.08035385608673096,0.5157223343849182,0.09456026554107666,0.4715290665626526,0.41536688804626465,0.2282920479774475,0.14673733711242676,0.3566395044326782,0.2282090187072754,0.5262612104415894,0.09326648712158203,0.036145567893981934,0.03292274475097656,0.17936432361602783,0.04128682613372803,0.11281514167785645,0.5536002516746521,0.309195876121521,0.35474395751953125,0.08718955516815186,0.09217345714569092,0.3632463812828064,0.04860687255859375,0.05357718467712402,0.3514317274093628,0.16151916980743408,0.30207812786102295,0.1374768614768982,0.14285063743591309,0.10915970802307129,0.5062041878700256,0.0942835807800293,0.10617464780807495,0.38206160068511963,0.23874223232269287,0.16896909475326538,0.06996089220046997,0.34702610969543457,0.10274118185043335,0.45277267694473267,0.43259698152542114,0.44384765625,0.036796629428863525,0.09568959474563599,0.22610235214233398,0.19270837306976318,0.16731584072113037,0.21233737468719482,0.07048463821411133,0.42608606815338135,0.332566499710083,0.19466036558151245,0.20112073421478271,0.4800366759300232,0.3414422273635864,0.4336996078491211,0.40850943326950073,0.49619805812835693,0.3583502769470215,0.21846306324005127,0.054213881492614746,0.34198570251464844,0.04299724102020264,0.17124998569488525,0.19601988792419434,0.1038510799407959,0.12049752473831177,0.06555914878845215,0.29490071535110474,0.5085299015045166,0.18757528066635132,0.07991540431976318,0.4503214359283447,0.21729421615600586,0.05666399002075195,0.27258867025375366,0.13333725929260254,0.14612090587615967,0.05406200885772705,0.27906858921051025,0.46642959117889404,0.2838999629020691,0.41118693351745605,0.36397409439086914,0.07643276453018188,0.5035279989242554,0.285396933555603,0.0972137451171875,0.09855413436889648,0.4664722681045532,0.03672528266906738,0.09901010990142822,0.382118821144104,0.1982305645942688,2048
DINOv2,Primary,MNIST_4096,0.40967869758605957,0.23202639818191528,0.3923342227935791,0.011784911155700684,0.14454048871994019,0.11097073554992676,0.0233725905418396,0.3491663932800293,0.3027700185775757,0.49967873096466064,0.42712366580963135,0.2088983654975891,0.15615791082382202,0.285699725151062,0.2080928087234497,0.26575881242752075,0.27661144733428955,0.04287081956863403,0.0573236346244812,0.13329529762268066,0.054097115993499756,0.07220488786697388,0.456023633480072,0.27381354570388794,0.08709573745727539,0.11599349975585938,0.14013636112213135,0.24455022811889648,0.0889996886253357,0.29347139596939087,0.47717154026031494,0.35461437702178955,0.11752092838287354,0.10528194904327393,0.11651062965393066,0.3186831474304199,0.41275763511657715,0.05836033821105957,0.05016493797302246,0.33997130393981934,0.28789258003234863,0.1303316354751587,0.13904601335525513,0.28618526458740234,0.13984107971191406,0.3583940267562866,0.2485809326171875,0.3208736181259155,0.035883188247680664,0.09623116254806519,0.1817570924758911,0.30596083402633667,0.14674913883209229,0.16428744792938232,0.06362950801849365,0.32204878330230713,0.2209029197692871,0.18946164846420288,0.22168469429016113,0.13464689254760742,0.19835633039474487,0.35074758529663086,0.29836034774780273,0.49488699436187744,0.1809166669845581,0.3052164316177368,0.05069124698638916,0.37768417596817017,0.03747367858886719,0.034607887268066406,0.2843649387359619,0.13860321044921875,0.07568633556365967,0.053026795387268066,0.21047890186309814,0.3146132826805115,0.4109584093093872,0.08606886863708496,0.3414209485054016,0.22346001863479614,0.05684882402420044,0.14898347854614258,0.12975752353668213,0.23102569580078125,0.02637302875518799,0.261196494102478,0.19288629293441772,0.18734312057495117,0.2900954484939575,0.3249824047088623,0.10155975818634033,0.2832050919532776,0.26826393604278564,0.20760679244995117,0.1488128900527954,0.1560535430908203,0.073294997215271,0.19806420803070068,0.09517472982406616,0.0878523588180542,4096
DINOv2,Primary,MNIST_8192,0.3551374673843384,0.14963775873184204,0.3811793327331543,0.020395755767822266,0.21238988637924194,0.08701658248901367,0.02238643169403076,0.36143749952316284,0.33686363697052,0.4503940939903259,0.4546138048171997,0.25230956077575684,0.08097565174102783,0.2649722099304199,0.09874367713928223,0.35144680738449097,0.3213900923728943,0.15135490894317627,0.04280710220336914,0.20865488052368164,0.19887852668762207,0.03834664821624756,0.5183382034301758,0.23305964469909668,0.09280961751937866,0.09067469835281372,0.12863874435424805,0.25934189558029175,0.10402989387512207,0.32169109582901,0.33342206478118896,0.39093124866485596,0.11019551753997803,0.1097649335861206,0.09620541334152222,0.25646674633026123,0.5193827152252197,0.07115727663040161,0.03738117218017578,0.3971850872039795,0.2912285327911377,0.3295952081680298,0.11651372909545898,0.1959078311920166,0.1793597936630249,0.34390997886657715,0.4362946152687073,0.31722790002822876,0.03548312187194824,0.11745977401733398,0.1329120397567749,0.34626591205596924,0.13808763027191162,0.16351431608200073,0.06113433837890625,0.19564175605773926,0.24895179271697998,0.11847192049026489,0.2686504125595093,0.14070063829421997,0.2957339286804199,0.26139044761657715,0.3447943925857544,0.4423980712890625,0.24764299392700195,0.2880220413208008,0.043361783027648926,0.3573431968688965,0.018975555896759033,0.17662465572357178,0.362412691116333,0.05254340171813965,0.042666614055633545,0.11676943302154541,0.20483791828155518,0.274164080619812,0.44721025228500366,0.07141149044036865,0.3768494725227356,0.07126647233963013,0.05909806489944458,0.31311875581741333,0.0857081413269043,0.36181366443634033,0.020211100578308105,0.24979329109191895,0.17140769958496094,0.28306323289871216,0.3608860373497009,0.2828254699707031,0.05576276779174805,0.33792293071746826,0.16803598403930664,0.0689706802368164,0.07555544376373291,0.22769379615783691,0.04017156362533569,0.16355180740356445,0.1441338062286377,0.11661064624786377,8192
DINOv2,Primary,FASHION_256,0.6488794088363647,0.605890154838562,0.5470126867294312,0.6321008205413818,0.19526076316833496,0.16501379013061523,0.434428334236145,0.18539685010910034,0.5335032343864441,0.1082768440246582,0.3224046230316162,0.3167194724082947,0.15420877933502197,0.4983999729156494,0.568274736404419,0.23386508226394653,0.22812879085540771,0.6673458218574524,0.35456550121307373,0.5796448588371277,0.1586132049560547,0.5929476618766785,0.5091906785964966,0.4729023575782776,0.5191216468811035,0.30288076400756836,0.7130813598632812,0.5262765884399414,0.6126357316970825,0.2869126796722412,0.21016013622283936,0.5133117437362671,0.5761958360671997,0.607524573802948,0.2907792329788208,0.3003060817718506,0.5404700636863708,0.19434678554534912,0.30483996868133545,0.2890077829360962,0.6501166224479675,0.12443071603775024,0.4108175039291382,0.24895060062408447,0.16298913955688477,0.2543914318084717,0.41038715839385986,0.17537760734558105,0.13740777969360352,0.3791400194168091,0.39434361457824707,0.47846317291259766,0.4761727452278137,0.2771332263946533,0.24226194620132446,0.27220237255096436,0.696457028388977,0.1963719129562378,0.184115469455719,0.3750513792037964,0.3006146550178528,0.616012692451477,0.5143883228302002,0.6020158529281616,0.5939429998397827,0.6700245141983032,0.5796347260475159,0.6581134796142578,0.6225639581680298,0.5079031586647034,0.10687839984893799,0.609955906867981,0.6665228009223938,0.22367799282073975,0.23075896501541138,0.7393051385879517,0.5590175986289978,0.5888593196868896,0.5641567707061768,0.2168416976928711,0.5792143940925598,0.6430432200431824,0.6586915850639343,0.6107969880104065,0.5496280193328857,0.4054042100906372,0.48316270112991333,0.17435073852539062,0.2832229733467102,0.6074134111404419,0.632032573223114,0.06704676151275635,0.27373212575912476,0.261080265045166,0.5723719596862793,0.2593298554420471,0.5366440415382385,0.5422189235687256,0.28018903732299805,0.5717148780822754,256
DINOv2,Primary,FASHION_512,0.663486123085022,0.6295569539070129,0.5384868383407593,0.20356255769729614,0.15010833740234375,0.16685044765472412,0.4313337802886963,0.11375308036804199,0.28161120414733887,0.12764084339141846,0.39126360416412354,0.19283270835876465,0.09193134307861328,0.222730815410614,0.4559217691421509,0.4532661437988281,0.5414141416549683,0.744286060333252,0.10577565431594849,0.10971808433532715,0.13632744550704956,0.5780453681945801,0.41300129890441895,0.4553263187408447,0.5177222490310669,0.5464192628860474,0.6274399161338806,0.5712255239486694,0.6687090396881104,0.400058388710022,0.16779279708862305,0.21253979206085205,0.6435835361480713,0.09989917278289795,0.19383037090301514,0.5530272722244263,0.318597674369812,0.06402063369750977,0.3021578788757324,0.09321653842926025,0.7845731377601624,0.08159476518630981,0.06531471014022827,0.6016817688941956,0.22289729118347168,0.10122323036193848,0.238597571849823,0.39507579803466797,0.526475727558136,0.5325544476509094,0.4211891293525696,0.28130149841308594,0.6144031286239624,0.13860929012298584,0.10643374919891357,0.1846737265586853,0.5687275528907776,0.12895143032073975,0.09713196754455566,0.22673487663269043,0.21082472801208496,0.7537305951118469,0.43502724170684814,0.7193771004676819,0.6249951124191284,0.7132248878479004,0.5940939784049988,0.6056785583496094,0.6732504367828369,0.6048712134361267,0.10473191738128662,0.7109934091567993,0.7153275012969971,0.3406507968902588,0.5867764949798584,0.1479831337928772,0.6267905235290527,0.6570045351982117,0.6979515552520752,0.19254159927368164,0.6695471405982971,0.6048107147216797,0.7291082739830017,0.7758996486663818,0.5737797021865845,0.12729942798614502,0.5637489557266235,0.2387591004371643,0.19500553607940674,0.5545116662979126,0.60617995262146,0.030227839946746826,0.18188345432281494,0.6310842037200928,0.7304649353027344,0.10100603103637695,0.43024498224258423,0.5629462003707886,0.13427382707595825,0.6847562789916992,512
DINOv2,Primary,FASHION_1024,0.6487696766853333,0.7122358679771423,0.592985212802887,0.512370228767395,0.30039048194885254,0.2231283187866211,0.3705757260322571,0.08525204658508301,0.13800477981567383,0.1692214012145996,0.21996110677719116,0.1442253589630127,0.09140408039093018,0.23692911863327026,0.5867440700531006,0.22439026832580566,0.11634230613708496,0.762700080871582,0.6489817500114441,0.6741432547569275,0.07320177555084229,0.4569130539894104,0.48831748962402344,0.6188195943832397,0.4753296375274658,0.445237398147583,0.628119707107544,0.48448431491851807,0.5944505929946899,0.3136211633682251,0.14184987545013428,0.2399348020553589,0.43293774127960205,0.3168005347251892,0.16762757301330566,0.06020820140838623,0.28624212741851807,0.13560032844543457,0.22450435161590576,0.20892637968063354,0.5333859324455261,0.1480681300163269,0.026840269565582275,0.05855083465576172,0.04874551296234131,0.5802148580551147,0.36881935596466064,0.5354613065719604,0.07439231872558594,0.3429887890815735,0.4018876552581787,0.2515197992324829,0.5403496026992798,0.12553346157073975,0.10210871696472168,0.03174936771392822,0.26054805517196655,0.07977283000946045,0.0609661340713501,0.2457902431488037,0.5822898745536804,0.0875057578086853,0.4269214868545532,0.6259639263153076,0.6299582719802856,0.7066993713378906,0.5804426074028015,0.6014875173568726,0.702938437461853,0.22265654802322388,0.12048065662384033,0.4981532096862793,0.11870992183685303,0.07967948913574219,0.6577514410018921,0.020190000534057617,0.6727710962295532,0.4115314483642578,0.5807770490646362,0.2031846046447754,0.7749069929122925,0.41118788719177246,0.6692659854888916,0.6898671984672546,0.11675292253494263,0.12054824829101562,0.6473819017410278,0.041426897048950195,0.14724838733673096,0.6650563478469849,0.6494918465614319,0.5550937652587891,0.24368327856063843,0.3067437410354614,0.707718551158905,0.05417978763580322,0.3809623718261719,0.45922279357910156,0.08408975601196289,0.7174111008644104,1024
DINOv2,Primary,FASHION_2048,0.6380811333656311,0.7034825682640076,0.5642504692077637,0.03097248077392578,0.16512978076934814,0.23365652561187744,0.40017426013946533,0.045117735862731934,0.15989470481872559,0.6446306705474854,0.2547299861907959,0.04689061641693115,0.02830040454864502,0.13185614347457886,0.3250141143798828,0.0778428316116333,0.13483911752700806,0.6589620113372803,0.5892353057861328,0.5474963188171387,0.06869053840637207,0.5481425523757935,0.41298341751098633,0.24051916599273682,0.47713208198547363,0.26170647144317627,0.6120057106018066,0.6592894792556763,0.7491307258605957,0.42588168382644653,0.09786427021026611,0.4574817419052124,0.5528275966644287,0.0817422866821289,0.09440529346466064,0.4269794225692749,0.2130681872367859,0.20899879932403564,0.052251219749450684,0.168251633644104,0.5833194255828857,0.10743659734725952,0.02059173583984375,0.5194052457809448,0.30227571725845337,0.12100058794021606,0.4802529215812683,0.5970942974090576,0.052341341972351074,0.2477579116821289,0.45845139026641846,0.22217988967895508,0.4559856653213501,0.03377997875213623,0.04274928569793701,0.03351247310638428,0.7159860730171204,0.5630120038986206,0.336603581905365,0.3935246467590332,0.5507172346115112,0.7380139827728271,0.21221935749053955,0.7678248286247253,0.4690062999725342,0.5993936657905579,0.563437819480896,0.6775366067886353,0.763465940952301,0.28476619720458984,0.09349215030670166,0.6716518402099609,0.33229362964630127,0.1532306671142578,0.7256917953491211,0.056661128997802734,0.49501121044158936,0.4885285496711731,0.6808959245681763,0.019518136978149414,0.6543004512786865,0.4971892833709717,0.7995246648788452,0.6429833173751831,0.10197734832763672,0.08964991569519043,0.258219838142395,0.0463944673538208,0.13000017404556274,0.6510961055755615,0.02906334400177002,0.5099166631698608,0.2530841827392578,0.06548988819122314,0.6333937048912048,0.0936705470085144,0.3434467315673828,0.2564516067504883,0.05799323320388794,0.48335814476013184,2048
DINOv2,Primary,FASHION_4096,0.4489274024963379,0.8239908218383789,0.5365697145462036,0.12491858005523682,0.7058706283569336,0.24726474285125732,0.23030805587768555,0.04070019721984863,0.11432993412017822,0.6081051230430603,0.18457096815109253,0.21035587787628174,0.043820202350616455,0.6818060278892517,0.45808935165405273,0.36818212270736694,0.54340660572052,0.5792298316955566,0.5027415156364441,0.678730845451355,0.0802534818649292,0.7242574691772461,0.41234779357910156,0.4873642921447754,0.5175521373748779,0.6989198923110962,0.7040051221847534,0.6294176578521729,0.63189697265625,0.18613708019256592,0.05130720138549805,0.37967902421951294,0.4443327784538269,0.20670652389526367,0.17564868927001953,0.3203427791595459,0.16307437419891357,0.22088301181793213,0.07984650135040283,0.2889311909675598,0.27545034885406494,0.0405612587928772,0.024253666400909424,0.06311380863189697,0.033728599548339844,0.05178624391555786,0.5268076658248901,0.6007238626480103,0.06394201517105103,0.37511610984802246,0.5730031132698059,0.2902965545654297,0.5247370004653931,0.31847625970840454,0.02902144193649292,0.056023478507995605,0.35096102952957153,0.20993340015411377,0.2604150176048279,0.3884490728378296,0.6705092191696167,0.10287070274353027,0.21738135814666748,0.3411028981208801,0.6246951222419739,0.670499861240387,0.5576460361480713,0.552886962890625,0.7290171384811401,0.3972691297531128,0.1686464548110962,0.6403489708900452,0.48313695192337036,0.13235187530517578,0.49889200925827026,0.048787593841552734,0.5849397778511047,0.5513432025909424,0.5967037081718445,0.052111148834228516,0.6189768314361572,0.5403105616569519,0.4810054302215576,0.6747450232505798,0.5347126722335815,0.11908787488937378,0.21061331033706665,0.17966055870056152,0.4089885950088501,0.6220085620880127,0.5028170943260193,0.5171198844909668,0.47573065757751465,0.4791656732559204,0.6010701060295105,0.06743496656417847,0.8281614780426025,0.26356053352355957,0.05271029472351074,0.4658581018447876,4096
DINOv2,Primary,FASHION_8192,0.4734153151512146,0.7848157286643982,0.28915274143218994,0.13142657279968262,0.2062705159187317,0.5255807042121887,0.4474426507949829,0.03710120916366577,0.142192542552948,0.6263695359230042,0.1560441255569458,0.15434002876281738,0.06952822208404541,0.2538002133369446,0.3708144426345825,0.1012527346611023,0.3089187741279602,0.4623382091522217,0.4943750500679016,0.18567830324172974,0.07955765724182129,0.5330556035041809,0.4889174699783325,0.3101383447647095,0.49662071466445923,0.48444193601608276,0.6195049285888672,0.6712021827697754,0.1452140212059021,0.16181176900863647,0.07553660869598389,0.2899012565612793,0.3776334524154663,0.1945645809173584,0.10393494367599487,0.3017001152038574,0.19286656379699707,0.1281362771987915,0.23413896560668945,0.24099165201187134,0.5122054219245911,0.5631815195083618,0.01952040195465088,0.08257246017456055,0.4016338586807251,0.07697200775146484,0.3715720772743225,0.6133521795272827,0.05428159236907959,0.3450148105621338,0.48595571517944336,0.2507145404815674,0.19241654872894287,0.3009927272796631,0.06609749794006348,0.04327195882797241,0.43546199798583984,0.351337194442749,0.2294553518295288,0.3683493137359619,0.5331355333328247,0.6419733762741089,0.2697622776031494,0.4804636240005493,0.5818536281585693,0.7308980822563171,0.43352651596069336,0.5953750610351562,0.5756567120552063,0.3301801085472107,0.1467016339302063,0.6277327537536621,0.4408493638038635,0.07221227884292603,0.5608935356140137,0.0503154993057251,0.5811540484428406,0.5567353367805481,0.6140549182891846,0.02795964479446411,0.6560888886451721,0.45432209968566895,0.7090753316879272,0.6267023086547852,0.5839413404464722,0.11971879005432129,0.2792138457298279,0.15051758289337158,0.43966221809387207,0.5465116500854492,0.5269562005996704,0.3694837689399719,0.15201306343078613,0.5003455281257629,0.5937340259552002,0.05318808555603027,0.5576605796813965,0.08469873666763306,0.14070600271224976,0.5564014911651611,8192
DINOv2,Primary,CIFAR10_500,0.7660452127456665,0.9508176445960999,0.8740077614784241,0.9194986820220947,0.8783711791038513,0.8920956254005432,0.9535910487174988,0.9352716207504272,0.8914020657539368,0.9567909240722656,0.9598135948181152,0.9427555203437805,0.9296354055404663,0.9652488231658936,0.9151151180267334,0.9445826411247253,0.9440061450004578,0.8616183400154114,0.9269112348556519,0.9591926336288452,0.8771224021911621,0.9367901086807251,0.9668490290641785,0.8929916024208069,0.9591251611709595,0.9196200370788574,0.9403412342071533,1.036102533340454,0.8989662528038025,1.0096606016159058,0.8803820610046387,0.9403091669082642,0.9591320753097534,0.9891382455825806,0.9164239168167114,0.9320897459983826,0.9017586708068848,0.9137110710144043,0.9349845051765442,0.9601789712905884,0.9346227645874023,1.0107800960540771,0.819556474685669,0.9211279153823853,0.8923872709274292,0.9006454944610596,0.8335925340652466,0.9203606843948364,0.8900915384292603,0.9366217851638794,0.946384072303772,0.9411394000053406,0.8854948282241821,1.016038179397583,0.8731960654258728,0.8945090770721436,0.9551348686218262,1.0113000869750977,0.9058836698532104,0.9674803614616394,0.9909903407096863,0.9929888248443604,0.8944747447967529,0.9490845799446106,0.8189754486083984,0.9144368171691895,0.9084097146987915,0.9843953847885132,0.8913419842720032,0.9563762545585632,0.9411316514015198,1.0043799877166748,0.8096346259117126,0.9605578780174255,1.0146180391311646,0.9688673615455627,0.9747423529624939,0.936077356338501,0.9882528781890869,0.9878225326538086,0.9317275285720825,1.0149173736572266,0.9799579381942749,0.9289128184318542,0.9684926867485046,0.8151230812072754,0.96235591173172,0.8756283521652222,0.9631403684616089,0.9061030745506287,0.8667590022087097,0.9578143954277039,0.8452565670013428,0.9849313497543335,0.9471064209938049,0.9728134870529175,0.9592413902282715,0.8378567695617676,0.825169563293457,0.903591513633728,500
DINOv2,Primary,CIFAR10_50000,0.4382741451263428,0.3808044195175171,0.39434945583343506,0.3398096561431885,0.10445147752761841,0.5609761476516724,0.48105502128601074,0.4723794460296631,0.6705919504165649,0.2949117422103882,0.452431857585907,0.6339024305343628,0.28507518768310547,0.33365941047668457,0.21726298332214355,0.3193025588989258,0.6207249760627747,0.14305830001831055,0.39102834463119507,0.5156598091125488,0.46717846393585205,0.3089609146118164,0.7430216073989868,0.7519558668136597,0.6509608626365662,,,,,,,,,,,,,,,,,,,,,,,,,,,,,,,,,,,,,,,,,,,,,,,,,,,,,,,,,,,,,,,,,,,,,,,,,,,,50000
DINOv2,Primary,CIFAR100_500,0.819656252861023,0.9417197704315186,0.9633537530899048,0.9303650856018066,0.9131559133529663,0.9484580159187317,0.9811308979988098,0.8331730365753174,0.9705316424369812,0.9370330572128296,0.923143744468689,1.0358564853668213,0.9572397470474243,0.9856781959533691,0.9133870005607605,0.9067733883857727,0.8534924387931824,0.8938462138175964,0.9107147455215454,0.9423544406890869,0.925756573677063,0.8975133895874023,0.8144605755805969,0.9274404644966125,1.0269749164581299,0.9401623606681824,0.9348031878471375,0.9194796681404114,0.9602234363555908,0.9655755758285522,1.0753178596496582,0.9004166126251221,0.9988830089569092,0.9310146570205688,0.8511391282081604,0.9797420501708984,1.0062373876571655,0.9324103593826294,0.9169468283653259,0.9154056310653687,0.9475101232528687,0.9432023167610168,0.9223161935806274,0.9612029194831848,0.8658347129821777,0.9595335721969604,0.8729602694511414,0.9643651247024536,0.9484374523162842,1.0026381015777588,0.8846652507781982,0.9380534291267395,0.961055338382721,0.9767440557479858,0.9124661684036255,0.9597437381744385,0.5659868717193604,1.01055908203125,0.9585614204406738,0.9349551796913147,0.9749122262001038,0.9699312448501587,1.0048710107803345,0.9451229572296143,0.9802126288414001,0.995722234249115,0.9709611535072327,0.9587966203689575,0.9361745119094849,0.98088538646698,0.9093687534332275,0.9470913410186768,0.8368340730667114,0.9948815703392029,0.7997637987136841,0.7317172884941101,0.9841984510421753,0.9270420074462891,0.9058731198310852,0.9667130708694458,0.8846867084503174,0.9964281916618347,0.937898576259613,0.9330604672431946,0.9416882991790771,0.9553535580635071,0.8166396021842957,0.7381032109260559,0.9668315052986145,0.9402693510055542,0.9547411203384399,0.8726224899291992,0.8856520652770996,0.9928597211837769,0.9913734197616577,1.0352587699890137,0.9349149465560913,0.9506386518478394,1.0408799648284912,0.866912841796875,500
DINOv2,Primary,CIFAR100_50000,0.34480905532836914,0.3819919228553772,0.8779543042182922,0.8850626349449158,0.8610842227935791,0.49005842208862305,0.6991636753082275,0.46006691455841064,0.4835244417190552,0.3634141683578491,0.21475160121917725,0.5285379886627197,0.25574326515197754,0.5898594260215759,0.5718702077865601,0.4260236620903015,0.37288743257522583,0.18781918287277222,0.4349621534347534,0.4708520174026489,0.313610315322876,0.10160279273986816,0.7114858627319336,0.7891055345535278,0.29507291316986084,,,,,,,,,,,,,,,,,,,,,,,,,,,,,,,,,,,,,,,,,,,,,,,,,,,,,,,,,,,,,,,,,,,,,,,,,,,,50000
DINOv2,Primary,CELEBA_BA_32,0.45538365840911865,0.36189568042755127,0.501362144947052,0.3200094699859619,0.25813186168670654,0.7614389061927795,0.2889552116394043,0.663306474685669,0.4415562152862549,0.6545183658599854,0.33141064643859863,0.5210387706756592,0.6651849746704102,0.777980387210846,0.6780111193656921,0.5855255126953125,0.5355057716369629,0.5335532426834106,0.437521755695343,0.3369370698928833,0.5467764735221863,0.2507208585739136,0.6817477941513062,0.6430678367614746,0.5881632566452026,0.5754050016403198,0.5667580962181091,0.6367567181587219,0.5486536026000977,0.31379711627960205,0.44528645277023315,0.4674954414367676,0.6425409913063049,0.749746561050415,0.5578503012657166,0.3923104405403137,0.27281653881073,0.4892904758453369,0.5227953195571899,0.7094340324401855,0.7326138019561768,0.5131263136863708,0.47640085220336914,0.5198065042495728,0.6588091254234314,0.7375518083572388,0.4985523819923401,0.6550037264823914,0.5483834743499756,0.4709174633026123,0.5738104581832886,0.5628134608268738,0.4987468719482422,0.5434739589691162,0.5512803792953491,0.6784218549728394,0.5528565645217896,0.30804771184921265,0.6196079850196838,0.5425288677215576,0.7651455402374268,0.6601235270500183,0.5793523192405701,0.6173803806304932,0.5294516086578369,0.5097484588623047,0.6415075659751892,0.22131186723709106,0.2831234931945801,0.706015944480896,0.7037025094032288,0.5395210981369019,0.6558074951171875,0.39475739002227783,0.5501625537872314,0.6077350378036499,0.5131128430366516,0.6971666216850281,0.6031317710876465,0.7629811763763428,0.6624435186386108,0.7757359743118286,0.5170329213142395,0.4662715196609497,0.5547832250595093,0.6922529935836792,0.7245578169822693,0.3338274359703064,0.5490564703941345,0.6426182985305786,0.7435674667358398,0.7066306471824646,0.7784653902053833,0.6037031412124634,0.4279717206954956,0.6643779277801514,0.3643486499786377,0.5245046615600586,0.5028011202812195,0.4945650100708008,712
DINOv2,Primary,CELEBA_BA_512,0.32709598541259766,0.5101442933082581,0.6345200538635254,0.21338045597076416,0.3856242895126343,0.2394620180130005,0.38157153129577637,0.6942304372787476,0.6246031522750854,0.4859451651573181,0.24938875436782837,0.4136343002319336,0.5118237733840942,0.4946885108947754,0.3713141083717346,0.43624281883239746,0.1320512294769287,0.22881150245666504,0.4789154529571533,0.34114962816238403,0.18100988864898682,0.34706175327301025,0.6899064779281616,0.24070370197296143,0.45903074741363525,0.41100013256073,0.5355781316757202,0.22542941570281982,0.10965371131896973,0.23530250787734985,0.11866438388824463,0.37922561168670654,0.7074925899505615,0.326121985912323,0.25571900606155396,0.3641643524169922,0.13040494918823242,0.4017181396484375,0.2798095941543579,0.4223060607910156,0.7123777270317078,0.10626065731048584,0.22118604183197021,0.5149397850036621,0.31687355041503906,0.3557417392730713,0.21463966369628906,0.5876950025558472,0.3544800877571106,0.28140634298324585,0.35467028617858887,0.2790653109550476,0.31528759002685547,0.48821717500686646,0.4197937250137329,0.6072035431861877,0.3393768072128296,0.09095561504364014,0.17108583450317383,0.5627250075340271,0.34932100772857666,0.6135009527206421,0.37227410078048706,0.5324570536613464,0.28387004137039185,0.5138785243034363,0.2751912474632263,0.3728981018066406,0.4045182466506958,0.6767401695251465,0.6628043055534363,0.20785671472549438,0.15467429161071777,0.4239296317100525,0.15621989965438843,0.3934892416000366,0.33001261949539185,0.12557858228683472,0.14487171173095703,0.5627366304397583,0.4225245714187622,0.16971200704574585,0.5391991138458252,0.5209908485412598,0.27684372663497925,0.5307958126068115,0.37564170360565186,0.46107447147369385,0.6245694160461426,0.4944443106651306,0.43015897274017334,0.2203342318534851,0.6805754899978638,0.4409726858139038,0.6834567785263062,0.0978010892868042,0.20816099643707275,0.2839667797088623,0.3724784255027771,0.5571080446243286,10627
DINOv2,Primary,CELEBA_BA_8192,0.12302839756011963,0.12197160720825195,0.5266768932342529,0.24198198318481445,0.32994288206100464,0.16034764051437378,0.08493643999099731,0.515984296798706,0.41996192932128906,0.03670626878738403,0.12534314393997192,0.38723766803741455,0.23224741220474243,0.5283002853393555,0.07856208086013794,0.1539844274520874,0.23756980895996094,0.11970877647399902,0.11838734149932861,0.23007184267044067,0.13645702600479126,0.21247607469558716,0.07077080011367798,0.26993250846862793,0.24331045150756836,0.15407085418701172,0.5802618265151978,0.6971051096916199,0.31462401151657104,0.07419586181640625,0.01629883050918579,0.11481332778930664,0.46828311681747437,0.1264784336090088,0.2620723247528076,0.12176293134689331,0.3735835552215576,0.056770920753479004,0.10945677757263184,0.08025109767913818,0.10448932647705078,0.13250350952148438,0.08969283103942871,0.15202951431274414,0.48391014337539673,0.34651362895965576,0.17456579208374023,0.2738999128341675,0.14314806461334229,0.2694627642631531,0.46986955404281616,0.08542311191558838,0.04160493612289429,0.4976109266281128,0.5120325684547424,0.41805094480514526,0.21889424324035645,0.0289461612701416,0.028289318084716797,0.5105575323104858,0.35307055711746216,0.19799846410751343,0.2815481424331665,0.13646650314331055,0.051393747329711914,0.6410586833953857,0.36013340950012207,0.11176800727844238,0.1605657935142517,0.26929712295532227,0.21171289682388306,0.2901879549026489,0.02752852439880371,0.3906881809234619,0.06071162223815918,0.1518610715866089,0.2936735153198242,0.04894912242889404,0.42077624797821045,0.2699398398399353,0.2849113941192627,0.11867320537567139,0.23727917671203613,0.351388156414032,0.42059826850891113,0.5519663095474243,0.4410325288772583,0.31223994493484497,0.37021613121032715,0.103060781955719,0.23057955503463745,0.4660568833351135,0.47575825452804565,0.03577238321304321,0.5732110142707825,0.698621392250061,0.04800623655319214,0.4512145519256592,0.08599638938903809,0.1068422794342041,162770
DINOv2,Primary,CELEBA_SD_32,0.6008142232894897,0.7506194710731506,0.5403789281845093,0.7620186805725098,0.5101348161697388,0.6206453442573547,0.5024591684341431,0.6829946041107178,0.6597043871879578,0.8801931738853455,0.7418413758277893,0.6261769533157349,0.6848343014717102,0.7720145583152771,0.5697394013404846,0.7423819303512573,0.7568193078041077,0.5974525809288025,0.7769418954849243,0.5486241579055786,0.731506884098053,0.6700278520584106,0.7919528484344482,0.6372190713882446,0.6199886798858643,0.5687658786773682,0.596899151802063,0.7035243511199951,0.9041768312454224,0.4243319630622864,0.39821314811706543,0.6928924322128296,0.4306623935699463,0.6809759140014648,0.36040472984313965,0.8745019435882568,0.713599681854248,0.7818250060081482,0.47658050060272217,0.7424508333206177,0.5881235003471375,0.6312060356140137,0.7265686988830566,0.3889760375022888,0.6662269830703735,0.41991084814071655,0.5724118947982788,0.5666539072990417,0.6567137241363525,0.591860830783844,0.328513503074646,0.5068740844726562,0.7951636910438538,0.8163331151008606,0.6961447596549988,0.642020046710968,0.7459276914596558,0.5073877573013306,0.8795232772827148,0.753083348274231,0.46582287549972534,0.7125412225723267,0.5086660385131836,0.605425238609314,0.37621188163757324,0.5837610363960266,0.7476539015769958,0.5164159536361694,0.8134422302246094,0.7609236240386963,0.7633224725723267,0.7933093309402466,0.8020862340927124,0.646582305431366,0.5585126280784607,0.5478155612945557,0.6156715750694275,0.6413031816482544,0.6880967617034912,0.4899404048919678,0.676776111125946,0.7867432236671448,0.3908565640449524,0.6142839193344116,0.6664792895317078,0.7643082141876221,0.44860678911209106,0.7598047256469727,0.6289548873901367,0.6877462267875671,0.5286244750022888,0.6143325567245483,0.6228346824645996,0.46922361850738525,0.7750335335731506,0.6970001459121704,0.4873424172401428,0.583995521068573,0.7931104302406311,0.7789832353591919,712
DINOv2,Primary,CELEBA_SD_512,0.4820200204849243,0.2248324751853943,0.15050840377807617,0.6059317588806152,0.35891199111938477,0.6250503063201904,0.7712758779525757,0.6987053155899048,0.4226202368736267,0.6304647922515869,0.7262693047523499,0.2766578793525696,0.37130558490753174,0.7622992992401123,0.31588876247406006,0.552607536315918,0.6372988224029541,0.584653913974762,0.5871613025665283,0.6572450995445251,0.3733634948730469,0.32223302125930786,0.391582190990448,0.5079394578933716,0.4401017427444458,0.4684091806411743,0.7651052474975586,0.15719830989837646,0.4222688674926758,0.589309811592102,0.6416240930557251,0.6386013627052307,0.3529402017593384,0.5343665480613708,0.649858295917511,0.4829365611076355,0.5739887356758118,0.38293588161468506,0.5832905769348145,0.651430070400238,0.5097099542617798,0.3776569366455078,0.7011066675186157,0.5162700414657593,0.7220786809921265,0.2909895181655884,0.15519064664840698,0.5524099469184875,0.5338494777679443,0.6039063930511475,0.272297739982605,0.3601946234703064,0.28031957149505615,0.5174518823623657,0.5520121455192566,0.5246052742004395,0.5832839012145996,0.22473293542861938,0.5566169023513794,0.49152523279190063,0.40095579624176025,0.23616373538970947,0.6561951637268066,0.6198170185089111,0.3141210079193115,0.5005311965942383,0.38887476921081543,0.6788918375968933,0.5008310079574585,0.5343361496925354,0.38678622245788574,0.30712342262268066,0.4671976566314697,0.47039270401000977,0.47668397426605225,0.36900901794433594,0.30561578273773193,0.4636176824569702,0.4859768748283386,0.37227022647857666,0.6919428110122681,0.5652599334716797,0.39227408170700073,0.23350369930267334,0.5807298421859741,0.5940364003181458,0.4454606771469116,0.4399411082267761,0.43741118907928467,0.28149163722991943,0.6254992485046387,0.5860058069229126,0.36689841747283936,0.21058398485183716,0.5139385461807251,0.6067786812782288,0.7684704065322876,0.479270339012146,0.6886273622512817,0.5724794268608093,10627
DINOv2,Primary,CELEBA_SD_8192,0.31728899478912354,0.23082506656646729,0.07412827014923096,0.4380000829696655,0.1344531774520874,0.5789840221405029,0.6190232634544373,0.14402049779891968,0.01837337017059326,0.5723496079444885,0.2785266637802124,0.10930418968200684,0.4630320072174072,0.20369791984558105,0.13432800769805908,0.18283402919769287,0.23109692335128784,0.27242499589920044,0.23323935270309448,0.17661774158477783,0.09213113784790039,0.1070517897605896,0.6599085330963135,0.1538448929786682,0.1577439308166504,0.2884080410003662,0.3443756103515625,0.02887558937072754,0.10055196285247803,0.5458570122718811,0.4601350426673889,0.2797998785972595,0.03252816200256348,0.17041486501693726,0.5578444600105286,0.600157618522644,0.04226410388946533,0.4372321367263794,0.3132200241088867,0.4246419668197632,0.040889739990234375,0.47649049758911133,0.32752156257629395,0.2114514708518982,0.6274095177650452,0.08656430244445801,0.6486262083053589,0.29811227321624756,0.39903879165649414,0.05889248847961426,0.0283888578414917,0.10730832815170288,0.30308371782302856,0.5092573761940002,0.20871460437774658,0.13858884572982788,0.661996603012085,0.035491347312927246,0.14011520147323608,0.17790228128433228,0.1844121217727661,0.05892586708068848,0.6587178707122803,0.07612693309783936,0.3147081732749939,0.48765790462493896,0.4974525570869446,0.16720134019851685,0.5815979242324829,0.3161027431488037,0.2439326047897339,0.3220332860946655,0.23748552799224854,0.2570810914039612,0.3620433211326599,0.4757069945335388,0.5887348651885986,0.3851551413536072,0.11206239461898804,0.13226652145385742,0.12950509786605835,0.289554238319397,0.5858086347579956,0.3892096281051636,0.1120985746383667,0.6707471013069153,0.2469027042388916,0.515453040599823,0.3596500754356384,0.27876371145248413,0.4763075113296509,0.2486768364906311,0.04238927364349365,0.04427826404571533,0.15733057260513306,0.08628684282302856,0.41196298599243164,0.069785475730896,0.18574893474578857,0.4356113076210022,162770
DINOv2,Primary,METFACES,0.1889122724533081,0.32330799102783203,0.22710967063903809,0.21540361642837524,0.24394088983535767,0.2659437656402588,0.1934438943862915,0.2861176133155823,0.5999472141265869,0.42510414123535156,0.15717387199401855,0.2940559387207031,0.35597431659698486,0.3548855781555176,0.3935755491256714,0.4204660654067993,0.19372928142547607,0.4916667938232422,0.28582942485809326,0.34028661251068115,0.3197542428970337,0.18083655834197998,0.18931138515472412,0.3810157775878906,0.45658665895462036,0.131278395652771,0.14106059074401855,0.3411896228790283,0.250613808631897,0.5158008337020874,0.6980696320533752,0.8420706987380981,0.7895300388336182,0.4731326103210449,0.08489078283309937,0.105610191822052,0.35703766345977783,0.2564699053764343,0.7790957689285278,0.3454657793045044,0.16818398237228394,0.1500498652458191,0.28050994873046875,0.31579887866973877,0.3344798684120178,0.8543332815170288,0.13256263732910156,0.18289166688919067,0.7430649995803833,0.5225387215614319,0.2602331042289734,0.5154147744178772,0.1675235629081726,0.14422708749771118,0.31543898582458496,0.2810743451118469,0.2833831310272217,0.3216647505760193,0.18579578399658203,0.2642565965652466,0.37907975912094116,0.21986544132232666,0.41629558801651,0.3791954517364502,0.17324239015579224,0.4278613328933716,0.13346552848815918,0.1904618740081787,0.2247951626777649,0.4976304769515991,0.28856396675109863,0.2770962119102478,0.5504720211029053,0.2728504538536072,0.2567458152770996,0.23377370834350586,0.3151017427444458,0.041114211082458496,0.22984224557876587,0.7458534836769104,0.2422419786453247,0.20802819728851318,0.4255358576774597,0.37909209728240967,0.6380792856216431,0.41129136085510254,0.31638526916503906,0.28641170263290405,0.2738966941833496,0.5350573062896729,0.3468020558357239,0.1382770538330078,0.3932653069496155,0.35770952701568604,0.40335988998413086,0.7017220258712769,0.2995074987411499,0.24121248722076416,0.25676655769348145,0.20980238914489746,1336
DINOv2,Primary,ARTBENCH,0.09544819593429565,0.23451030254364014,0.2595888376235962,0.12039518356323242,0.050054311752319336,0.46579575538635254,0.43376290798187256,0.29069626331329346,0.2467435598373413,0.1516398787498474,0.18594229221343994,0.2912737727165222,0.19620436429977417,0.1713741421699524,0.39543676376342773,0.30969953536987305,0.2518277168273926,0.08020442724227905,0.16749608516693115,0.5316316485404968,0.10648924112319946,0.3506784439086914,0.19156980514526367,0.3976336717605591,0.052111685276031494,0.4319359064102173,0.20999163389205933,0.26660871505737305,0.24755311012268066,0.2514464855194092,0.2703644037246704,0.08423018455505371,0.20293402671813965,0.057498931884765625,0.09225142002105713,0.2644655704498291,0.19001877307891846,0.34755027294158936,0.2903088331222534,0.205510675907135,0.1815711259841919,0.4246700406074524,0.6817092895507812,0.6086103916168213,0.17846882343292236,0.11831104755401611,0.32338690757751465,0.1452121138572693,0.23593276739120483,0.10912925004959106,0.2524508833885193,0.25948357582092285,0.1660248041152954,0.21409571170806885,0.1672360897064209,0.25547003746032715,0.5065441131591797,0.2856093645095825,0.08327412605285645,0.26074880361557007,0.5796902179718018,0.13212370872497559,0.30695271492004395,0.2419053316116333,0.18410348892211914,0.12067490816116333,0.2501426935195923,0.39034974575042725,0.29478001594543457,0.3026908040046692,0.5737992525100708,0.20916211605072021,0.1319509744644165,0.401697039604187,0.49888497591018677,0.22686469554901123,0.31438302993774414,0.09646683931350708,0.39400458335876465,0.2431439757347107,0.3035701513290405,0.21843934059143066,0.27130430936813354,0.09538471698760986,0.3826946020126343,0.47287869453430176,0.11098772287368774,0.16947007179260254,0.3506278991699219,0.18390154838562012,0.7030898332595825,0.4104710817337036,0.6723203659057617,0.0905299186706543,0.3310832977294922,0.3516787886619568,0.16835010051727295,0.13667386770248413,0.3699093461036682,0.10361826419830322,50000
DINOv2,Control,MNIST_96_256,0.5707021355628967,0.5206231474876404,0.2891777753829956,0.5054612159729004,0.3608561158180237,0.43971067667007446,0.45291340351104736,0.32990914583206177,0.32589495182037354,0.31195640563964844,0.36562514305114746,0.6206235885620117,0.613924503326416,0.5984839200973511,0.46606016159057617,0.4994359016418457,0.20839643478393555,0.2718079090118408,0.20366817712783813,0.14865326881408691,0.4689127206802368,0.5527867674827576,0.2879370450973511,0.20886766910552979,0.218156635761261,0.3218119740486145,0.24338042736053467,0.4128127694129944,0.46839141845703125,0.47733354568481445,0.5363802313804626,0.3371918797492981,0.1214415431022644,0.5026667714118958,0.5982377529144287,0.2819101810455322,0.336467981338501,0.3765169382095337,0.5886893272399902,0.3247315287590027,0.41773104667663574,0.5399807691574097,0.5055774450302124,0.458118200302124,0.4482758045196533,0.3323752284049988,0.46473783254623413,0.4978123903274536,0.43411898612976074,0.2287815809249878,0.527113676071167,0.5949777364730835,0.5415574312210083,0.5323190093040466,0.5310447812080383,0.4458894729614258,0.5017485022544861,0.6049308180809021,0.3421321511268616,0.22453367710113525,0.3202335834503174,0.457277774810791,0.6179454922676086,0.3988434076309204,0.5097072124481201,0.46406787633895874,0.12630432844161987,0.3158988356590271,0.31438910961151123,0.2492910623550415,0.4075237512588501,0.6369538903236389,0.4032026529312134,0.45432162284851074,0.1436101198196411,0.3690503239631653,0.30165088176727295,0.3875694274902344,0.48754429817199707,0.45984190702438354,0.5832716226577759,0.26106834411621094,0.41690754890441895,0.5007129311561584,0.17123353481292725,0.4872117042541504,0.33743536472320557,0.6617931723594666,0.44476884603500366,0.46779370307922363,0.47036218643188477,0.5818307399749756,0.4948006272315979,0.5253105163574219,0.2576411962509155,0.4392322301864624,0.46229201555252075,0.23192811012268066,0.3519449234008789,0.26613569259643555,256
DINOv2,Control,MNIST_96_512,0.41596144437789917,0.33398890495300293,0.3129093647003174,0.23143810033798218,0.26667308807373047,0.5250298976898193,0.173711895942688,0.4489780068397522,0.38205933570861816,0.3904905319213867,0.3898472189903259,0.27099084854125977,0.2907494306564331,0.4823247194290161,0.3708462715148926,0.4270583391189575,0.22766143083572388,0.1995788812637329,0.12871265411376953,0.09825748205184937,0.3448271155357361,0.5619091987609863,0.35033804178237915,0.14556944370269775,0.19759750366210938,0.23733311891555786,0.24049407243728638,0.2886253595352173,0.10306030511856079,0.5695896744728088,0.2181074619293213,0.4517096281051636,0.13763082027435303,0.5057550668716431,0.5368178486824036,0.18744176626205444,0.30370664596557617,0.38800370693206787,0.4846564531326294,0.36588382720947266,0.45062291622161865,0.5229059457778931,0.4569774866104126,0.3774431347846985,0.41585397720336914,0.21070969104766846,0.12976157665252686,0.474629282951355,0.4526190161705017,0.14918172359466553,0.5235595703125,0.24984443187713623,0.4009472131729126,0.547758162021637,0.5527061223983765,0.3355882167816162,0.13497871160507202,0.14925158023834229,0.15053695440292358,0.18379151821136475,0.19558429718017578,0.14296793937683105,0.5445462465286255,0.31911802291870117,0.4996647238731384,0.6478657722473145,0.16606318950653076,0.38945209980010986,0.4023616313934326,0.2192540168762207,0.384601891040802,0.3864445686340332,0.498496413230896,0.1343780755996704,0.16755235195159912,0.295843243598938,0.3287205100059509,0.4354087710380554,0.12493515014648438,0.6641502976417542,0.5737267732620239,0.4286835193634033,0.4456048607826233,0.47380805015563965,0.454296350479126,0.08196324110031128,0.2468922734260559,0.5248904228210449,0.06521880626678467,0.13121527433395386,0.4216071367263794,0.5359458923339844,0.09611368179321289,0.44110000133514404,0.12358951568603516,0.4078918695449829,0.1381242275238037,0.3312551975250244,0.19812822341918945,0.297235369682312,512
DINOv2,Control,MNIST_96_1024,0.2031983733177185,0.06543505191802979,0.2665843963623047,0.5472971200942993,0.3397566080093384,0.17977452278137207,0.1882333755493164,0.34811246395111084,0.15845799446105957,0.31051790714263916,0.3651857376098633,0.22215616703033447,0.3735423684120178,0.31590771675109863,0.14366185665130615,0.2410280704498291,0.12320351600646973,0.45461350679397583,0.17567229270935059,0.17016077041625977,0.2474355697631836,0.06916320323944092,0.3869394063949585,0.07626259326934814,0.28125178813934326,0.15295392274856567,0.321236252784729,0.21188980340957642,0.12677055597305298,0.5626926422119141,0.43673014640808105,0.2900056838989258,0.11071884632110596,0.06674456596374512,0.18017679452896118,0.2619560956954956,0.12829375267028809,0.09586888551712036,0.3712206482887268,0.21656173467636108,0.39724355936050415,0.44067883491516113,0.48484867811203003,0.33252930641174316,0.34913086891174316,0.28482234477996826,0.4424739480018616,0.290041446685791,0.17003154754638672,0.30477017164230347,0.24713599681854248,0.17202353477478027,0.14536792039871216,0.536125659942627,0.5156593918800354,0.11624705791473389,0.15414094924926758,0.09063839912414551,0.1162794828414917,0.15061122179031372,0.5658254623413086,0.12959444522857666,0.2960658669471741,0.3391331434249878,0.26995980739593506,0.14040780067443848,0.24913573265075684,0.3164607286453247,0.45008552074432373,0.11417597532272339,0.12880933284759521,0.2855023145675659,0.2963980436325073,0.18311834335327148,0.10293436050415039,0.2599967122077942,0.4226951003074646,0.3665519952774048,0.14179468154907227,0.4964774250984192,0.6097180843353271,0.41383445262908936,0.4821658730506897,0.4674952030181885,0.45594799518585205,0.39724886417388916,0.3228719234466553,0.5973966121673584,0.24411225318908691,0.21515882015228271,0.16226083040237427,0.5440647006034851,0.09736871719360352,0.34777188301086426,0.053724050521850586,0.4179112911224365,0.11613011360168457,0.23133909702301025,0.08356386423110962,0.206041157245636,1024
DINOv2,Control,MNIST_96_2048,0.057902634143829346,0.016497135162353516,0.038288891315460205,0.1307295560836792,0.17456847429275513,0.06969046592712402,0.026429295539855957,0.18453705310821533,0.35210520029067993,0.08523917198181152,0.17482388019561768,0.11653196811676025,0.1542191505432129,0.30375468730926514,0.06583446264266968,0.14069724082946777,0.04888319969177246,0.4514155387878418,0.06423747539520264,0.07218390703201294,0.16860425472259521,0.04692107439041138,0.365919828414917,0.058831751346588135,0.24683701992034912,0.1750921607017517,0.381994366645813,0.2540780305862427,0.03444188833236694,0.3893677592277527,0.09460091590881348,0.21186059713363647,0.07212340831756592,0.03995877504348755,0.34732306003570557,0.04780232906341553,0.043063998222351074,0.15933990478515625,0.3693917989730835,0.19790303707122803,0.39834272861480713,0.37201619148254395,0.5350337028503418,0.49557042121887207,0.30454444885253906,0.3058565855026245,0.06331264972686768,0.27869194746017456,0.08556532859802246,0.13895869255065918,0.4690762758255005,0.06342893838882446,0.069671630859375,0.4677770733833313,0.4339026212692261,0.47509247064590454,0.2485431432723999,0.26987457275390625,0.15253323316574097,0.036549389362335205,0.34001004695892334,0.17664402723312378,0.09542262554168701,0.06433886289596558,0.16063356399536133,0.06191110610961914,0.1707322597503662,0.2689850926399231,0.1433556079864502,0.09221363067626953,0.028005123138427734,0.34239453077316284,0.08794844150543213,0.44321417808532715,0.052639007568359375,0.25751346349716187,0.2914101481437683,0.12121611833572388,0.05579274892807007,0.43804436922073364,0.37676024436950684,0.40396207571029663,0.5574033856391907,0.2550520896911621,0.40647733211517334,0.43673861026763916,0.17181044816970825,0.30149948596954346,0.05369657278060913,0.0859760046005249,0.02922379970550537,0.4478868842124939,0.08560764789581299,0.13070476055145264,0.1818333864212036,0.4230920076370239,0.05305439233779907,0.2463315725326538,0.09396713972091675,0.11633849143981934,2048
DINOv2,Control,MNIST_96_4096,0.021903514862060547,0.007400214672088623,0.30897289514541626,0.04640400409698486,0.28444337844848633,0.27044248580932617,0.01412200927734375,0.23291230201721191,0.06568872928619385,0.023604750633239746,0.2084496021270752,0.19123458862304688,0.23390918970108032,0.1823539137840271,0.015925049781799316,0.23997193574905396,0.09445154666900635,0.4116165041923523,0.05655825138092041,0.054920196533203125,0.14262819290161133,0.029221177101135254,0.32703447341918945,0.06789332628250122,0.009723365306854248,0.08283823728561401,0.11589854955673218,0.23561686277389526,0.0454789400100708,0.09888660907745361,0.14123570919036865,0.34204190969467163,0.011981010437011719,0.14914631843566895,0.10386943817138672,0.05960953235626221,0.051612257957458496,0.06301307678222656,0.13000011444091797,0.1778852939605713,0.19512617588043213,0.4211844205856323,0.2099599838256836,0.25521165132522583,0.17930275201797485,0.1295229196548462,0.10051888227462769,0.29967188835144043,0.1640913486480713,0.2556682825088501,0.36539226770401,0.05576372146606445,0.012218713760375977,0.298686146736145,0.38944339752197266,0.37420713901519775,0.19532102346420288,0.2581788897514343,0.08694231510162354,0.21074014902114868,0.3564772605895996,0.11803174018859863,0.2660483121871948,0.13884568214416504,0.3110058307647705,0.17656344175338745,0.20141291618347168,0.11502015590667725,0.1571468710899353,0.03763169050216675,0.12793660163879395,0.36615604162216187,0.21814614534378052,0.3142749071121216,0.04079645872116089,0.12522214651107788,0.36196231842041016,0.13241976499557495,0.00925147533416748,0.35287803411483765,0.40451788902282715,0.06809073686599731,0.20972776412963867,0.1339195966720581,0.1959097981452942,0.44443416595458984,0.05368828773498535,0.15753918886184692,0.19374442100524902,0.13229966163635254,0.24932467937469482,0.3387841582298279,0.10971462726593018,0.05409657955169678,0.17350327968597412,0.2543458938598633,0.016043484210968018,0.33759260177612305,0.15505743026733398,0.10684323310852051,4096
DINOv2,Control,MNIST_96_8192,0.028874516487121582,0.006780445575714111,0.05292308330535889,0.4895108938217163,0.17500871419906616,0.2257770299911499,0.011514604091644287,0.18442189693450928,0.07609224319458008,0.023841023445129395,0.2545515298843384,0.11621320247650146,0.24674487113952637,0.32670098543167114,0.16231751441955566,0.23383069038391113,0.03729844093322754,0.3039895296096802,0.05237084627151489,0.05390632152557373,0.16727906465530396,0.6240193843841553,0.2563823461532593,0.04646944999694824,0.21494418382644653,0.08204019069671631,0.1444258689880371,0.06665503978729248,0.017528057098388672,0.27695512771606445,0.14092391729354858,0.3389064073562622,0.012286663055419922,0.09104597568511963,0.12246966361999512,0.0665738582611084,0.09006309509277344,0.4030992388725281,0.14875447750091553,0.2824886441230774,0.1764184832572937,0.19175493717193604,0.4266541004180908,0.150138258934021,0.10938459634780884,0.19030004739761353,0.4838488698005676,0.24108219146728516,0.22515082359313965,0.08614170551300049,0.3683403730392456,0.08125448226928711,0.03601264953613281,0.34707552194595337,0.34758710861206055,0.17635393142700195,0.12815189361572266,0.3497490882873535,0.16384750604629517,0.10065329074859619,0.3596654534339905,0.05936664342880249,0.224456787109375,0.1255614161491394,0.1747443675994873,0.08069360256195068,0.17943459749221802,0.1064305305480957,0.027709603309631348,0.04254072904586792,0.11398494243621826,0.34599369764328003,0.1751648187637329,0.3402462601661682,0.01924574375152588,0.0678257942199707,0.307350754737854,0.06834590435028076,0.04491919279098511,0.39974087476730347,0.4487791061401367,0.5561743378639221,0.15127348899841309,0.1968616247177124,0.1368764042854309,0.3539966344833374,0.08951675891876221,0.19487494230270386,0.09273552894592285,0.10771816968917847,0.25907689332962036,0.43865102529525757,0.2703487277030945,0.05545926094055176,0.28274351358413696,0.20691841840744019,0.02933502197265625,0.30107295513153076,0.25578904151916504,0.018932461738586426,8192
DINOv2,Control,FASHION_96_256,0.6671046614646912,0.6781079173088074,0.27903687953948975,0.750098705291748,0.6003773212432861,0.3065755367279053,0.5635766386985779,0.2661743760108948,0.05874723196029663,0.5231558084487915,0.16478705406188965,0.700653076171875,0.41298359632492065,0.49126332998275757,0.16095668077468872,0.3807264566421509,0.26501572132110596,0.39456039667129517,0.32093679904937744,0.10207819938659668,0.6635978817939758,0.21696937084197998,0.11039316654205322,0.6476136445999146,0.534734845161438,0.6844099164009094,0.5774847865104675,0.6540080308914185,0.531494140625,0.47259873151779175,0.23134064674377441,0.5813982486724854,0.1740255355834961,0.43701815605163574,0.4179579019546509,0.5799871683120728,0.36839866638183594,0.28368550539016724,0.2055875062942505,0.6118509769439697,0.5271814465522766,0.39037466049194336,0.22555011510849,0.6175483465194702,0.5093129873275757,0.48594892024993896,0.2526359558105469,0.31090909242630005,0.49939537048339844,0.5367856025695801,0.6228432655334473,0.0897015929222107,0.24728870391845703,0.20387542247772217,0.5158321857452393,0.649406909942627,0.5833719968795776,0.5789731740951538,0.5548982620239258,0.28681445121765137,0.5232489109039307,0.5039379596710205,0.5170080661773682,0.5932863354682922,0.527838408946991,0.6210615634918213,0.4714621305465698,0.537768542766571,0.3398929238319397,0.43133509159088135,0.7042643427848816,0.7056177854537964,0.157123863697052,0.22563117742538452,0.5283415913581848,0.505698561668396,0.5738691091537476,0.5122964382171631,0.11197125911712646,0.10793304443359375,0.6891161203384399,0.5481657981872559,0.47324228286743164,0.6063933372497559,0.6176798343658447,0.3834405541419983,0.5770471692085266,0.6072218418121338,0.4886346459388733,0.13119518756866455,0.6669216752052307,0.3842619061470032,0.5274176001548767,0.6325017213821411,0.5214742422103882,0.6307309865951538,0.19329547882080078,0.08780169486999512,0.4783461093902588,0.5673189163208008,256
DINOv2,Control,FASHION_96_512,0.4893537163734436,0.6582241058349609,0.6157903671264648,0.7730918526649475,0.7044479250907898,0.30866003036499023,0.27721351385116577,0.11570703983306885,0.050934791564941406,0.5092893838882446,0.5502307415008545,0.6607391834259033,0.07929658889770508,0.3180152177810669,0.5891461372375488,0.1461593508720398,0.17087548971176147,0.691135585308075,0.2625284194946289,0.09389585256576538,0.6255708932876587,0.09863746166229248,0.11438554525375366,0.6536909341812134,0.619771420955658,0.6576615571975708,0.6636759638786316,0.707215428352356,0.6003684997558594,0.4649062752723694,0.4623826742172241,0.5922404527664185,0.2578069567680359,0.5361583828926086,0.2894497513771057,0.19033467769622803,0.4967878460884094,0.40205150842666626,0.21287310123443604,0.6578147411346436,0.5866227149963379,0.6485203504562378,0.2091594934463501,0.4767165780067444,0.31623172760009766,0.4547674059867859,0.1997564435005188,0.299488365650177,0.36403220891952515,0.6496185064315796,0.5844000577926636,0.07793056964874268,0.34678298234939575,0.2784062623977661,0.7863550782203674,0.7123508453369141,0.5735325217247009,0.551449179649353,0.6183937191963196,0.48228228092193604,0.6550781726837158,0.278925359249115,0.5472887754440308,0.4791114926338196,0.6044948101043701,0.4094419479370117,0.6269090175628662,0.6403752565383911,0.41124892234802246,0.5025467276573181,0.6945464611053467,0.7755987644195557,0.1122736930847168,0.13958168029785156,0.5681037902832031,0.712195634841919,0.40546882152557373,0.22498100996017456,0.06488668918609619,0.09906888008117676,0.683036208152771,0.581903874874115,0.36771100759506226,0.6827602982521057,0.5917619466781616,0.4138444662094116,0.46615999937057495,0.37328779697418213,0.5224977731704712,0.0882343053817749,0.5515547394752502,0.4352792501449585,0.6511093378067017,0.6680939197540283,0.22308087348937988,0.5232905745506287,0.26071518659591675,0.05861198902130127,0.6499394178390503,0.640034556388855,512
DINOv2,Control,FASHION_96_1024,0.39081162214279175,0.4728562831878662,0.11226195096969604,0.693240225315094,0.2637087106704712,0.4722904562950134,0.6812107563018799,0.03311806917190552,0.0505908727645874,0.3980426788330078,0.1444079875946045,0.3687552213668823,0.09616827964782715,0.37030237913131714,0.7057276368141174,0.04840230941772461,0.08643746376037598,0.12160462141036987,0.2418673038482666,0.06038862466812134,0.615909218788147,0.04599356651306152,0.6059849858283997,0.49347376823425293,0.6657443046569824,0.6545180082321167,0.20615947246551514,0.6482484936714172,0.5625876784324646,0.5870926380157471,0.5174152851104736,0.3981555104255676,0.06627064943313599,0.536566972732544,0.2224724292755127,0.6703106760978699,0.1079331636428833,0.36241865158081055,0.2582952380180359,0.6382420063018799,0.5053818821907043,0.3461618423461914,0.07499104738235474,0.38645535707473755,0.10887277126312256,0.5392715930938721,0.11271214485168457,0.2610410451889038,0.36288613080978394,0.5971308350563049,0.662584125995636,0.03975415229797363,0.1475660800933838,0.05898487567901611,0.5967060923576355,0.6171826124191284,0.7171887755393982,0.6720452308654785,0.6101661920547485,0.46707093715667725,0.6674275994300842,0.07859736680984497,0.21022295951843262,0.6355898976325989,0.6119862794876099,0.45418787002563477,0.5811231136322021,0.5228837132453918,0.2406904697418213,0.6074307560920715,0.5864111185073853,0.46192121505737305,0.038072824478149414,0.12531143426895142,0.4668605327606201,0.24909281730651855,0.41412556171417236,0.054346561431884766,0.03923320770263672,0.052983105182647705,0.42709672451019287,0.7166391611099243,0.6428853273391724,0.6973716020584106,0.4725746512413025,0.37579345703125,0.36285078525543213,0.2566983103752136,0.5047428607940674,0.03736245632171631,0.488295316696167,0.30859845876693726,0.5650360584259033,0.47410404682159424,0.05112636089324951,0.6403562426567078,0.1305176019668579,0.04192304611206055,0.4029703736305237,0.3293781280517578,1024
DINOv2,Control,FASHION_96_2048,0.41591930389404297,0.5516631603240967,0.19390356540679932,0.5260127782821655,0.22878748178482056,0.3036736845970154,0.5110604166984558,0.04408740997314453,0.03315627574920654,0.0495610237121582,0.16256189346313477,0.6524192690849304,0.03572964668273926,0.504091739654541,0.06546175479888916,0.0297166109085083,0.12873971462249756,0.12019532918930054,0.47046583890914917,0.0724635124206543,0.09732282161712646,0.029170572757720947,0.028696119785308838,0.4772709012031555,0.42231160402297974,0.5864711999893188,0.3883378505706787,0.6193550229072571,0.7040717601776123,0.4635133743286133,0.2623417377471924,0.17893022298812866,0.025683104991912842,0.49828648567199707,0.10516464710235596,0.596858561038971,0.04158830642700195,0.38351374864578247,0.2890571355819702,0.3937196135520935,0.5168519020080566,0.10770577192306519,0.18159997463226318,0.4572641849517822,0.007604002952575684,0.5806980133056641,0.14132261276245117,0.12813079357147217,0.18615394830703735,0.6804097294807434,0.6605035662651062,0.08549940586090088,0.19165730476379395,0.021652817726135254,0.6109055280685425,0.5618991851806641,0.6803669333457947,0.636614203453064,0.5417776107788086,0.434268593788147,0.09243524074554443,0.159315288066864,0.21452277898788452,0.44531404972076416,0.6169620752334595,0.5399277210235596,0.5230136513710022,0.6383653879165649,0.29026365280151367,0.4708581566810608,0.6184086203575134,0.20064020156860352,0.032138943672180176,0.22317570447921753,0.29060792922973633,0.6273167133331299,0.037567138671875,0.013352394104003906,0.06508290767669678,0.06738615036010742,0.30283188819885254,0.5922412276268005,0.3054623007774353,0.7394251227378845,0.46078598499298096,0.20104503631591797,0.33050185441970825,0.1462131142616272,0.11429834365844727,0.026629984378814697,0.6203457117080688,0.43001067638397217,0.5942708253860474,0.30638039112091064,0.691994845867157,0.17659294605255127,0.052002668380737305,0.06810206174850464,0.35500383377075195,0.19775140285491943,2048
DINOv2,Control,FASHION_96_4096,0.08822417259216309,0.5087413787841797,0.498096764087677,0.6033420562744141,0.14204096794128418,0.13316679000854492,0.42663753032684326,0.02336740493774414,0.03624296188354492,0.2213979959487915,0.23034000396728516,0.5748871564865112,0.07845640182495117,0.5605299472808838,0.6147558093070984,0.025940239429473877,0.24217331409454346,0.19010818004608154,0.23400568962097168,0.31433558464050293,0.4764672517776489,0.03270697593688965,0.131292462348938,0.03127771615982056,0.4605834484100342,0.5695396065711975,0.5539220571517944,0.5741604566574097,0.5130341649055481,0.3082698583602905,0.20247822999954224,0.16697216033935547,0.032723069190979004,0.46913576126098633,0.18761444091796875,0.5951105356216431,0.03635174036026001,0.39689064025878906,0.4993016719818115,0.28924787044525146,0.6233410239219666,0.19265568256378174,0.20503604412078857,0.47155916690826416,0.09390079975128174,0.7102447748184204,0.12748640775680542,0.12728452682495117,0.2902536392211914,0.6281724572181702,0.7042096853256226,0.04407858848571777,0.08851110935211182,0.1532609462738037,0.4842933416366577,0.5083880424499512,0.5195908546447754,0.5397980213165283,0.49041008949279785,0.3517085909843445,0.1104007363319397,0.10338163375854492,0.1479485034942627,0.4092017412185669,0.7013024687767029,0.48459720611572266,0.5530217289924622,0.6129921674728394,0.17158293724060059,0.6172054409980774,0.6219394207000732,0.6161451935768127,0.039917588233947754,0.15662157535552979,0.301741361618042,0.4282550811767578,0.02614009380340576,0.006093144416809082,0.07913577556610107,0.06181079149246216,0.4552478790283203,0.29469192028045654,0.19409918785095215,0.5581735372543335,0.4657871723175049,0.6086777448654175,0.3094533085823059,0.15247249603271484,0.2838057279586792,0.07845169305801392,0.533608615398407,0.20479804277420044,0.5776225924491882,0.08527672290802002,0.6348876357078552,0.3932657837867737,0.14457595348358154,0.11829304695129395,0.28170859813690186,0.1831374168395996,4096
DINOv2,Control,FASHION_96_8192,0.34056556224823,0.5077346563339233,0.5061172246932983,0.5470758676528931,0.22455132007598877,0.22263896465301514,0.36998450756073,0.06606292724609375,0.031740009784698486,0.21550726890563965,0.1740986704826355,0.6569039821624756,0.06781613826751709,0.6254587173461914,0.4578838348388672,0.0621185302734375,0.13680875301361084,0.2997366189956665,0.369257390499115,0.29672694206237793,0.6553087830543518,0.1704472303390503,0.11975336074829102,0.11501872539520264,0.4324226379394531,0.4763484597206116,0.565255343914032,0.5756500959396362,0.5421097874641418,0.2828878164291382,0.39211416244506836,0.2568873167037964,0.009970545768737793,0.701122522354126,0.11890649795532227,0.35809338092803955,0.03975200653076172,0.1201525330543518,0.48710548877716064,0.14593124389648438,0.7157638072967529,0.21324777603149414,0.20119500160217285,0.4859682321548462,0.010221123695373535,0.6239966154098511,0.08961641788482666,0.2390919327735901,0.3758777976036072,0.5832239985466003,0.6437214612960815,0.0470738410949707,0.13499367237091064,0.11197805404663086,0.4866938591003418,0.48863309621810913,0.48233264684677124,0.49465954303741455,0.4899870753288269,0.48707282543182373,0.5338894724845886,0.14978665113449097,0.20917129516601562,0.5044002532958984,0.6575577259063721,0.5328968167304993,0.5848262310028076,0.49870067834854126,0.12012755870819092,0.5670145750045776,0.1348477005958557,0.6193834543228149,0.04237174987792969,0.13720619678497314,0.1823139786720276,0.5264358520507812,0.04071485996246338,0.10077214241027832,0.12189292907714844,0.05458629131317139,0.40273112058639526,0.35680675506591797,0.43514466285705566,0.5953110456466675,0.4634960889816284,0.6518380641937256,0.4265565872192383,0.22183823585510254,0.2852024435997009,0.04185539484024048,0.5779328346252441,0.36587250232696533,0.5791903734207153,0.09295356273651123,0.550360918045044,0.42297089099884033,0.04499232769012451,0.05445808172225952,0.2046133279800415,0.4400148391723633,8192
DINOv2,Control,MNIST_CLASS_256,0.6119318604469299,0.16118943691253662,0.10965639352798462,0.4475683569908142,0.3230541944503784,0.4169113039970398,0.6712930202484131,0.35686981678009033,0.6647945642471313,0.4081677198410034,0.4848105311393738,0.20835351943969727,0.2045222520828247,0.46960532665252686,0.39254212379455566,0.3551531434059143,0.2730778455734253,0.6061732769012451,0.651117205619812,0.26403093338012695,0.49099093675613403,0.34125030040740967,0.13021880388259888,0.40192341804504395,0.26047343015670776,0.3379770517349243,0.1373879313468933,0.4753662347793579,0.6489513516426086,0.449124276638031,0.36043184995651245,0.3324826955795288,0.12834668159484863,0.3514106273651123,0.3622087240219116,0.6214369535446167,0.4250648021697998,0.4589320421218872,0.5344141721725464,0.18081754446029663,0.35640060901641846,0.2099459171295166,0.19996345043182373,0.4337674379348755,0.44346243143081665,0.586639404296875,0.1417190432548523,0.38274919986724854,0.6434019804000854,0.5247856378555298,0.5657637715339661,0.21960026025772095,0.2886539101600647,0.33050668239593506,0.3249451518058777,0.48191845417022705,0.18014121055603027,0.33534491062164307,0.6620355844497681,0.4407385587692261,0.2811051607131958,0.07176387310028076,0.13108402490615845,0.4262462854385376,0.3546642065048218,0.28319305181503296,0.18047064542770386,0.18956124782562256,0.6242101788520813,0.22473740577697754,0.38680386543273926,0.17998427152633667,0.13406050205230713,0.38473862409591675,0.329207181930542,0.527930498123169,0.3109637498855591,0.33857572078704834,0.3573654890060425,0.3125051259994507,0.4992333650588989,0.1257096529006958,0.24967503547668457,0.48869454860687256,0.3338443636894226,0.46086519956588745,0.4001636505126953,0.29505300521850586,0.6829379796981812,0.4549165368080139,0.354453444480896,0.12453782558441162,0.3614174723625183,0.32409942150115967,0.1746053695678711,0.34107619524002075,0.2966705560684204,0.21403813362121582,0.5255885124206543,0.3708012104034424,256
DINOv2,Control,MNIST_CLASS_512,0.30761605501174927,0.13613122701644897,0.14932286739349365,0.5267208814620972,0.14143383502960205,0.5178637504577637,0.5005138516426086,0.4911978244781494,0.296085000038147,0.26961857080459595,0.2459227442741394,0.15177452564239502,0.04058563709259033,0.5739515423774719,0.1905043125152588,0.5177818536758423,0.2616468667984009,0.4488706588745117,0.43082839250564575,0.4499291181564331,0.1912604570388794,0.3538990616798401,0.28747594356536865,0.30350005626678467,0.1937617063522339,0.47402310371398926,0.1039496660232544,0.33624958992004395,0.7064346075057983,0.41710007190704346,0.14942920207977295,0.09300041198730469,0.09965741634368896,0.6079482436180115,0.1366448998451233,0.5360593795776367,0.5588070154190063,0.32903480529785156,0.3194136619567871,0.1996363401412964,0.13862156867980957,0.07818663120269775,0.3514930009841919,0.4267033338546753,0.2453218698501587,0.6242271661758423,0.1376194953918457,0.29276418685913086,0.7342104911804199,0.29451751708984375,0.18420463800430298,0.19932156801223755,0.07509076595306396,0.5134170055389404,0.1782909631729126,0.5756411552429199,0.6070938110351562,0.5760560035705566,0.6225371360778809,0.1403564214706421,0.14457786083221436,0.04248988628387451,0.10634487867355347,0.33018791675567627,0.20404505729675293,0.42052483558654785,0.14718115329742432,0.17774581909179688,0.6881378889083862,0.10119611024856567,0.36788105964660645,0.21968817710876465,0.08566081523895264,0.41916704177856445,0.24611937999725342,0.3598191738128662,0.2614250183105469,0.3109164237976074,0.5285265445709229,0.26806640625,0.2122257947921753,0.08088427782058716,0.06571626663208008,0.44049298763275146,0.22747522592544556,0.5083723664283752,0.18070286512374878,0.3942786455154419,0.539940595626831,0.09069228172302246,0.3738785982131958,0.015523016452789307,0.35465604066848755,0.4812740087509155,0.052034735679626465,0.23218637704849243,0.16921919584274292,0.27809953689575195,0.7263088226318359,0.10465621948242188,512
DINOv2,Control,MNIST_CLASS_1024,0.1423732042312622,0.018367528915405273,0.14723855257034302,0.13568270206451416,0.091086745262146,0.35882967710494995,0.22829312086105347,0.4272116422653198,0.2682548761367798,0.0715644359588623,0.27482903003692627,0.11741077899932861,0.04826498031616211,0.5331932902336121,0.1782800555229187,0.22342723608016968,0.09697604179382324,0.2109915018081665,0.4564325213432312,0.14619982242584229,0.046408891677856445,0.17252790927886963,0.03824812173843384,0.3393927812576294,0.14058971405029297,0.49792516231536865,0.11440473794937134,0.15793824195861816,0.5618036985397339,0.11426138877868652,0.15706110000610352,0.05132579803466797,0.2865535616874695,0.44441354274749756,0.22565114498138428,0.5273945927619934,0.4728285074234009,0.19188910722732544,0.4544132947921753,0.16733908653259277,0.04913455247879028,0.026231229305267334,0.03909790515899658,0.5268673896789551,0.18953734636306763,0.5611770153045654,0.19840377569198608,0.3046457767486572,0.6200538277626038,0.32175880670547485,0.2606521248817444,0.12130284309387207,0.03521484136581421,0.18810588121414185,0.19821381568908691,0.3302663564682007,0.041388750076293945,0.42878448963165283,0.5656352043151855,0.1189759373664856,0.04186415672302246,0.020874977111816406,0.04599350690841675,0.3978392481803894,0.04890179634094238,0.1719762086868286,0.11696654558181763,0.19295012950897217,0.6249294281005859,0.04552429914474487,0.29041588306427,0.05831801891326904,0.025350332260131836,0.3408641815185547,0.097281813621521,0.5442293882369995,0.08348703384399414,0.1331322193145752,0.40862220525741577,0.16694575548171997,0.6709815859794617,0.06158137321472168,0.04946601390838623,0.07707905769348145,0.03724658489227295,0.40503180027008057,0.2383241057395935,0.07322454452514648,0.414542019367218,0.0652347207069397,0.21230685710906982,0.03196609020233154,0.05284088850021362,0.5107451677322388,0.06673616170883179,0.22971999645233154,0.47851359844207764,0.147100567817688,0.6811786890029907,0.05193531513214111,1024
DINOv2,Control,MNIST_CLASS_2048,0.0885934829711914,0.024448692798614502,0.23608720302581787,0.05496096611022949,0.052535057067871094,0.3560192584991455,0.30982524156570435,0.1904841661453247,0.14064794778823853,0.46529924869537354,0.22847020626068115,0.054039597511291504,0.044208407402038574,0.4036436676979065,0.03907114267349243,0.21143019199371338,0.0720529556274414,0.2754720449447632,0.1807217001914978,0.1262449026107788,0.02598518133163452,0.0371699333190918,0.06133866310119629,0.21896207332611084,0.03920912742614746,0.27242738008499146,0.27506202459335327,0.07864302396774292,0.6172728538513184,0.12271785736083984,0.0354456901550293,0.06640851497650146,0.11546242237091064,0.454933762550354,0.13093173503875732,0.5145812034606934,0.5050711631774902,0.288455605506897,0.22242283821105957,0.07198762893676758,0.018968939781188965,0.04156416654586792,0.02274489402770996,0.43569642305374146,0.07578051090240479,0.39132457971572876,0.07020407915115356,0.20910751819610596,0.5526458621025085,0.6431740522384644,0.17460447549819946,0.03918391466140747,0.029837727546691895,0.08744049072265625,0.031700968742370605,0.23828434944152832,0.02453923225402832,0.37281864881515503,0.5897361040115356,0.11391341686248779,0.04324662685394287,0.012141644954681396,0.028383731842041016,0.16502046585083008,0.029969751834869385,0.5823450088500977,0.04412245750427246,0.0850529670715332,0.5987631678581238,0.0355381965637207,0.0834660530090332,0.043048739433288574,0.017001986503601074,0.5394738912582397,0.09824174642562866,0.3900796175003052,0.04441255331039429,0.13927221298217773,0.4596472978591919,0.06578004360198975,0.1811215877532959,0.03284430503845215,0.06932985782623291,0.05062776803970337,0.17341935634613037,0.27243560552597046,0.18797093629837036,0.14370590448379517,0.19329142570495605,0.06977224349975586,0.07303625345230103,0.05103188753128052,0.08924031257629395,0.3715711236000061,0.05088263750076294,0.6012202501296997,0.22485315799713135,0.07434868812561035,0.5285128355026245,0.04973477125167847,2048
DINOv2,Control,MNIST_CLASS_4096,0.08849602937698364,0.053098320960998535,0.18893718719482422,0.06975460052490234,0.07435667514801025,0.271218478679657,0.5052293539047241,0.4989107847213745,0.085490882396698,0.4902609586715698,0.1840224266052246,0.05297374725341797,0.1942598819732666,0.26096153259277344,0.022149085998535156,0.09920370578765869,0.18552899360656738,0.2718297839164734,0.12249302864074707,0.1418600082397461,0.07828134298324585,0.02618110179901123,0.05232131481170654,0.13328254222869873,0.03844040632247925,0.2382851243019104,0.24252235889434814,0.21033120155334473,0.48222917318344116,0.3281228542327881,0.019405484199523926,0.10045737028121948,0.09245097637176514,0.4814702272415161,0.14444297552108765,0.48945939540863037,0.20673024654388428,0.19808834791183472,0.5608935356140137,0.0635831356048584,0.15304124355316162,0.12285429239273071,0.024427592754364014,0.4973411560058594,0.1257268190383911,0.31329500675201416,0.07319808006286621,0.0765453577041626,0.4368680715560913,0.6232507824897766,0.3545743227005005,0.12284880876541138,0.054421424865722656,0.10289371013641357,0.040637969970703125,0.3054842948913574,0.03170531988143921,0.3386644124984741,0.534896731376648,0.09116053581237793,0.13274013996124268,0.027833104133605957,0.032853543758392334,0.07325845956802368,0.047919392585754395,0.5370628833770752,0.018753468990325928,0.10929429531097412,0.6543972492218018,0.09406030178070068,0.30963265895843506,0.03300511837005615,0.019110679626464844,0.5125075578689575,0.20226871967315674,0.38100314140319824,0.17065215110778809,0.07490235567092896,0.2947145104408264,0.10638481378555298,0.32386314868927,0.06707525253295898,0.2494000792503357,0.05615401268005371,0.06522393226623535,0.17848050594329834,0.09463399648666382,0.12168049812316895,0.08766031265258789,0.5027469992637634,0.06149697303771973,0.015614151954650879,0.10507512092590332,0.412164568901062,0.05008012056350708,0.6747974753379822,0.34884750843048096,0.03967130184173584,0.577758252620697,0.10115706920623779,4096
DINOv2,Control,MNIST_CLASS_8192,0.07174646854400635,0.055205345153808594,0.17471349239349365,0.07173740863800049,0.04780173301696777,0.16784632205963135,0.5512628555297852,0.43919670581817627,0.11031639575958252,0.44062232971191406,0.16503071784973145,0.0660698413848877,0.07244187593460083,0.41107773780822754,0.01780766248703003,0.10065531730651855,0.2536654472351074,0.32041603326797485,0.15120792388916016,0.2574019432067871,0.16210472583770752,0.018561840057373047,0.022738754749298096,0.10446667671203613,0.02054661512374878,0.27979326248168945,0.4484262466430664,0.03144127130508423,0.41575366258621216,0.437801718711853,0.014372587203979492,0.08410775661468506,0.10860073566436768,0.5025048851966858,0.060708045959472656,0.5130755305290222,0.17597711086273193,0.2014864683151245,0.33547282218933105,0.22176802158355713,0.20774102210998535,0.18956667184829712,0.013662338256835938,0.45926719903945923,0.21875178813934326,0.2132156491279602,0.024932503700256348,0.07862281799316406,0.4920337200164795,0.42850494384765625,0.20126670598983765,0.08770692348480225,0.051348984241485596,0.058698415756225586,0.05418133735656738,0.3328050971031189,0.02102792263031006,0.24931061267852783,0.42728668451309204,0.1772470474243164,0.09648764133453369,0.01867145299911499,0.027794361114501953,0.08147543668746948,0.06965494155883789,0.6210898160934448,0.07417261600494385,0.12416714429855347,0.1626916527748108,0.11797499656677246,0.2025318145751953,0.0327526330947876,0.0169527530670166,0.4088703393936157,0.21221041679382324,0.3311645984649658,0.048165738582611084,0.06310009956359863,0.5340286493301392,0.1811683177947998,0.3080710172653198,0.07079845666885376,0.19195592403411865,0.06660479307174683,0.13285696506500244,0.14907264709472656,0.1704620122909546,0.16456592082977295,0.1349639892578125,0.5479464530944824,0.051464200019836426,0.0131303071975708,0.13382184505462646,0.43172842264175415,0.029570579528808594,0.5453341007232666,0.3345568776130676,0.06212508678436279,0.665501594543457,0.04867351055145264,8192
DINOv2,Control,FASHION_CLASS_256,0.6119318604469299,0.16118943691253662,0.10965639352798462,0.4475683569908142,0.3230541944503784,0.4169113039970398,0.6712930202484131,0.35686981678009033,0.6647945642471313,0.4081677198410034,0.4848105311393738,0.20835351943969727,0.2045222520828247,0.46960532665252686,0.39254212379455566,0.3551531434059143,0.2730778455734253,0.6061732769012451,0.651117205619812,0.26403093338012695,0.49099093675613403,0.34125030040740967,0.13021880388259888,0.40192341804504395,0.26047343015670776,0.3379770517349243,0.1373879313468933,0.4753662347793579,0.6489513516426086,0.449124276638031,0.36043184995651245,0.3324826955795288,0.12834668159484863,0.3514106273651123,0.3622087240219116,0.6214369535446167,0.4250648021697998,0.4589320421218872,0.5344141721725464,0.18081754446029663,0.35640060901641846,0.2099459171295166,0.19996345043182373,0.4337674379348755,0.44346243143081665,0.586639404296875,0.1417190432548523,0.38274919986724854,0.6434019804000854,0.5247856378555298,0.5657637715339661,0.21960026025772095,0.2886539101600647,0.33050668239593506,0.3249451518058777,0.48191845417022705,0.18014121055603027,0.33534491062164307,0.6620355844497681,0.4407385587692261,0.2811051607131958,0.07176387310028076,0.13108402490615845,0.4262462854385376,0.3546642065048218,0.28319305181503296,0.18047064542770386,0.18956124782562256,0.6242101788520813,0.22473740577697754,0.38680386543273926,0.17998427152633667,0.13406050205230713,0.38473862409591675,0.329207181930542,0.527930498123169,0.3109637498855591,0.33857572078704834,0.3573654890060425,0.3125051259994507,0.4992333650588989,0.1257096529006958,0.24967503547668457,0.48869454860687256,0.3338443636894226,0.46086519956588745,0.4001636505126953,0.29505300521850586,0.6829379796981812,0.4549165368080139,0.354453444480896,0.12453782558441162,0.3614174723625183,0.32409942150115967,0.1746053695678711,0.34107619524002075,0.2966705560684204,0.21403813362121582,0.5255885124206543,0.3708012104034424,256
DINOv2,Control,FASHION_CLASS_512,0.30761605501174927,0.13613122701644897,0.14932286739349365,0.5267208814620972,0.14143383502960205,0.5178637504577637,0.5005138516426086,0.4911978244781494,0.296085000038147,0.26961857080459595,0.2459227442741394,0.15177452564239502,0.04058563709259033,0.5739515423774719,0.1905043125152588,0.5177818536758423,0.2616468667984009,0.4488706588745117,0.43082839250564575,0.4499291181564331,0.1912604570388794,0.3538990616798401,0.28747594356536865,0.30350005626678467,0.1937617063522339,0.47402310371398926,0.1039496660232544,0.33624958992004395,0.7064346075057983,0.41710007190704346,0.14942920207977295,0.09300041198730469,0.09965741634368896,0.6079482436180115,0.1366448998451233,0.5360593795776367,0.5588070154190063,0.32903480529785156,0.3194136619567871,0.1996363401412964,0.13862156867980957,0.07818663120269775,0.3514930009841919,0.4267033338546753,0.2453218698501587,0.6242271661758423,0.1376194953918457,0.29276418685913086,0.7342104911804199,0.29451751708984375,0.18420463800430298,0.19932156801223755,0.07509076595306396,0.5134170055389404,0.1782909631729126,0.5756411552429199,0.6070938110351562,0.5760560035705566,0.6225371360778809,0.1403564214706421,0.14457786083221436,0.04248988628387451,0.10634487867355347,0.33018791675567627,0.20404505729675293,0.42052483558654785,0.14718115329742432,0.17774581909179688,0.6881378889083862,0.10119611024856567,0.36788105964660645,0.21968817710876465,0.08566081523895264,0.41916704177856445,0.24611937999725342,0.3598191738128662,0.2614250183105469,0.3109164237976074,0.5285265445709229,0.26806640625,0.2122257947921753,0.08088427782058716,0.06571626663208008,0.44049298763275146,0.22747522592544556,0.5083723664283752,0.18070286512374878,0.3942786455154419,0.539940595626831,0.09069228172302246,0.3738785982131958,0.015523016452789307,0.35465604066848755,0.4812740087509155,0.052034735679626465,0.23218637704849243,0.16921919584274292,0.27809953689575195,0.7263088226318359,0.10465621948242188,512
DINOv2,Control,FASHION_CLASS_1024,0.1423732042312622,0.018367528915405273,0.14723855257034302,0.13568270206451416,0.091086745262146,0.35882967710494995,0.22829312086105347,0.4272116422653198,0.2682548761367798,0.0715644359588623,0.27482903003692627,0.11741077899932861,0.04826498031616211,0.5331932902336121,0.1782800555229187,0.22342723608016968,0.09697604179382324,0.2109915018081665,0.4564325213432312,0.14619982242584229,0.046408891677856445,0.17252790927886963,0.03824812173843384,0.3393927812576294,0.14058971405029297,0.49792516231536865,0.11440473794937134,0.15793824195861816,0.5618036985397339,0.11426138877868652,0.15706110000610352,0.05132579803466797,0.2865535616874695,0.44441354274749756,0.22565114498138428,0.5273945927619934,0.4728285074234009,0.19188910722732544,0.4544132947921753,0.16733908653259277,0.04913455247879028,0.026231229305267334,0.03909790515899658,0.5268673896789551,0.18953734636306763,0.5611770153045654,0.19840377569198608,0.3046457767486572,0.6200538277626038,0.32175880670547485,0.2606521248817444,0.12130284309387207,0.03521484136581421,0.18810588121414185,0.19821381568908691,0.3302663564682007,0.041388750076293945,0.42878448963165283,0.5656352043151855,0.1189759373664856,0.04186415672302246,0.020874977111816406,0.04599350690841675,0.3978392481803894,0.04890179634094238,0.1719762086868286,0.11696654558181763,0.19295012950897217,0.6249294281005859,0.04552429914474487,0.29041588306427,0.05831801891326904,0.025350332260131836,0.3408641815185547,0.097281813621521,0.5442293882369995,0.08348703384399414,0.1331322193145752,0.40862220525741577,0.16694575548171997,0.6709815859794617,0.06158137321472168,0.04946601390838623,0.07707905769348145,0.03724658489227295,0.40503180027008057,0.2383241057395935,0.07322454452514648,0.414542019367218,0.0652347207069397,0.21230685710906982,0.03196609020233154,0.05284088850021362,0.5107451677322388,0.06673616170883179,0.22971999645233154,0.47851359844207764,0.147100567817688,0.6811786890029907,0.05193531513214111,1024
DINOv2,Control,FASHION_CLASS_2048,0.0885934829711914,0.024448692798614502,0.23608720302581787,0.05496096611022949,0.052535057067871094,0.3560192584991455,0.30982524156570435,0.1904841661453247,0.14064794778823853,0.46529924869537354,0.22847020626068115,0.054039597511291504,0.044208407402038574,0.4036436676979065,0.03907114267349243,0.21143019199371338,0.0720529556274414,0.2754720449447632,0.1807217001914978,0.1262449026107788,0.02598518133163452,0.0371699333190918,0.06133866310119629,0.21896207332611084,0.03920912742614746,0.27242738008499146,0.27506202459335327,0.07864302396774292,0.6172728538513184,0.12271785736083984,0.0354456901550293,0.06640851497650146,0.11546242237091064,0.454933762550354,0.13093173503875732,0.5145812034606934,0.5050711631774902,0.288455605506897,0.22242283821105957,0.07198762893676758,0.018968939781188965,0.04156416654586792,0.02274489402770996,0.43569642305374146,0.07578051090240479,0.39132457971572876,0.07020407915115356,0.20910751819610596,0.5526458621025085,0.6431740522384644,0.17460447549819946,0.03918391466140747,0.029837727546691895,0.08744049072265625,0.031700968742370605,0.23828434944152832,0.02453923225402832,0.37281864881515503,0.5897361040115356,0.11391341686248779,0.04324662685394287,0.012141644954681396,0.028383731842041016,0.16502046585083008,0.029969751834869385,0.5823450088500977,0.04412245750427246,0.0850529670715332,0.5987631678581238,0.0355381965637207,0.0834660530090332,0.043048739433288574,0.017001986503601074,0.5394738912582397,0.09824174642562866,0.3900796175003052,0.04441255331039429,0.13927221298217773,0.4596472978591919,0.06578004360198975,0.1811215877532959,0.03284430503845215,0.06932985782623291,0.05062776803970337,0.17341935634613037,0.27243560552597046,0.18797093629837036,0.14370590448379517,0.19329142570495605,0.06977224349975586,0.07303625345230103,0.05103188753128052,0.08924031257629395,0.3715711236000061,0.05088263750076294,0.6012202501296997,0.22485315799713135,0.07434868812561035,0.5285128355026245,0.04973477125167847,2048
DINOv2,Control,FASHION_CLASS_4096,0.08849602937698364,0.053098320960998535,0.18893718719482422,0.06975460052490234,0.07435667514801025,0.271218478679657,0.5052293539047241,0.4989107847213745,0.085490882396698,0.4902609586715698,0.1840224266052246,0.05297374725341797,0.1942598819732666,0.26096153259277344,0.022149085998535156,0.09920370578765869,0.18552899360656738,0.2718297839164734,0.12249302864074707,0.1418600082397461,0.07828134298324585,0.02618110179901123,0.05232131481170654,0.13328254222869873,0.03844040632247925,0.2382851243019104,0.24252235889434814,0.21033120155334473,0.48222917318344116,0.3281228542327881,0.019405484199523926,0.10045737028121948,0.09245097637176514,0.4814702272415161,0.14444297552108765,0.48945939540863037,0.20673024654388428,0.19808834791183472,0.5608935356140137,0.0635831356048584,0.15304124355316162,0.12285429239273071,0.024427592754364014,0.4973411560058594,0.1257268190383911,0.31329500675201416,0.07319808006286621,0.0765453577041626,0.4368680715560913,0.6232507824897766,0.3545743227005005,0.12284880876541138,0.054421424865722656,0.10289371013641357,0.040637969970703125,0.3054842948913574,0.03170531988143921,0.3386644124984741,0.534896731376648,0.09116053581237793,0.13274013996124268,0.027833104133605957,0.032853543758392334,0.07325845956802368,0.047919392585754395,0.5370628833770752,0.018753468990325928,0.10929429531097412,0.6543972492218018,0.09406030178070068,0.30963265895843506,0.03300511837005615,0.019110679626464844,0.5125075578689575,0.20226871967315674,0.38100314140319824,0.17065215110778809,0.07490235567092896,0.2947145104408264,0.10638481378555298,0.32386314868927,0.06707525253295898,0.2494000792503357,0.05615401268005371,0.06522393226623535,0.17848050594329834,0.09463399648666382,0.12168049812316895,0.08766031265258789,0.5027469992637634,0.06149697303771973,0.015614151954650879,0.10507512092590332,0.412164568901062,0.05008012056350708,0.6747974753379822,0.34884750843048096,0.03967130184173584,0.577758252620697,0.10115706920623779,4096
DINOv2,Control,FASHION_CLASS_8192,0.07174646854400635,0.055205345153808594,0.17471349239349365,0.07173740863800049,0.04780173301696777,0.16784632205963135,0.5512628555297852,0.43919670581817627,0.11031639575958252,0.44062232971191406,0.16503071784973145,0.0660698413848877,0.07244187593460083,0.41107773780822754,0.01780766248703003,0.10065531730651855,0.2536654472351074,0.32041603326797485,0.15120792388916016,0.2574019432067871,0.16210472583770752,0.018561840057373047,0.022738754749298096,0.10446667671203613,0.02054661512374878,0.27979326248168945,0.4484262466430664,0.03144127130508423,0.41575366258621216,0.437801718711853,0.014372587203979492,0.08410775661468506,0.10860073566436768,0.5025048851966858,0.060708045959472656,0.5130755305290222,0.17597711086273193,0.2014864683151245,0.33547282218933105,0.22176802158355713,0.20774102210998535,0.18956667184829712,0.013662338256835938,0.45926719903945923,0.21875178813934326,0.2132156491279602,0.024932503700256348,0.07862281799316406,0.4920337200164795,0.42850494384765625,0.20126670598983765,0.08770692348480225,0.051348984241485596,0.058698415756225586,0.05418133735656738,0.3328050971031189,0.02102792263031006,0.24931061267852783,0.42728668451309204,0.1772470474243164,0.09648764133453369,0.01867145299911499,0.027794361114501953,0.08147543668746948,0.06965494155883789,0.6210898160934448,0.07417261600494385,0.12416714429855347,0.1626916527748108,0.11797499656677246,0.2025318145751953,0.0327526330947876,0.0169527530670166,0.4088703393936157,0.21221041679382324,0.3311645984649658,0.048165738582611084,0.06310009956359863,0.5340286493301392,0.1811683177947998,0.3080710172653198,0.07079845666885376,0.19195592403411865,0.06660479307174683,0.13285696506500244,0.14907264709472656,0.1704620122909546,0.16456592082977295,0.1349639892578125,0.5479464530944824,0.051464200019836426,0.0131303071975708,0.13382184505462646,0.43172842264175415,0.029570579528808594,0.5453341007232666,0.3345568776130676,0.06212508678436279,0.665501594543457,0.04867351055145264,8192
DINOv2,Control,CELEBA_TEXT_32,0.5779966711997986,0.45983701944351196,0.45655256509780884,0.10174095630645752,0.7710270881652832,0.5587137341499329,0.4052309989929199,0.7551114559173584,0.6120551824569702,0.6598763465881348,0.5973859429359436,0.48214828968048096,0.507089376449585,0.09444737434387207,0.3225560188293457,0.6148003935813904,0.40880465507507324,0.18302130699157715,0.7492133378982544,0.8868842124938965,0.3175947666168213,0.5362495183944702,0.6160033941268921,0.6337164640426636,0.5760203003883362,0.7226309180259705,0.7245367765426636,0.5821210741996765,0.45850276947021484,0.12714296579360962,0.44906389713287354,0.555805504322052,0.5028483867645264,0.48840439319610596,0.5890873670578003,0.40191709995269775,0.5042021870613098,0.15163660049438477,0.8371326327323914,0.5566376447677612,0.6570366621017456,0.5279250741004944,0.737807035446167,0.44246023893356323,0.6399354934692383,0.8316114544868469,0.08121275901794434,0.440008282661438,0.713187575340271,0.3393380045890808,0.6318256258964539,0.6819471120834351,0.6293470859527588,0.5496170520782471,0.6367031931877136,0.6397885084152222,0.7045249342918396,0.6339355707168579,0.7557604908943176,0.5957001447677612,0.3951863646507263,0.34244465827941895,0.720140814781189,0.3553353548049927,0.6351898312568665,0.5277249813079834,0.49506425857543945,0.4943467378616333,0.5234515070915222,0.23344206809997559,0.54704749584198,0.5518661737442017,0.5559911727905273,0.10663354396820068,0.5615906119346619,0.5153462886810303,0.6928969621658325,0.2721574902534485,0.8566505908966064,0.5342196822166443,0.7810313701629639,0.5838794708251953,0.7124032378196716,0.523253858089447,0.5421180129051208,0.27777302265167236,0.26872968673706055,0.46464425325393677,0.7101615071296692,0.799384593963623,0.5245087146759033,0.5319705605506897,0.4723639488220215,0.6289523839950562,0.6705692410469055,0.5236071348190308,0.4787008762359619,0.11022114753723145,0.5471767783164978,0.43727171421051025,712
DINOv2,Control,CELEBA_TEXT_512,0.5062731504440308,0.2602412700653076,0.2803013324737549,0.19507968425750732,0.45127689838409424,0.27611643075942993,0.2370297908782959,0.29019153118133545,0.4279210567474365,0.3981856107711792,0.4650524854660034,0.27017396688461304,0.27800410985946655,0.5777245759963989,0.16341936588287354,0.13164687156677246,0.16810303926467896,0.23686790466308594,0.49969053268432617,0.297194242477417,0.13759303092956543,0.38696348667144775,0.12963372468948364,0.25384819507598877,0.23686295747756958,0.23308581113815308,0.41980278491973877,0.15409809350967407,0.27981817722320557,0.5562652349472046,0.12133955955505371,0.33986812829971313,0.4614475965499878,0.17938804626464844,0.47278016805648804,0.2720510959625244,0.41938501596450806,0.2745257019996643,0.3285379409790039,0.33363211154937744,0.5044710040092468,0.36837857961654663,0.3886810541152954,0.2647135257720947,0.5280228853225708,0.20874446630477905,0.571095883846283,0.19294369220733643,0.5695926547050476,0.14703041315078735,0.4859488010406494,0.26832979917526245,0.6877841353416443,0.21765804290771484,0.5531333684921265,0.3157958388328552,0.7129916548728943,0.3012586236000061,0.536138653755188,0.32833921909332275,0.43103015422821045,0.24378347396850586,0.40548175573349,0.37676048278808594,0.1623079776763916,0.30153965950012207,0.5506569147109985,0.32679641246795654,0.3494361639022827,0.3244732618331909,0.44849926233291626,0.3891255855560303,0.7841498255729675,0.4973680377006531,0.6348581314086914,0.2167460322380066,0.5234664678573608,0.4733281135559082,0.3211137652397156,0.38103020191192627,0.19410669803619385,0.562516450881958,0.8045575618743896,0.30192792415618896,0.3359142541885376,0.47510623931884766,0.4785754084587097,0.19464528560638428,0.5028371810913086,0.2320568561553955,0.6381346583366394,0.27002549171447754,0.7193748950958252,0.1783527135848999,0.5060873627662659,0.40556788444519043,0.6632508635520935,0.4352378845214844,0.6981103420257568,0.30031776428222656,10627
DINOv2,Control,CELEBA_TEXT_8192,0.30962949991226196,0.15204155445098877,0.20821750164031982,0.14829319715499878,0.40646958351135254,0.12179052829742432,0.15420186519622803,0.18204867839813232,0.13868790864944458,0.16004681587219238,0.6649633646011353,0.12842345237731934,0.3471316695213318,0.14801812171936035,0.060636162757873535,0.333540141582489,0.3647425174713135,0.06443345546722412,0.11240756511688232,0.1897525191307068,0.18301427364349365,0.09116697311401367,0.3821091651916504,0.1399824023246765,0.20161157846450806,0.4823716878890991,0.36280137300491333,0.07513183355331421,0.1500871777534485,0.5251269340515137,0.41784119606018066,0.20746970176696777,0.17517012357711792,0.397549569606781,0.07611310482025146,0.04646480083465576,0.14173567295074463,0.13190162181854248,0.392616868019104,0.34934961795806885,0.3228655457496643,0.07850468158721924,0.4427669048309326,0.26990795135498047,0.2914676070213318,0.25967490673065186,0.6420462131500244,0.18092668056488037,0.5335692167282104,0.25435876846313477,0.09570229053497314,0.3085966110229492,0.38139092922210693,0.2761359214782715,0.2142634391784668,0.08627766370773315,0.39535820484161377,0.1388610601425171,0.15087270736694336,0.3447110652923584,0.1478065848350525,0.08470964431762695,0.2308483123779297,0.08693075180053711,0.2792341709136963,0.2352811098098755,0.42780280113220215,0.2086409330368042,0.1622788906097412,0.1661967635154724,0.16521090269088745,0.4183861017227173,0.13034534454345703,0.7091420292854309,0.4446493983268738,0.1184917688369751,0.5264396667480469,0.39011943340301514,0.2711538076400757,0.09956091642379761,0.3462650775909424,0.31482255458831787,0.3597952723503113,0.14432048797607422,0.1473427414894104,0.38005751371383667,0.2782372236251831,0.3263065218925476,0.4158703088760376,0.2823338508605957,0.33698636293411255,0.029648184776306152,0.1727350950241089,0.11737585067749023,0.18067926168441772,0.07511484622955322,0.320497989654541,0.24631857872009277,0.315004825592041,0.3044508695602417,162770
DINOv2,Control,MNIST_RETRAIN_256,0.36505377292633057,0.34284698963165283,0.3592224717140198,0.6579121351242065,0.4515974521636963,0.33545994758605957,0.32344555854797363,0.603594958782196,0.5782631039619446,0.5364528894424438,0.29681283235549927,0.3256804943084717,0.26162779331207275,0.5132938027381897,0.4542847275733948,0.09521818161010742,0.5688033699989319,0.42202335596084595,0.42892032861709595,0.4399617314338684,0.08729887008666992,0.216089129447937,0.4413127899169922,0.6447699069976807,0.6583276987075806,0.16042542457580566,0.22125715017318726,0.5655726194381714,0.42973244190216064,0.4996110796928406,0.19750535488128662,0.3396691679954529,0.5767146944999695,0.18288153409957886,0.28533971309661865,0.54872727394104,0.2642635703086853,0.5078283548355103,0.3830682039260864,0.48640966415405273,0.5640392899513245,0.5120226144790649,0.35737472772598267,0.4798262119293213,0.42228376865386963,0.4425218105316162,0.5772406458854675,0.28293877840042114,0.2794286012649536,0.26604002714157104,0.3830084204673767,0.4720113277435303,0.49015021324157715,0.6237421035766602,0.5077663660049438,0.36528462171554565,0.5064905881881714,0.22294533252716064,0.5181907415390015,0.35304123163223267,0.40285205841064453,0.5271021723747253,0.47874295711517334,0.44813406467437744,0.2017419934272766,0.4560946822166443,0.3646697402000427,0.5099520683288574,0.4745107889175415,0.4547114372253418,0.5329919457435608,0.21004271507263184,0.3864269256591797,0.2278534173965454,0.5138357281684875,0.2557300329208374,0.23603087663650513,0.2221243977546692,0.5129542946815491,0.2560984492301941,0.24197566509246826,0.2422776222229004,0.2547762393951416,0.24830734729766846,0.4347948431968689,0.6365824937820435,0.38537776470184326,0.31577783823013306,0.3951905369758606,0.5487162470817566,0.4588344097137451,0.41083264350891113,0.3264939785003662,0.5285409092903137,0.5683286190032959,0.5280860066413879,0.5356985926628113,0.419203519821167,0.5190377831459045,0.513424813747406,256
DINOv2,Control,MNIST_RETRAIN_1024,0.28272974491119385,0.2706031799316406,0.4730364680290222,0.2639120817184448,0.4908643960952759,0.5119917988777161,0.4941096305847168,0.43162691593170166,0.4058424234390259,0.24672847986221313,0.20975208282470703,0.471468448638916,0.11187058687210083,0.6137248277664185,0.45656418800354004,0.11497873067855835,0.4410666227340698,0.19958758354187012,0.49268919229507446,0.3589773178100586,0.0927966833114624,0.24425679445266724,0.3994368314743042,0.5387659072875977,0.3763597011566162,0.32484233379364014,0.16687119007110596,0.43324172496795654,0.41770923137664795,0.43440085649490356,0.43345415592193604,0.3465132713317871,0.4590983986854553,0.2806607484817505,0.3086329698562622,0.2700408697128296,0.2641933560371399,0.4452754259109497,0.15828800201416016,0.40972816944122314,0.10257852077484131,0.17122912406921387,0.47207581996917725,0.40082740783691406,0.2380208969116211,0.3532238006591797,0.42974191904067993,0.45958417654037476,0.21134108304977417,0.41031062602996826,0.4204833507537842,0.2534604072570801,0.26110947132110596,0.41163069009780884,0.4151430130004883,0.3636903762817383,0.5112037658691406,0.36271917819976807,0.3031347990036011,0.1069486141204834,0.37115389108657837,0.3560747504234314,0.177229642868042,0.36444228887557983,0.287211537361145,0.2877576947212219,0.5047329664230347,0.4201502203941345,0.12642252445220947,0.5554991960525513,0.4578080177307129,0.20391309261322021,0.5109706521034241,0.3503856658935547,0.28406697511672974,0.30026280879974365,0.20815682411193848,0.19025665521621704,0.22844159603118896,0.37026649713516235,0.35297149419784546,0.39798611402511597,0.23180603981018066,0.4456695318222046,0.5029287338256836,0.4263650178909302,0.35313719511032104,0.44311296939849854,0.31172364950180054,0.32500386238098145,0.3560947775840759,0.3604641556739807,0.3871188163757324,0.44300317764282227,0.5781873464584351,0.23740887641906738,0.5227603912353516,0.5091425180435181,0.5271052718162537,0.1668797731399536,1024
DINOv2,Control,FASHION_RETRAIN_256,0.6215229034423828,0.600857675075531,0.5585304498672485,0.4902248978614807,0.6883047223091125,0.5410404801368713,0.5697308778762817,0.6776280403137207,0.5433047413825989,0.2140263319015503,0.2605247497558594,0.5779206156730652,0.8022352457046509,0.7062870860099792,0.615061342716217,0.5922670960426331,0.668936550617218,0.6105732917785645,0.5711939930915833,0.5450189113616943,0.5232020020484924,0.3711567521095276,0.5933630466461182,0.34851497411727905,0.4322735071182251,0.6684578061103821,0.5528022050857544,0.5513635873794556,0.5675772428512573,0.7506380677223206,0.24211031198501587,0.47622668743133545,0.5873484015464783,0.6453847289085388,0.40760481357574463,0.20425939559936523,0.6362475156784058,0.4727243185043335,0.6550633907318115,0.4839475750923157,0.438146710395813,0.5749485492706299,0.36166834831237793,0.689151406288147,0.703571081161499,0.6420323252677917,0.4732537269592285,0.6110299825668335,0.7396398782730103,0.631886899471283,0.6803078651428223,0.6844854354858398,0.5116900205612183,0.4895605444908142,0.49671638011932373,0.3237673044204712,0.6632393598556519,0.36352115869522095,0.6425967216491699,0.6622178554534912,0.5806785821914673,0.46491414308547974,0.5897526144981384,0.37341755628585815,0.48694050312042236,0.3530237078666687,0.4844406843185425,0.5321668982505798,0.6451528668403625,0.6244821548461914,0.679110050201416,0.588225781917572,0.33799898624420166,0.6867939829826355,0.6830328702926636,0.5970510840415955,0.7696191668510437,0.583132266998291,0.7353891134262085,0.47369301319122314,0.22508883476257324,0.6050817966461182,0.6881860494613647,0.6617121696472168,0.6247114539146423,0.6641683578491211,0.27815842628479004,0.7369826436042786,0.6347122192382812,0.5788664221763611,0.7084372043609619,0.5337127447128296,0.44122886657714844,0.5145766139030457,0.39423197507858276,0.2003166675567627,0.4883365035057068,0.6646145582199097,0.5381342172622681,0.7037827372550964,256
DINOv2,Control,FASHION_RETRAIN_1024,0.3884906768798828,0.3844885230064392,0.668440580368042,0.4324953556060791,0.348055899143219,0.10247069597244263,0.5470699071884155,0.5011702179908752,0.1517658233642578,0.038228392601013184,0.5766841173171997,0.5569573640823364,0.22795546054840088,0.6003013849258423,0.7088336944580078,0.11999845504760742,0.3308464288711548,0.7663177251815796,0.4714479446411133,0.6565000414848328,0.583999514579773,0.20695388317108154,0.6908763647079468,0.6442023515701294,0.2737109065055847,0.6634454131126404,0.20794421434402466,0.42763346433639526,0.49870407581329346,0.6410974264144897,0.3027821183204651,0.38782811164855957,0.6469953060150146,0.6665910482406616,0.5291376113891602,0.23921793699264526,0.20971500873565674,0.6290634870529175,0.6580066084861755,0.6039948463439941,0.5744050145149231,0.4254671335220337,0.47307443618774414,0.6958107948303223,0.4947085380554199,0.2836977243423462,0.6101694107055664,0.43986058235168457,0.6863024830818176,0.6064971089363098,0.5862708687782288,0.660912811756134,0.33918869495391846,0.14672768115997314,0.24498140811920166,0.16241824626922607,0.7363600134849548,0.4758991003036499,0.5277625322341919,0.5266619920730591,0.5023014545440674,0.4683433771133423,0.5759339332580566,0.3936893939971924,0.24504315853118896,0.6214539408683777,0.20546883344650269,0.45546549558639526,0.5642598867416382,0.4546318054199219,0.654360830783844,0.28613919019699097,0.41815412044525146,0.6342037916183472,0.1669275164604187,0.6752898693084717,0.5073572993278503,0.48258548974990845,0.24182802438735962,0.2850074768066406,0.06572139263153076,0.6838809847831726,0.554153323173523,0.6237980723381042,0.2824057340621948,0.6122510433197021,0.21448171138763428,0.5018972754478455,0.6042272448539734,0.46191859245300293,0.7469393610954285,0.2341620922088623,0.5671110153198242,0.6932634115219116,0.3543306589126587,0.23312723636627197,0.4730091094970703,0.5575822591781616,0.3623186945915222,0.44113409519195557,1024
DINOv2,Control,CELEBA_EPOCH_512,0.397258996963501,0.6221479177474976,0.5484369993209839,0.7055706977844238,0.34469276666641235,0.5792188048362732,0.7359925508499146,0.48800206184387207,0.05054473876953125,0.5567973852157593,0.6965240836143494,0.16427236795425415,0.38783687353134155,0.579920768737793,0.16282105445861816,0.39953601360321045,0.636485755443573,0.5171889066696167,0.42445629835128784,0.6062028408050537,0.4187750816345215,0.1539573073387146,0.07240581512451172,0.4662187099456787,0.5087117552757263,0.11920702457427979,0.3258456587791443,0.39979612827301025,0.598333477973938,0.6524993181228638,0.5730328559875488,0.5055815577507019,0.050903379917144775,0.39804720878601074,0.5249077081680298,0.2666788101196289,0.2113262414932251,0.28155601024627686,0.4804401397705078,0.351834237575531,0.6564947962760925,0.2798335552215576,0.504581093788147,0.3750459551811218,0.6936721205711365,0.3152414560317993,0.14369094371795654,0.4599653482437134,0.4099833369255066,0.4594062566757202,0.15923595428466797,0.4566357135772705,0.126167893409729,0.2460995316505432,0.43804359436035156,0.250774621963501,0.5883978605270386,0.07876193523406982,0.5967814326286316,0.49402862787246704,0.1519559621810913,0.6349228024482727,0.2766547203063965,0.13440728187561035,0.5215575695037842,0.5531298518180847,0.1135098934173584,0.49399811029434204,0.43597179651260376,0.3445914387702942,0.34384244680404663,0.1259758472442627,0.36501139402389526,0.23575961589813232,0.13180553913116455,0.3755638599395752,0.30851566791534424,0.532279372215271,0.036231040954589844,0.13281142711639404,0.38010865449905396,0.5305471420288086,0.3152938485145569,0.2654140591621399,0.3398864269256592,0.6766986846923828,0.35091954469680786,0.5707615613937378,0.23379331827163696,0.3686925172805786,0.494606077671051,0.5664819478988647,0.13503289222717285,0.16024649143218994,0.6528406739234924,0.08771932125091553,0.4999668598175049,0.1284378170967102,0.08096998929977417,0.3086587190628052,10627
DINOv2,Control,CELEBA_EPOCH_8192,0.48529767990112305,0.33345556259155273,0.07113909721374512,0.25197720527648926,0.2737656235694885,0.6444076895713806,0.6605678796768188,0.0584336519241333,0.01534503698348999,0.5702115893363953,0.3509485721588135,0.5934491157531738,0.1028895378112793,0.35388779640197754,0.19715017080307007,0.07793664932250977,0.27154678106307983,0.08581888675689697,0.3923409581184387,0.16037774085998535,0.2614527940750122,0.07332682609558105,0.6699421405792236,0.12136459350585938,0.051609039306640625,0.3779434561729431,0.4773120880126953,0.022898077964782715,0.0695418119430542,0.17442643642425537,0.372397780418396,0.2758399248123169,0.024803519248962402,0.09176969528198242,0.5319658517837524,0.3312447667121887,0.10718250274658203,0.3091636300086975,0.30254578590393066,0.5431411862373352,0.07698696851730347,0.07741761207580566,0.28299033641815186,0.18062198162078857,0.6476396322250366,0.041681885719299316,0.5901828408241272,0.36446070671081543,0.4585907459259033,0.07063990831375122,0.02408576011657715,0.10319656133651733,0.1602765917778015,0.46569693088531494,0.055493175983428955,0.27728772163391113,0.3447219133377075,0.025786876678466797,0.21297180652618408,0.1328054666519165,0.2265649437904358,0.07920718193054199,0.4856497049331665,0.06933563947677612,0.3930373191833496,0.42104673385620117,0.24991333484649658,0.0954427719116211,0.5590598583221436,0.6004741191864014,0.1881040334701538,0.08228802680969238,0.36910390853881836,0.18160128593444824,0.3378228545188904,0.42502135038375854,0.6779862642288208,0.1885719895362854,0.062171101570129395,0.16280698776245117,0.18708276748657227,0.5616148114204407,0.4263550639152527,0.30287468433380127,0.11641991138458252,0.5256287455558777,0.2733081579208374,0.48685967922210693,0.2330150604248047,0.542846143245697,0.1343989372253418,0.4452441930770874,0.05256986618041992,0.2713623046875,0.2958614230155945,0.03811466693878174,0.16631704568862915,0.08503222465515137,0.14118236303329468,0.5603474974632263,162770
